org.apache.commons.jxpath.ri.model.dynabeans.DynaBeanPropertyPointer,95,0.957
org.apache.commons.jxpath.ri.model.dynabeans.DynaBeanPropertyPointer,104,0.957
org.apache.commons.jxpath.ri.model.dynabeans.DynaBeanPropertyPointer,138,0.957
org.apache.commons.jxpath.ri.model.dynabeans.DynaBeanPropertyPointer,142,0.957
org.apache.commons.jxpath.ri.model.dynabeans.DynaBeanPropertyPointer,42,0.947
org.apache.commons.jxpath.ri.model.dynabeans.DynaBeanPropertyPointer,43,0.947
org.apache.commons.jxpath.ri.model.dynabeans.DynaBeanPropertyPointer,44,0.947
org.apache.commons.jxpath.ri.model.dynabeans.DynaBeanPointer,54,0.947
org.apache.commons.jxpath.ri.model.dynabeans.DynaBeanPointer,39,0.926
org.apache.commons.jxpath.ri.model.dynabeans.DynaBeanPointer,40,0.926
org.apache.commons.jxpath.ri.model.dynabeans.DynaBeanPointer,41,0.926
org.apache.commons.jxpath.ri.model.dynabeans.DynaBeanPointer,42,0.926
org.apache.commons.jxpath.ri.model.dynabeans.DynaBeanPointerFactory,47,0.926
org.apache.commons.jxpath.ri.model.dynabeans.DynaBeanPropertyPointer,111,0.736
org.apache.commons.jxpath.ri.model.dynabeans.DynaBeanPropertyPointer,112,0.736
org.apache.commons.jxpath.ri.model.dynabeans.DynaBeanPropertyPointer,113,0.736
org.apache.commons.jxpath.ri.model.dynabeans.DynaBeanPropertyPointer,192,0.736
org.apache.commons.jxpath.ri.model.dynabeans.DynaBeanPropertyPointer,193,0.736
org.apache.commons.jxpath.ri.model.dynabeans.DynaBeanPropertyPointer,96,0.629
org.apache.commons.jxpath.ri.model.dynabeans.DynaBeanPropertyPointer,97,0.629
org.apache.commons.jxpath.ri.model.dynabeans.DynaBeanPropertyPointer,98,0.629
org.apache.commons.jxpath.ri.model.dynabeans.DynaBeanPropertyPointer,70,0.613
org.apache.commons.jxpath.ri.model.dynabeans.DynaBeanPropertyPointer,71,0.613
org.apache.commons.jxpath.ri.model.dynabeans.DynaBeanPropertyPointer,72,0.613
org.apache.commons.jxpath.ri.model.dynabeans.DynaBeanPropertyPointer,73,0.613
org.apache.commons.jxpath.ri.model.dynabeans.DynaBeanPropertyPointer,74,0.613
org.apache.commons.jxpath.ri.model.dynabeans.DynaBeanPropertyPointer,75,0.613
org.apache.commons.jxpath.ri.model.dynabeans.DynaBeanPropertyPointer,76,0.613
org.apache.commons.jxpath.ri.model.dynabeans.DynaBeanPropertyPointer,78,0.613
org.apache.commons.jxpath.ri.model.dynabeans.DynaBeanPropertyPointer,79,0.613
org.apache.commons.jxpath.ri.model.dynabeans.DynaBeanPropertyPointer,80,0.613
org.apache.commons.jxpath.ri.model.dynabeans.DynaBeanPropertyPointer,81,0.613
org.apache.commons.jxpath.ri.model.dynabeans.DynaBeanPropertyPointer,82,0.613
org.apache.commons.jxpath.ri.model.dynabeans.DynaBeanPropertyPointer,85,0.613
org.apache.commons.jxpath.ri.model.dynabeans.DynaBeanPropertyPointer,87,0.613
org.apache.commons.jxpath.ri.model.dynabeans.DynaBeanPropertyPointer,139,0.612
org.apache.commons.jxpath.ri.model.dynabeans.DynaBeanPropertyPointer,140,0.612
org.apache.commons.jxpath.ri.model.beans.PropertyIterator,298,0.596
org.apache.commons.jxpath.ri.model.beans.PropertyIterator,300,0.596
org.apache.commons.jxpath.JXPathException,88,0.595
org.apache.commons.jxpath.JXPathException,90,0.595
org.apache.commons.jxpath.JXPathException,126,0.595
org.apache.commons.jxpath.JXPathException,91,0.577
org.apache.commons.jxpath.JXPathException,100,0.577
org.apache.commons.jxpath.JXPathException,101,0.577
org.apache.commons.jxpath.ri.model.dynabeans.DynaBeanPointer,80,0.56
org.apache.commons.jxpath.JXPathContext,534,0.547
org.apache.commons.jxpath.JXPathContext,535,0.547
org.apache.commons.jxpath.JXPathException,75,0.516
org.apache.commons.jxpath.JXPathException,76,0.516
org.apache.commons.jxpath.JXPathException,77,0.516
org.apache.commons.jxpath.ri.model.beans.PropertyPointer,38,0.479
org.apache.commons.jxpath.ri.model.beans.PropertyPointer,46,0.479
org.apache.commons.jxpath.ri.model.beans.PropertyPointer,47,0.479
org.apache.commons.jxpath.ri.compiler.LocationPath,76,0.479
org.apache.commons.jxpath.ri.model.beans.PropertyPointer,91,0.479
org.apache.commons.jxpath.ri.model.dynabeans.DynaBeanPointerFactory,46,0.478
org.apache.commons.jxpath.ri.model.container.ContainerPointerFactory,48,0.478
org.apache.commons.jxpath.ri.model.beans.PropertyOwnerPointer,85,0.47
org.apache.commons.jxpath.ri.model.beans.PropertyOwnerPointer,86,0.47
org.apache.commons.jxpath.ri.model.beans.PropertyOwnerPointer,101,0.461
org.apache.commons.jxpath.ri.model.dynabeans.DynaBeanPropertyPointer,47,0.456
org.apache.commons.jxpath.ri.model.jdom.JDOMPointerFactory,44,0.432
org.apache.commons.jxpath.ri.model.container.ContainerPointerFactory,45,0.432
org.apache.commons.jxpath.ri.model.dom.DOMPointerFactory,45,0.432
org.apache.commons.jxpath.ri.model.jdom.JDOMPointerFactory,47,0.432
org.apache.commons.jxpath.ri.model.beans.CollectionPointerFactory,48,0.432
org.apache.commons.jxpath.ri.model.dom.DOMPointerFactory,48,0.432
org.apache.commons.jxpath.ri.model.jdom.JDOMPointerFactory,50,0.432
org.apache.commons.jxpath.ri.model.beans.CollectionPointerFactory,45,0.431
org.apache.commons.jxpath.ri.model.NodePointer,67,0.431
org.apache.commons.jxpath.ri.model.NodePointer,68,0.431
org.apache.commons.jxpath.ri.model.NodePointer,69,0.431
org.apache.commons.jxpath.ri.model.NodePointer,70,0.431
org.apache.commons.jxpath.ri.model.NodePointer,71,0.431
org.apache.commons.jxpath.ri.compiler.LocationPath,36,0.429
org.apache.commons.jxpath.AbstractFactory,32,0.428
org.apache.commons.jxpath.JXPathContext,512,0.428
org.apache.commons.jxpath.JXPathContext,513,0.428
org.apache.commons.jxpath.JXPathContext,403,0.422
org.apache.commons.jxpath.ri.model.NodePointer,187,0.422
org.apache.commons.jxpath.ri.model.NodePointer,634,0.422
org.apache.commons.jxpath.ri.model.NodePointer,635,0.422
org.apache.commons.jxpath.ri.model.NodePointer,638,0.422
org.apache.commons.jxpath.ri.compiler.NodeNameTest,39,0.42
org.apache.commons.jxpath.ri.compiler.Step,41,0.42
org.apache.commons.jxpath.ri.model.NodePointer,106,0.419
org.apache.commons.jxpath.ri.model.NodePointer,107,0.419
org.apache.commons.jxpath.ri.model.NodePointer,108,0.419
org.apache.commons.jxpath.util.ValueUtils,54,0.418
org.apache.commons.jxpath.util.ValueUtils,55,0.418
org.apache.commons.jxpath.util.ValueUtils,58,0.418
org.apache.commons.jxpath.util.ValueUtils,61,0.418
org.apache.commons.jxpath.util.ValueUtils,51,0.417
org.apache.commons.jxpath.ri.JXPathContextReferenceImpl,192,0.417
org.apache.commons.jxpath.util.ValueUtils,496,0.417
org.apache.commons.jxpath.util.ValueUtils,499,0.417
org.apache.commons.jxpath.ri.JXPathContextReferenceImpl,434,0.417
org.apache.commons.jxpath.ri.JXPathContextReferenceImpl,435,0.417
org.apache.commons.jxpath.ri.JXPathContextReferenceImpl,216,0.416
org.apache.commons.jxpath.ri.JXPathContextReferenceImpl,225,0.416
org.apache.commons.jxpath.ri.NamespaceResolver,36,0.414
org.apache.commons.jxpath.ri.JXPathContextFactoryReferenceImpl,39,0.414
org.apache.commons.jxpath.ri.NamespaceResolver,42,0.414
org.apache.commons.jxpath.ri.NamespaceResolver,43,0.414
org.apache.commons.jxpath.ri.NamespaceResolver,44,0.414
org.apache.commons.jxpath.ri.model.NodePointer,45,0.414
org.apache.commons.jxpath.ri.model.NodePointer,47,0.414
org.apache.commons.jxpath.ri.model.NodePointer,60,0.414
org.apache.commons.jxpath.ri.NamespaceResolver,61,0.414
org.apache.commons.jxpath.ri.model.NodePointer,61,0.414
org.apache.commons.jxpath.ri.NamespaceResolver,62,0.414
org.apache.commons.jxpath.ri.model.NodePointer,110,0.414
org.apache.commons.jxpath.ri.model.NodePointer,111,0.414
org.apache.commons.jxpath.ri.model.NodePointer,112,0.414
org.apache.commons.jxpath.ri.model.NodePointer,113,0.414
org.apache.commons.jxpath.ri.JXPathContextReferenceImpl,124,0.414
org.apache.commons.jxpath.ri.JXPathContextReferenceImpl,125,0.414
org.apache.commons.jxpath.ri.JXPathContextReferenceImpl,132,0.414
org.apache.commons.jxpath.ri.JXPathContextReferenceImpl,134,0.414
org.apache.commons.jxpath.ri.JXPathContextReferenceImpl,135,0.414
org.apache.commons.jxpath.ri.JXPathContextReferenceImpl,136,0.414
org.apache.commons.jxpath.ri.JXPathContextReferenceImpl,138,0.414
org.apache.commons.jxpath.ri.JXPathContextReferenceImpl,147,0.414
org.apache.commons.jxpath.ri.JXPathContextReferenceImpl,148,0.414
org.apache.commons.jxpath.ri.JXPathContextReferenceImpl,151,0.414
org.apache.commons.jxpath.ri.JXPathContextReferenceImpl,152,0.414
org.apache.commons.jxpath.ri.JXPathContextReferenceImpl,155,0.414
org.apache.commons.jxpath.ri.JXPathContextReferenceImpl,156,0.414
org.apache.commons.jxpath.ri.JXPathContextReferenceImpl,159,0.414
org.apache.commons.jxpath.ri.JXPathContextReferenceImpl,160,0.414
org.apache.commons.jxpath.ri.JXPathContextReferenceImpl,161,0.414
org.apache.commons.jxpath.ri.JXPathContextReferenceImpl,162,0.414
org.apache.commons.jxpath.ri.JXPathContextReferenceImpl,165,0.414
org.apache.commons.jxpath.ri.JXPathContextReferenceImpl,177,0.414
org.apache.commons.jxpath.JXPathContext,387,0.414
org.apache.commons.jxpath.JXPathContext,388,0.414
org.apache.commons.jxpath.JXPathContext,422,0.414
org.apache.commons.jxpath.JXPathContext,425,0.414
org.apache.commons.jxpath.JXPathContext,432,0.414
org.apache.commons.jxpath.JXPathContext,433,0.414
org.apache.commons.jxpath.JXPathContext,434,0.414
org.apache.commons.jxpath.JXPathContext,435,0.414
org.apache.commons.jxpath.JXPathContext,543,0.414
org.apache.commons.jxpath.JXPathContext,544,0.414
org.apache.commons.jxpath.JXPathContext,548,0.414
org.apache.commons.jxpath.JXPathContext,551,0.414
org.apache.commons.jxpath.ri.axes.InitialContext,52,0.413
org.apache.commons.jxpath.ri.compiler.Step,37,0.411
org.apache.commons.jxpath.ri.compiler.Step,45,0.411
org.apache.commons.jxpath.JXPathTestCase,54,0.408
org.apache.commons.jxpath.JXPathTestCase,55,0.408
org.apache.commons.jxpath.ri.model.dynabeans.DynaBeanPropertyPointer,151,0.408
org.apache.commons.jxpath.ri.model.dynabeans.DynaBeanPropertyPointer,152,0.408
org.apache.commons.jxpath.ri.model.dynabeans.DynaBeanPropertyPointer,157,0.408
org.apache.commons.jxpath.ri.axes.InitialContext,32,0.407
org.apache.commons.jxpath.ri.axes.InitialContext,33,0.407
org.apache.commons.jxpath.ri.axes.RootContext,37,0.407
org.apache.commons.jxpath.ri.axes.InitialContext,38,0.407
org.apache.commons.jxpath.ri.axes.InitialContext,39,0.407
org.apache.commons.jxpath.ri.axes.InitialContext,40,0.407
org.apache.commons.jxpath.ri.axes.InitialContext,41,0.407
org.apache.commons.jxpath.ri.axes.InitialContext,42,0.407
org.apache.commons.jxpath.ri.axes.InitialContext,43,0.407
org.apache.commons.jxpath.ri.axes.InitialContext,45,0.407
org.apache.commons.jxpath.ri.axes.RootContext,45,0.407
org.apache.commons.jxpath.ri.axes.RootContext,46,0.407
org.apache.commons.jxpath.ri.axes.RootContext,47,0.407
org.apache.commons.jxpath.ri.axes.RootContext,48,0.407
org.apache.commons.jxpath.ri.EvalContext,49,0.407
org.apache.commons.jxpath.ri.axes.RootContext,49,0.407
org.apache.commons.jxpath.ri.EvalContext,50,0.407
org.apache.commons.jxpath.ri.EvalContext,51,0.407
org.apache.commons.jxpath.ri.axes.RootContext,51,0.407
org.apache.commons.jxpath.ri.EvalContext,52,0.407
org.apache.commons.jxpath.ri.EvalContext,63,0.407
org.apache.commons.jxpath.ri.EvalContext,64,0.407
org.apache.commons.jxpath.ri.EvalContext,65,0.407
org.apache.commons.jxpath.ri.axes.RootContext,66,0.407
org.apache.commons.jxpath.ri.model.NodePointer,123,0.407
org.apache.commons.jxpath.ri.model.NodePointer,124,0.407
org.apache.commons.jxpath.ri.NamespaceResolver,125,0.407
org.apache.commons.jxpath.ri.NamespaceResolver,126,0.407
org.apache.commons.jxpath.ri.NamespaceResolver,133,0.407
org.apache.commons.jxpath.ri.NamespaceResolver,134,0.407
org.apache.commons.jxpath.ri.NamespaceResolver,137,0.407
org.apache.commons.jxpath.ri.JXPathContextReferenceImpl,603,0.407
org.apache.commons.jxpath.ri.JXPathContextReferenceImpl,611,0.407
org.apache.commons.jxpath.ri.JXPathContextReferenceImpl,612,0.407
org.apache.commons.jxpath.ri.JXPathContextReferenceImpl,686,0.407
org.apache.commons.jxpath.ri.JXPathContextReferenceImpl,687,0.407
org.apache.commons.jxpath.ri.JXPathContextReferenceImpl,688,0.407
org.apache.commons.jxpath.ri.JXPathContextReferenceImpl,692,0.407
org.apache.commons.jxpath.ri.JXPathContextReferenceImpl,695,0.407
org.apache.commons.jxpath.ri.JXPathContextReferenceImpl,699,0.407
org.apache.commons.jxpath.ri.QName,43,0.405
org.apache.commons.jxpath.ri.QName,44,0.405
org.apache.commons.jxpath.ri.QName,45,0.405
org.apache.commons.jxpath.ri.QName,46,0.405
org.apache.commons.jxpath.ri.JXPathContextReferenceImpl,211,0.385
org.apache.commons.jxpath.ri.JXPathContextReferenceImpl,213,0.385
org.apache.commons.jxpath.ri.JXPathContextReferenceImpl,214,0.385
org.apache.commons.jxpath.ri.JXPathContextReferenceImpl,215,0.385
org.apache.commons.jxpath.ri.JXPathContextReferenceImpl,222,0.385
org.apache.commons.jxpath.ri.JXPathContextReferenceImpl,224,0.385
org.apache.commons.jxpath.ri.model.dynabeans.DynaBeanPropertyPointer,158,0.382
org.apache.commons.jxpath.ri.model.dynabeans.DynaBeanPropertyPointer,208,0.382
org.apache.commons.jxpath.ri.model.dynabeans.DynaBeanPropertyPointer,228,0.382
org.apache.commons.jxpath.ri.model.dynabeans.DynaBeanPropertyPointer,229,0.382
org.apache.commons.jxpath.ri.model.dynabeans.DynaBeanPropertyPointer,242,0.382
org.apache.commons.jxpath.ri.model.dynabeans.DynaBeanPropertyPointer,243,0.382
org.apache.commons.jxpath.ri.model.dynabeans.DynaBeanPropertyPointer,244,0.382
org.apache.commons.jxpath.ri.model.dynabeans.DynaBeanPropertyPointer,245,0.382
org.apache.commons.jxpath.ri.model.dynabeans.DynaBeanPropertyPointer,255,0.382
org.apache.commons.jxpath.ri.EvalContext,327,0.36
org.apache.commons.jxpath.ri.model.beans.PropertyPointer,86,0.347
org.apache.commons.jxpath.ri.axes.SimplePathInterpreter,330,0.345
org.apache.commons.jxpath.ri.axes.SimplePathInterpreter,331,0.345
org.apache.commons.jxpath.ri.axes.SimplePathInterpreter,332,0.345
org.apache.commons.jxpath.ri.axes.SimplePathInterpreter,333,0.345
org.apache.commons.jxpath.ri.model.beans.PropertyPointer,82,0.344
org.apache.commons.jxpath.ri.axes.SimplePathInterpreter,325,0.343
org.apache.commons.jxpath.ri.axes.SimplePathInterpreter,326,0.343
org.apache.commons.jxpath.ri.axes.SimplePathInterpreter,335,0.343
org.apache.commons.jxpath.ri.axes.SimplePathInterpreter,322,0.338
org.apache.commons.jxpath.ri.axes.SimplePathInterpreter,323,0.338
org.apache.commons.jxpath.ri.model.beans.PropertyPointer,54,0.335
org.apache.commons.jxpath.ri.model.beans.PropertyPointer,55,0.335
org.apache.commons.jxpath.ri.model.beans.PropertyPointer,56,0.335
org.apache.commons.jxpath.ri.model.beans.PropertyPointer,58,0.335
org.apache.commons.jxpath.ri.model.beans.PropertyIterator,302,0.335
org.apache.commons.jxpath.ri.model.NodePointer,142,0.329
org.apache.commons.jxpath.ri.model.NodePointer,143,0.329
org.apache.commons.jxpath.ri.model.beans.PropertyOwnerPointer,77,0.328
org.apache.commons.jxpath.ri.model.beans.PropertyIterator,31,0.325
org.apache.commons.jxpath.ri.model.beans.PropertyIterator,34,0.325
org.apache.commons.jxpath.ri.model.beans.PropertyIterator,35,0.325
org.apache.commons.jxpath.ri.model.beans.PropertyIterator,36,0.325
org.apache.commons.jxpath.ri.model.beans.PropertyIterator,40,0.325
org.apache.commons.jxpath.ri.model.beans.PropertyIterator,41,0.325
org.apache.commons.jxpath.ri.model.beans.PropertyIterator,48,0.325
org.apache.commons.jxpath.ri.model.beans.PropertyIterator,49,0.325
org.apache.commons.jxpath.ri.model.beans.PropertyIterator,50,0.325
org.apache.commons.jxpath.ri.model.beans.PropertyIterator,51,0.325
org.apache.commons.jxpath.ri.model.beans.PropertyIterator,52,0.325
org.apache.commons.jxpath.ri.model.beans.PropertyIterator,53,0.325
org.apache.commons.jxpath.ri.model.beans.PropertyIterator,54,0.325
org.apache.commons.jxpath.ri.model.beans.PropertyIterator,58,0.325
org.apache.commons.jxpath.ri.model.beans.PropertyIterator,79,0.325
org.apache.commons.jxpath.ri.model.beans.PropertyIterator,127,0.325
org.apache.commons.jxpath.ri.compiler.Path,153,0.319
org.apache.commons.jxpath.ri.model.beans.PropertyOwnerPointer,45,0.317
org.apache.commons.jxpath.ri.compiler.LocationPath,77,0.317
org.apache.commons.jxpath.ri.compiler.LocationPath,83,0.317
org.apache.commons.jxpath.ri.compiler.Path,149,0.317
org.apache.commons.jxpath.ri.model.beans.PropertyOwnerPointer,93,0.314
org.apache.commons.jxpath.ri.model.beans.PropertyOwnerPointer,94,0.314
org.apache.commons.jxpath.ri.model.beans.PropertyOwnerPointer,95,0.314
org.apache.commons.jxpath.ri.model.beans.PropertyOwnerPointer,97,0.314
org.apache.commons.jxpath.ri.compiler.Path,73,0.307
org.apache.commons.jxpath.ri.compiler.Path,84,0.307
org.apache.commons.jxpath.ri.axes.SimplePathInterpreter,78,0.304
org.apache.commons.jxpath.ri.compiler.Path,154,0.304
org.apache.commons.jxpath.ri.compiler.Path,155,0.304
org.apache.commons.jxpath.ri.compiler.LocationPath,81,0.303
org.apache.commons.jxpath.ri.model.beans.PropertyOwnerPointer,48,0.303
org.apache.commons.jxpath.ri.model.NodePointer,270,0.301
org.apache.commons.jxpath.ri.model.NodePointer,271,0.301
org.apache.commons.jxpath.ri.model.NodePointer,636,0.299
org.apache.commons.jxpath.ri.axes.SimplePathInterpreter,125,0.294
org.apache.commons.jxpath.ri.axes.SimplePathInterpreter,127,0.294
org.apache.commons.jxpath.ri.axes.SimplePathInterpreter,738,0.293
org.apache.commons.jxpath.ri.model.beans.PropertyIterator,157,0.292
org.apache.commons.jxpath.ri.model.dynabeans.DynaBeanPropertyPointer,61,0.289
org.apache.commons.jxpath.JXPathTestCase,78,0.289
org.apache.commons.jxpath.JXPathTestCase,84,0.289
org.apache.commons.jxpath.ri.axes.SimplePathInterpreter,115,0.287
org.apache.commons.jxpath.ri.axes.SimplePathInterpreter,119,0.287
org.apache.commons.jxpath.ri.axes.InitialContext,48,0.285
org.apache.commons.jxpath.ri.axes.InitialContext,70,0.283
org.apache.commons.jxpath.ri.axes.InitialContext,79,0.283
org.apache.commons.jxpath.ri.EvalContext,343,0.282
org.apache.commons.jxpath.ri.model.beans.PropertyIterator,149,0.28
org.apache.commons.jxpath.ri.model.beans.PropertyIterator,151,0.28
org.apache.commons.jxpath.ri.model.beans.PropertyIterator,152,0.28
org.apache.commons.jxpath.ri.model.beans.PropertyIterator,153,0.28
org.apache.commons.jxpath.ri.model.beans.PropertyIterator,156,0.28
org.apache.commons.jxpath.ri.EvalContext,338,0.279
org.apache.commons.jxpath.ri.model.beans.PropertyIterator,259,0.278
org.apache.commons.jxpath.ri.model.beans.PropertyIterator,260,0.278
org.apache.commons.jxpath.ri.model.beans.PropertyIterator,264,0.278
org.apache.commons.jxpath.ri.model.beans.PropertyIterator,265,0.278
org.apache.commons.jxpath.ri.QName,60,0.277
org.apache.commons.jxpath.ri.model.beans.PropertyOwnerPointer,49,0.272
org.apache.commons.jxpath.ri.model.beans.PropertyOwnerPointer,50,0.272
org.apache.commons.jxpath.ri.model.beans.PropertyOwnerPointer,52,0.272
org.apache.commons.jxpath.ri.model.beans.PropertyOwnerPointer,55,0.272
org.apache.commons.jxpath.ri.model.beans.PropertyOwnerPointer,59,0.272
org.apache.commons.jxpath.ri.model.beans.PropertyOwnerPointer,61,0.272
org.apache.commons.jxpath.ri.model.NodePointer,568,0.272
org.apache.commons.jxpath.ri.model.NodePointer,569,0.272
org.apache.commons.jxpath.ri.QName,57,0.272
org.apache.commons.jxpath.ri.model.beans.PropertyIterator,128,0.27
org.apache.commons.jxpath.ri.model.beans.PropertyIterator,136,0.27
org.apache.commons.jxpath.ri.model.beans.PropertyIterator,137,0.27
org.apache.commons.jxpath.ri.model.beans.PropertyIterator,141,0.27
org.apache.commons.jxpath.ri.model.beans.PropertyIterator,142,0.27
org.apache.commons.jxpath.ri.model.beans.PropertyIterator,145,0.27
org.apache.commons.jxpath.ri.model.beans.PropertyIterator,258,0.27
org.apache.commons.jxpath.ri.model.beans.PropertyIterator,246,0.268
org.apache.commons.jxpath.ri.model.beans.PropertyIterator,247,0.268
org.apache.commons.jxpath.ri.model.beans.PropertyIterator,249,0.268
org.apache.commons.jxpath.ri.model.beans.PropertyIterator,250,0.268
org.apache.commons.jxpath.ri.model.beans.PropertyIterator,251,0.268
org.apache.commons.jxpath.ri.model.beans.PropertyIterator,254,0.268
org.apache.commons.jxpath.ri.model.beans.PropertyIterator,257,0.268
org.apache.commons.jxpath.ri.model.beans.PropertyIterator,288,0.268
org.apache.commons.jxpath.ri.axes.SimplePathInterpreter,143,0.265
org.apache.commons.jxpath.ri.axes.SimplePathInterpreter,188,0.265
org.apache.commons.jxpath.ri.axes.SimplePathInterpreter,189,0.265
org.apache.commons.jxpath.ri.axes.SimplePathInterpreter,190,0.265
org.apache.commons.jxpath.ri.EvalContext,332,0.265
org.apache.commons.jxpath.ri.model.NodePointer,239,0.263
org.apache.commons.jxpath.ri.model.NodePointer,240,0.263
org.apache.commons.jxpath.ri.model.NodePointer,243,0.263
org.apache.commons.jxpath.ri.model.NodePointer,253,0.263
org.apache.commons.jxpath.ri.EvalContext,110,0.258
org.apache.commons.jxpath.ri.EvalContext,114,0.258
org.apache.commons.jxpath.ri.JXPathContextReferenceImpl,426,0.251
org.apache.commons.jxpath.ri.JXPathContextReferenceImpl,432,0.251
org.apache.commons.jxpath.ri.model.dynabeans.DynaBeanPropertyPointer,120,0.25
org.apache.commons.jxpath.ri.model.dynabeans.DynaBeanPropertyPointer,130,0.25
org.apache.commons.jxpath.JXPathTestCase,158,0.25
org.apache.commons.jxpath.ri.JXPathContextReferenceImpl,561,0.25
org.apache.commons.jxpath.ri.JXPathContextReferenceImpl,562,0.25
org.apache.commons.jxpath.ri.axes.InitialContext,60,0.248
org.apache.commons.jxpath.ri.axes.InitialContext,64,0.248
org.apache.commons.jxpath.ri.axes.InitialContext,65,0.248
org.apache.commons.jxpath.ri.axes.InitialContext,66,0.248
org.apache.commons.jxpath.ri.axes.InitialContext,67,0.248
org.apache.commons.jxpath.ri.axes.InitialContext,68,0.248
org.apache.commons.jxpath.ri.axes.InitialContext,78,0.248
org.apache.commons.jxpath.ri.axes.InitialContext,81,0.248
org.apache.commons.jxpath.ri.axes.InitialContext,82,0.248
org.apache.commons.jxpath.ri.EvalContext,283,0.247
org.apache.commons.jxpath.ri.EvalContext,284,0.247
org.apache.commons.jxpath.ri.EvalContext,315,0.247
org.apache.commons.jxpath.ri.EvalContext,320,0.247
org.apache.commons.jxpath.ri.EvalContext,321,0.247
org.apache.commons.jxpath.ri.EvalContext,322,0.247
org.apache.commons.jxpath.ri.EvalContext,323,0.247
org.apache.commons.jxpath.ri.EvalContext,324,0.247
org.apache.commons.jxpath.ri.compiler.Path,228,0.244
org.apache.commons.jxpath.ri.compiler.Path,231,0.244
org.apache.commons.jxpath.ri.compiler.Path,234,0.244
org.apache.commons.jxpath.ri.compiler.Path,235,0.244
org.apache.commons.jxpath.ri.compiler.Path,236,0.244
org.apache.commons.jxpath.ri.compiler.Path,238,0.244
org.apache.commons.jxpath.ri.compiler.Path,239,0.244
org.apache.commons.jxpath.ri.compiler.Path,240,0.244
org.apache.commons.jxpath.ri.compiler.Path,241,0.244
org.apache.commons.jxpath.ri.compiler.Path,242,0.244
org.apache.commons.jxpath.ri.compiler.Path,250,0.244
org.apache.commons.jxpath.ri.compiler.Path,262,0.244
org.apache.commons.jxpath.ri.compiler.Path,273,0.244
org.apache.commons.jxpath.ri.axes.SimplePathInterpreter,202,0.244
org.apache.commons.jxpath.ri.JXPathContextReferenceImpl,495,0.243
org.apache.commons.jxpath.ri.axes.SimplePathInterpreter,142,0.242
org.apache.commons.jxpath.ri.model.NodePointer,191,0.239
org.apache.commons.jxpath.ri.model.NodePointer,192,0.239
org.apache.commons.jxpath.ri.model.beans.PropertyPointer,105,0.237
org.apache.commons.jxpath.ri.compiler.Path,263,0.232
org.apache.commons.jxpath.ri.compiler.Path,264,0.232
org.apache.commons.jxpath.ri.compiler.Path,265,0.232
org.apache.commons.jxpath.ri.compiler.Path,267,0.232
org.apache.commons.jxpath.ri.compiler.Path,268,0.232
org.apache.commons.jxpath.ri.EvalContext,89,0.231
org.apache.commons.jxpath.ri.EvalContext,103,0.231
org.apache.commons.jxpath.ri.EvalContext,155,0.231
org.apache.commons.jxpath.ri.EvalContext,156,0.231
org.apache.commons.jxpath.ri.EvalContext,160,0.231
org.apache.commons.jxpath.ri.EvalContext,167,0.231
org.apache.commons.jxpath.ri.EvalContext,168,0.231
org.apache.commons.jxpath.ri.compiler.LocationPath,64,0.229
org.apache.commons.jxpath.ri.compiler.LocationPath,70,0.229
org.apache.commons.jxpath.ri.QName,49,0.228
org.apache.commons.jxpath.ri.axes.SimplePathInterpreter,200,0.227
org.apache.commons.jxpath.ri.EvalContext,287,0.225
org.apache.commons.jxpath.ri.EvalContext,359,0.225
org.apache.commons.jxpath.ri.EvalContext,360,0.225
org.apache.commons.jxpath.ri.axes.SimplePathInterpreter,192,0.225
org.apache.commons.jxpath.util.BasicTypeConverter,180,0.224
org.apache.commons.jxpath.ri.compiler.Path,220,0.223
org.apache.commons.jxpath.ri.axes.RootContext,58,0.222
org.apache.commons.jxpath.ri.EvalContext,273,0.222
org.apache.commons.jxpath.ri.EvalContext,274,0.222
org.apache.commons.jxpath.ri.EvalContext,276,0.222
org.apache.commons.jxpath.ri.model.beans.PropertyIterator,261,0.22
org.apache.commons.jxpath.ri.model.beans.PropertyIterator,262,0.22
org.apache.commons.jxpath.util.BasicTypeConverter,177,0.217
org.apache.commons.jxpath.ri.EvalContext,118,0.216
org.apache.commons.jxpath.ri.EvalContext,119,0.216
org.apache.commons.jxpath.ri.EvalContext,121,0.216
org.apache.commons.jxpath.ri.axes.ChildContext,90,0.215
org.apache.commons.jxpath.ri.axes.ChildContext,99,0.215
org.apache.commons.jxpath.ri.axes.ChildContext,100,0.215
org.apache.commons.jxpath.ri.axes.ChildContext,101,0.215
org.apache.commons.jxpath.ri.axes.ChildContext,102,0.215
org.apache.commons.jxpath.ri.axes.ChildContext,104,0.215
org.apache.commons.jxpath.ri.axes.ChildContext,107,0.215
org.apache.commons.jxpath.ri.axes.SimplePathInterpreter,128,0.215
org.apache.commons.jxpath.ri.axes.SimplePathInterpreter,141,0.215
org.apache.commons.jxpath.ri.axes.ChildContext,44,0.212
org.apache.commons.jxpath.ri.axes.ChildContext,45,0.212
org.apache.commons.jxpath.ri.axes.ChildContext,46,0.212
org.apache.commons.jxpath.ri.axes.ChildContext,47,0.212
org.apache.commons.jxpath.ri.axes.ChildContext,48,0.212
org.apache.commons.jxpath.ri.axes.ChildContext,94,0.212
org.apache.commons.jxpath.ri.axes.ChildContext,95,0.212
org.apache.commons.jxpath.ri.axes.ChildContext,96,0.212
org.apache.commons.jxpath.ri.axes.ChildContext,114,0.212
org.apache.commons.jxpath.ri.axes.ChildContext,115,0.212
org.apache.commons.jxpath.ri.axes.ChildContext,118,0.212
org.apache.commons.jxpath.ri.axes.ChildContext,123,0.212
org.apache.commons.jxpath.ri.axes.ChildContext,125,0.212
org.apache.commons.jxpath.ri.compiler.Path,281,0.212
org.apache.commons.jxpath.ri.EvalContext,100,0.21
org.apache.commons.jxpath.ri.EvalContext,192,0.208
org.apache.commons.jxpath.ri.axes.RootContext,54,0.207
org.apache.commons.jxpath.ri.EvalContext,72,0.207
org.apache.commons.jxpath.JXPathContext,595,0.205
org.apache.commons.jxpath.JXPathContext,596,0.205
org.apache.commons.jxpath.JXPathContext,597,0.205
org.apache.commons.jxpath.ri.model.dynabeans.DynaBeanPointer,84,0.204
org.apache.commons.jxpath.JXPathTestCase,108,0.204
org.apache.commons.jxpath.JXPathException,109,0.204
org.apache.commons.jxpath.xml.DocumentContainer,159,0.204
org.apache.commons.jxpath.xml.DocumentContainer,160,0.204
org.apache.commons.jxpath.xml.DocumentContainer,164,0.204
org.apache.commons.jxpath.xml.DocumentContainer,165,0.204
org.apache.commons.jxpath.util.BasicTypeConverter,167,0.204
org.apache.commons.jxpath.xml.DocumentContainer,170,0.204
org.apache.commons.jxpath.xml.DocumentContainer,171,0.204
org.apache.commons.jxpath.JXPathTestCase,224,0.204
org.apache.commons.jxpath.ri.JXPathContextReferenceImpl,482,0.204
org.apache.commons.jxpath.ri.JXPathContextReferenceImpl,483,0.204
org.apache.commons.jxpath.ri.QName,53,0.203
org.apache.commons.jxpath.ri.EvalContext,86,0.203
org.apache.commons.jxpath.ri.axes.SimplePathInterpreter,80,0.19
org.apache.commons.jxpath.ri.JXPathContextReferenceImpl,517,0.184
org.apache.commons.jxpath.ri.compiler.NodeNameTest,47,0.183
org.apache.commons.jxpath.ri.JXPathContextReferenceImpl,593,0.183
org.apache.commons.jxpath.ri.compiler.CoreFunction,219,0.179
org.apache.commons.jxpath.ri.compiler.CoreFunction,302,0.179
org.apache.commons.jxpath.ri.compiler.CoreFunction,303,0.179
org.apache.commons.jxpath.ri.compiler.CoreFunction,304,0.179
org.apache.commons.jxpath.ri.compiler.CoreFunction,305,0.179
org.apache.commons.jxpath.ri.compiler.CoreFunction,306,0.179
org.apache.commons.jxpath.ri.compiler.CoreFunction,309,0.179
org.apache.commons.jxpath.ri.compiler.CoreFunction,310,0.179
org.apache.commons.jxpath.ri.compiler.CoreFunction,311,0.179
org.apache.commons.jxpath.ri.compiler.CoreFunction,315,0.179
org.apache.commons.jxpath.ri.compiler.CoreFunction,325,0.179
org.apache.commons.jxpath.ri.compiler.CoreFunction,119,0.178
org.apache.commons.jxpath.ri.compiler.CoreFunction,134,0.178
org.apache.commons.jxpath.ri.EvalContext,161,0.178
org.apache.commons.jxpath.ri.axes.RootContext,62,0.172
org.apache.commons.jxpath.ri.JXPathContextReferenceImpl,607,0.172
org.apache.commons.jxpath.ri.JXPathContextReferenceImpl,616,0.172
org.apache.commons.jxpath.ri.JXPathContextReferenceImpl,617,0.172
org.apache.commons.jxpath.ri.compiler.CoreFunction,689,0.172
org.apache.commons.jxpath.ri.compiler.CoreFunction,693,0.172
org.apache.commons.jxpath.ri.compiler.CoreFunction,131,0.171
org.apache.commons.jxpath.ri.compiler.CoreFunction,213,0.171
org.apache.commons.jxpath.ri.JXPathContextReferenceImpl,496,0.168
org.apache.commons.jxpath.ri.JXPathContextReferenceImpl,498,0.168
org.apache.commons.jxpath.ri.compiler.Path,201,0.167
org.apache.commons.jxpath.ri.compiler.Path,212,0.167
org.apache.commons.jxpath.ri.compiler.LocationPath,68,0.166
org.apache.commons.jxpath.ri.axes.SimplePathInterpreter,310,0.166
org.apache.commons.jxpath.ri.axes.SimplePathInterpreter,150,0.165
org.apache.commons.jxpath.ri.axes.SimplePathInterpreter,295,0.165
org.apache.commons.jxpath.ri.axes.SimplePathInterpreter,296,0.165
org.apache.commons.jxpath.ri.axes.SimplePathInterpreter,298,0.165
org.apache.commons.jxpath.ri.axes.SimplePathInterpreter,299,0.165
org.apache.commons.jxpath.ri.axes.SimplePathInterpreter,300,0.165
org.apache.commons.jxpath.ri.compiler.Path,195,0.164
org.apache.commons.jxpath.ri.compiler.Path,196,0.164
org.apache.commons.jxpath.ri.JXPathContextReferenceImpl,290,0.162
org.apache.commons.jxpath.ri.JXPathContextReferenceImpl,257,0.161
org.apache.commons.jxpath.ri.JXPathContextReferenceImpl,324,0.161
org.apache.commons.jxpath.ri.compiler.LocationPath,65,0.161
org.apache.commons.jxpath.ri.compiler.Path,191,0.154
org.apache.commons.jxpath.ri.JXPathContextReferenceImpl,499,0.154
org.apache.commons.jxpath.ri.parser.XPathParserTokenManager,8,0.144
org.apache.commons.jxpath.ri.parser.SimpleCharStream,15,0.144
org.apache.commons.jxpath.ri.parser.SimpleCharStream,19,0.144
org.apache.commons.jxpath.ri.parser.SimpleCharStream,20,0.144
org.apache.commons.jxpath.ri.parser.SimpleCharStream,22,0.144
org.apache.commons.jxpath.ri.parser.SimpleCharStream,23,0.144
org.apache.commons.jxpath.ri.parser.SimpleCharStream,28,0.144
org.apache.commons.jxpath.ri.parser.SimpleCharStream,29,0.144
org.apache.commons.jxpath.xml.JDOMParser,30,0.144
org.apache.commons.jxpath.ri.JXPathContextFactoryReferenceImpl,31,0.144
org.apache.commons.jxpath.xml.DOMParser,31,0.144
org.apache.commons.jxpath.ri.JXPathContextFactoryReferenceImpl,32,0.144
org.apache.commons.jxpath.ri.model.beans.CollectionPointerFactory,32,0.144
org.apache.commons.jxpath.ri.model.container.ContainerPointerFactory,32,0.144
org.apache.commons.jxpath.ri.model.dom.DOMPointerFactory,32,0.144
org.apache.commons.jxpath.ri.model.beans.BeanPointerFactory,33,0.144
org.apache.commons.jxpath.ri.model.jdom.JDOMPointerFactory,33,0.144
org.apache.commons.jxpath.ri.model.dynabeans.DynaBeanPointerFactory,35,0.144
org.apache.commons.jxpath.ri.model.dynamic.DynamicPointerFactory,36,0.144
org.apache.commons.jxpath.ri.model.beans.CollectionPointerFactory,37,0.144
org.apache.commons.jxpath.ri.model.container.ContainerPointerFactory,37,0.144
org.apache.commons.jxpath.ri.model.dom.DOMPointerFactory,37,0.144
org.apache.commons.jxpath.ri.model.beans.BeanPointerFactory,38,0.144
org.apache.commons.jxpath.ri.model.jdom.JDOMPointerFactory,38,0.144
org.apache.commons.jxpath.ri.model.dynabeans.DynaBeanPointerFactory,40,0.144
org.apache.commons.jxpath.ri.model.dynamic.DynamicPointerFactory,41,0.144
org.apache.commons.jxpath.ri.EvalContext,57,0.144
org.apache.commons.jxpath.JXPathContextFactory,58,0.144
org.apache.commons.jxpath.ri.axes.PrecedingOrFollowingContext,58,0.144
org.apache.commons.jxpath.ri.model.dynabeans.DynaBeanPointer,58,0.144
org.apache.commons.jxpath.JXPathContextFactory,60,0.144
org.apache.commons.jxpath.ri.model.jdom.JDOMAttributePointer,69,0.144
org.apache.commons.jxpath.ri.model.BeanModelTestCase,71,0.144
org.apache.commons.jxpath.ri.model.dom.DOMAttributePointer,79,0.144
org.apache.commons.jxpath.JXPathTestCase,93,0.144
org.apache.commons.jxpath.JXPathContextFactory,98,0.144
org.apache.commons.jxpath.JXPathContextFactory,99,0.144
org.apache.commons.jxpath.JXPathContextFactory,100,0.144
org.apache.commons.jxpath.JXPathContextFactory,105,0.144
org.apache.commons.jxpath.JXPathContextFactory,106,0.144
org.apache.commons.jxpath.JXPathContextFactory,116,0.144
org.apache.commons.jxpath.JXPathContextFactory,117,0.144
org.apache.commons.jxpath.ri.model.BeanModelTestCase,117,0.144
org.apache.commons.jxpath.ri.model.dynabeans.DynaBeanPropertyPointer,121,0.144
org.apache.commons.jxpath.ri.model.dynabeans.DynaBeanPropertyPointer,122,0.144
org.apache.commons.jxpath.ri.model.dynabeans.DynaBeanPropertyPointer,123,0.144
org.apache.commons.jxpath.ri.model.dynabeans.DynaBeanPropertyPointer,124,0.144
org.apache.commons.jxpath.ri.model.dynabeans.DynaBeanPropertyPointer,125,0.144
org.apache.commons.jxpath.ri.model.dynabeans.DynaBeanPropertyPointer,126,0.144
org.apache.commons.jxpath.ri.model.BeanModelTestCase,134,0.144
org.apache.commons.jxpath.PackageFunctions,135,0.144
org.apache.commons.jxpath.PackageFunctions,139,0.144
org.apache.commons.jxpath.PackageFunctions,140,0.144
org.apache.commons.jxpath.PackageFunctions,141,0.144
org.apache.commons.jxpath.PackageFunctions,144,0.144
org.apache.commons.jxpath.ri.EvalContext,144,0.144
org.apache.commons.jxpath.PackageFunctions,148,0.144
org.apache.commons.jxpath.JXPathContextFactory,160,0.144
org.apache.commons.jxpath.ri.model.dynabeans.DynaBeanPropertyPointer,160,0.144
org.apache.commons.jxpath.JXPathContextFactory,161,0.144
org.apache.commons.jxpath.PackageFunctions,161,0.144
org.apache.commons.jxpath.PackageFunctions,162,0.144
org.apache.commons.jxpath.PackageFunctions,163,0.144
org.apache.commons.jxpath.PackageFunctions,164,0.144
org.apache.commons.jxpath.ri.JXPathContextReferenceImpl,166,0.144
org.apache.commons.jxpath.PackageFunctions,167,0.144
org.apache.commons.jxpath.ri.JXPathContextReferenceImpl,168,0.144
org.apache.commons.jxpath.ri.JXPathContextReferenceImpl,169,0.144
org.apache.commons.jxpath.ri.JXPathContextReferenceImpl,169,0.144
org.apache.commons.jxpath.ri.JXPathContextReferenceImpl,171,0.144
org.apache.commons.jxpath.ri.model.dynabeans.DynaBeanPropertyPointer,171,0.144
org.apache.commons.jxpath.JXPathContextFactory,172,0.144
org.apache.commons.jxpath.ri.JXPathContextReferenceImpl,172,0.144
org.apache.commons.jxpath.ri.model.dynabeans.DynaBeanPropertyPointer,172,0.144
org.apache.commons.jxpath.ri.JXPathContextReferenceImpl,173,0.144
org.apache.commons.jxpath.ri.model.BeanModelTestCase,174,0.144
org.apache.commons.jxpath.JXPathContextFactory,176,0.144
org.apache.commons.jxpath.JXPathContextFactory,177,0.144
org.apache.commons.jxpath.JXPathContextFactory,183,0.144
org.apache.commons.jxpath.JXPathContextFactory,184,0.144
org.apache.commons.jxpath.JXPathTestCase,191,0.144
org.apache.commons.jxpath.ri.compiler.Path,197,0.144
org.apache.commons.jxpath.ri.model.dynabeans.DynaBeanPropertyPointer,197,0.144
org.apache.commons.jxpath.ri.compiler.Path,198,0.144
org.apache.commons.jxpath.ri.model.dynabeans.DynaBeanPropertyPointer,198,0.144
org.apache.commons.jxpath.ri.model.dynabeans.DynaBeanPropertyPointer,199,0.144
org.apache.commons.jxpath.JXPathContextFactory,201,0.144
org.apache.commons.jxpath.PackageFunctions,201,0.144
org.apache.commons.jxpath.PackageFunctions,202,0.144
org.apache.commons.jxpath.JXPathContextFactory,203,0.144
org.apache.commons.jxpath.ri.model.BeanModelTestCase,204,0.144
org.apache.commons.jxpath.JXPathContextFactory,206,0.144
org.apache.commons.jxpath.PackageFunctions,206,0.144
org.apache.commons.jxpath.JXPathContextFactory,207,0.144
org.apache.commons.jxpath.PackageFunctions,207,0.144
org.apache.commons.jxpath.JXPathContextFactory,208,0.144
org.apache.commons.jxpath.JXPathContextFactory,212,0.144
org.apache.commons.jxpath.ri.model.dynabeans.DynaBeanPropertyPointer,212,0.144
org.apache.commons.jxpath.ri.model.dynabeans.DynaBeanPropertyPointer,213,0.144
org.apache.commons.jxpath.JXPathContextFactory,215,0.144
org.apache.commons.jxpath.ri.model.BeanModelTestCase,219,0.144
org.apache.commons.jxpath.ri.parser.SimpleCharStream,234,0.144
org.apache.commons.jxpath.JXPathContextFactory,238,0.144
org.apache.commons.jxpath.ri.parser.SimpleCharStream,239,0.144
org.apache.commons.jxpath.JXPathContextFactory,240,0.144
org.apache.commons.jxpath.ri.parser.SimpleCharStream,240,0.144
org.apache.commons.jxpath.ri.parser.SimpleCharStream,241,0.144
org.apache.commons.jxpath.ri.parser.SimpleCharStream,242,0.144
org.apache.commons.jxpath.ri.parser.SimpleCharStream,244,0.144
org.apache.commons.jxpath.ri.parser.SimpleCharStream,245,0.144
org.apache.commons.jxpath.ri.model.BeanModelTestCase,246,0.144
org.apache.commons.jxpath.ri.parser.SimpleCharStream,246,0.144
org.apache.commons.jxpath.ri.parser.SimpleCharStream,247,0.144
org.apache.commons.jxpath.ri.parser.SimpleCharStream,248,0.144
org.apache.commons.jxpath.ri.parser.SimpleCharStream,253,0.144
org.apache.commons.jxpath.ri.parser.SimpleCharStream,254,0.144
org.apache.commons.jxpath.ri.model.BeanModelTestCase,258,0.144
org.apache.commons.jxpath.ri.model.BeanModelTestCase,296,0.144
org.apache.commons.jxpath.ri.model.BeanModelTestCase,310,0.144
org.apache.commons.jxpath.ri.model.BeanModelTestCase,333,0.144
org.apache.commons.jxpath.ri.model.BeanModelTestCase,344,0.144
org.apache.commons.jxpath.ri.model.BeanModelTestCase,366,0.144
org.apache.commons.jxpath.ri.model.BeanModelTestCase,398,0.144
org.apache.commons.jxpath.ri.model.BeanModelTestCase,408,0.144
org.apache.commons.jxpath.ri.JXPathContextReferenceImpl,421,0.144
org.apache.commons.jxpath.JXPathContext,423,0.144
org.apache.commons.jxpath.ri.model.BeanModelTestCase,455,0.144
org.apache.commons.jxpath.ri.model.BeanModelTestCase,468,0.144
org.apache.commons.jxpath.ri.model.BeanModelTestCase,503,0.144
org.apache.commons.jxpath.ri.JXPathContextReferenceImpl,506,0.144
org.apache.commons.jxpath.ri.JXPathContextReferenceImpl,511,0.144
org.apache.commons.jxpath.ri.model.BeanModelTestCase,517,0.144
org.apache.commons.jxpath.ri.model.BeanModelTestCase,530,0.144
org.apache.commons.jxpath.ri.model.BeanModelTestCase,555,0.144
org.apache.commons.jxpath.ri.model.BeanModelTestCase,584,0.144
org.apache.commons.jxpath.ri.model.BeanModelTestCase,595,0.144
org.apache.commons.jxpath.ri.model.BeanModelTestCase,616,0.144
org.apache.commons.jxpath.ri.model.BeanModelTestCase,651,0.144
org.apache.commons.jxpath.ri.JXPathContextReferenceImpl,716,0.144
org.apache.commons.jxpath.ri.JXPathContextReferenceImpl,720,0.144
org.apache.commons.jxpath.ri.model.BeanModelTestCase,721,0.144
org.apache.commons.jxpath.ri.JXPathContextReferenceImpl,722,0.144
org.apache.commons.jxpath.ri.JXPathContextReferenceImpl,723,0.144
org.apache.commons.jxpath.ri.model.BeanModelTestCase,738,0.144
org.apache.commons.jxpath.ri.model.BeanModelTestCase,752,0.144
org.apache.commons.jxpath.ri.model.BeanModelTestCase,764,0.144
org.apache.commons.jxpath.ri.model.BeanModelTestCase,779,0.144
org.apache.commons.jxpath.ri.model.BeanModelTestCase,791,0.144
org.apache.commons.jxpath.ri.model.BeanModelTestCase,816,0.144
org.apache.commons.jxpath.ri.model.BeanModelTestCase,827,0.144
org.apache.commons.jxpath.ri.model.BeanModelTestCase,839,0.144
org.apache.commons.jxpath.ri.model.BeanModelTestCase,853,0.144
org.apache.commons.jxpath.ri.model.BeanModelTestCase,862,0.144
org.apache.commons.jxpath.ri.model.BeanModelTestCase,871,0.144
org.apache.commons.jxpath.ri.model.BeanModelTestCase,879,0.144
org.apache.commons.jxpath.ri.model.BeanModelTestCase,891,0.144
org.apache.commons.jxpath.ri.model.BeanModelTestCase,904,0.144
org.apache.commons.jxpath.ri.model.BeanModelTestCase,913,0.144
org.apache.commons.jxpath.ri.model.BeanModelTestCase,921,0.144
org.apache.commons.jxpath.ri.model.BeanModelTestCase,930,0.144
org.apache.commons.jxpath.ri.model.BeanModelTestCase,940,0.144
org.apache.commons.jxpath.ri.model.BeanModelTestCase,950,0.144
org.apache.commons.jxpath.ri.model.BeanModelTestCase,961,0.144
org.apache.commons.jxpath.ri.parser.XPathParserTokenManager,1748,0.144
org.apache.commons.jxpath.ri.parser.XPathParserTokenManager,1749,0.144
org.apache.commons.jxpath.ri.parser.XPathParserTokenManager,1752,0.144
org.apache.commons.jxpath.ri.parser.XPathParserTokenManager,1755,0.144
org.apache.commons.jxpath.ri.parser.XPathParserTokenManager,1756,0.144
org.apache.commons.jxpath.ri.parser.XPathParserTokenManager,1802,0.144
org.apache.commons.jxpath.ri.parser.XPathParserTokenManager,1803,0.144
org.apache.commons.jxpath.ri.parser.XPathParser,3513,0.144
org.apache.commons.jxpath.ri.parser.XPathParser,3516,0.144
org.apache.commons.jxpath.ri.parser.XPathParser,3526,0.144
org.apache.commons.jxpath.ri.parser.XPathParser,3527,0.144
org.apache.commons.jxpath.ri.parser.XPathParser,3529,0.144
org.apache.commons.jxpath.ri.parser.XPathParser,3530,0.144
org.apache.commons.jxpath.ri.parser.XPathParser,3532,0.144
org.apache.commons.jxpath.ri.parser.XPathParser,3533,0.144
org.apache.commons.jxpath.ri.parser.XPathParser,3534,0.144
org.apache.commons.jxpath.ri.parser.XPathParser,3535,0.144
org.apache.commons.jxpath.ri.parser.XPathParser,3536,0.144
org.apache.commons.jxpath.ri.parser.XPathParser,3558,0.144
org.apache.commons.jxpath.ri.parser.XPathParser,3559,0.144
org.apache.commons.jxpath.ri.parser.XPathParser,3560,0.144
org.apache.commons.jxpath.ri.parser.XPathParser,3561,0.144
org.apache.commons.jxpath.ri.parser.XPathParser,3562,0.144
org.apache.commons.jxpath.ri.parser.XPathParser,3563,0.144
org.apache.commons.jxpath.ri.parser.XPathParser,3564,0.144
org.apache.commons.jxpath.ri.parser.XPathParser,3565,0.144
org.apache.commons.jxpath.ri.parser.XPathParser,3566,0.144
org.apache.commons.jxpath.ri.parser.XPathParser,3655,0.144
org.apache.commons.jxpath.ri.parser.XPathParser,3657,0.144
org.apache.commons.jxpath.ri.parser.XPathParser,3658,0.144
org.apache.commons.jxpath.ri.axes.ChildContext,84,0.144
org.apache.commons.jxpath.ri.axes.SimplePathInterpreter,444,0.143
org.apache.commons.jxpath.ri.axes.SimplePathInterpreter,626,0.143
org.apache.commons.jxpath.ri.axes.SimplePathInterpreter,627,0.143
org.apache.commons.jxpath.ri.axes.SimplePathInterpreter,628,0.143
org.apache.commons.jxpath.ri.axes.SimplePathInterpreter,629,0.143
org.apache.commons.jxpath.ri.axes.SimplePathInterpreter,726,0.143
org.apache.commons.jxpath.util.TypeUtils,55,0.142
org.apache.commons.jxpath.util.BasicTypeConverter,176,0.141
org.apache.commons.jxpath.ri.axes.SimplePathInterpreter,657,0.134
org.apache.commons.jxpath.ri.axes.SimplePathInterpreter,658,0.134
org.apache.commons.jxpath.ri.axes.SimplePathInterpreter,661,0.134
org.apache.commons.jxpath.ri.axes.SimplePathInterpreter,664,0.134
org.apache.commons.jxpath.ri.axes.SimplePathInterpreter,668,0.134
org.apache.commons.jxpath.ri.axes.SimplePathInterpreter,669,0.134
org.apache.commons.jxpath.ri.model.beans.PropertyIterator,209,0.129
org.apache.commons.jxpath.ri.axes.SimplePathInterpreter,728,0.126
org.apache.commons.jxpath.ri.model.beans.PropertyIterator,123,0.126
org.apache.commons.jxpath.ri.model.beans.PropertyIterator,201,0.126
org.apache.commons.jxpath.ri.model.beans.PropertyIterator,207,0.126
org.apache.commons.jxpath.ri.model.beans.PropertyIterator,242,0.126
org.apache.commons.jxpath.ri.compiler.Path,192,0.125
org.apache.commons.jxpath.ri.axes.PredicateContext,106,0.123
org.apache.commons.jxpath.ri.model.beans.PropertyIterator,186,0.123
org.apache.commons.jxpath.ri.model.beans.PropertyIterator,187,0.123
org.apache.commons.jxpath.ri.model.beans.PropertyIterator,188,0.123
org.apache.commons.jxpath.ri.model.beans.PropertyIterator,189,0.123
org.apache.commons.jxpath.ri.model.beans.PropertyIterator,190,0.123
org.apache.commons.jxpath.ri.model.beans.PropertyIterator,191,0.123
org.apache.commons.jxpath.ri.model.beans.PropertyIterator,192,0.123
org.apache.commons.jxpath.ri.model.beans.PropertyIterator,195,0.123
org.apache.commons.jxpath.ri.model.beans.PropertyIterator,196,0.123
org.apache.commons.jxpath.ri.model.beans.PropertyIterator,203,0.123
org.apache.commons.jxpath.ri.EvalContext,115,0.122
org.apache.commons.jxpath.ri.EvalContext,179,0.122
org.apache.commons.jxpath.ri.EvalContext,180,0.122
org.apache.commons.jxpath.ri.EvalContext,181,0.122
org.apache.commons.jxpath.ri.EvalContext,191,0.122
org.apache.commons.jxpath.ri.compiler.Constant,47,0.122
org.apache.commons.jxpath.ri.model.beans.PropertyIterator,131,0.12
org.apache.commons.jxpath.ri.model.beans.PropertyIterator,178,0.12
org.apache.commons.jxpath.ri.model.beans.PropertyIterator,179,0.12
org.apache.commons.jxpath.ri.model.beans.PropertyIterator,184,0.12
org.apache.commons.jxpath.ri.model.beans.PropertyIterator,185,0.12
org.apache.commons.jxpath.ri.JXPathContextReferenceImpl,551,0.12
org.apache.commons.jxpath.ri.JXPathContextReferenceImpl,556,0.12
org.apache.commons.jxpath.ri.JXPathContextReferenceImpl,409,0.12
org.apache.commons.jxpath.ri.axes.PrecedingOrFollowingContext,35,0.118
org.apache.commons.jxpath.ri.axes.PrecedingOrFollowingContext,36,0.118
org.apache.commons.jxpath.ri.axes.PrecedingOrFollowingContext,48,0.118
org.apache.commons.jxpath.JXPathException,49,0.118
org.apache.commons.jxpath.ri.axes.PrecedingOrFollowingContext,49,0.118
org.apache.commons.jxpath.JXPathException,50,0.118
org.apache.commons.jxpath.ri.axes.PrecedingOrFollowingContext,50,0.118
org.apache.commons.jxpath.JXPathException,51,0.118
org.apache.commons.jxpath.ri.axes.PrecedingOrFollowingContext,51,0.118
org.apache.commons.jxpath.ri.axes.PrecedingOrFollowingContext,62,0.118
org.apache.commons.jxpath.ri.axes.PrecedingOrFollowingContext,63,0.118
org.apache.commons.jxpath.ri.axes.PrecedingOrFollowingContext,64,0.118
org.apache.commons.jxpath.ri.axes.PrecedingOrFollowingContext,65,0.118
org.apache.commons.jxpath.ri.model.beans.PropertyPointer,68,0.117
org.apache.commons.jxpath.ri.InfoSetUtil,109,0.115
org.apache.commons.jxpath.ri.InfoSetUtil,110,0.115
org.apache.commons.jxpath.ri.JXPathContextReferenceImpl,325,0.112
org.apache.commons.jxpath.ri.model.beans.PropertyPointer,132,0.105
org.apache.commons.jxpath.ri.model.beans.PropertyPointer,129,0.105
org.apache.commons.jxpath.ri.model.beans.PropertyPointer,130,0.105
org.apache.commons.jxpath.ri.model.beans.PropertyPointer,131,0.105
org.apache.commons.jxpath.ri.axes.PredicateContext,37,0.103
org.apache.commons.jxpath.ri.axes.PredicateContext,42,0.103
org.apache.commons.jxpath.ri.axes.PredicateContext,43,0.103
org.apache.commons.jxpath.ri.axes.PredicateContext,44,0.103
org.apache.commons.jxpath.ri.axes.PredicateContext,48,0.103
org.apache.commons.jxpath.ri.axes.PredicateContext,167,0.103
org.apache.commons.jxpath.ri.axes.PredicateContext,168,0.103
org.apache.commons.jxpath.ri.axes.PredicateContext,169,0.103
org.apache.commons.jxpath.ri.axes.PredicateContext,170,0.103
org.apache.commons.jxpath.ri.axes.PredicateContext,173,0.103
org.apache.commons.jxpath.ri.axes.PredicateContext,174,0.103
org.apache.commons.jxpath.ri.compiler.Path,243,0.103
org.apache.commons.jxpath.ri.compiler.Path,246,0.103
org.apache.commons.jxpath.ri.compiler.TreeCompiler,26,0.102
org.apache.commons.jxpath.ri.compiler.CoreOperationUnion,35,0.102
org.apache.commons.jxpath.ri.compiler.CoreOperationUnion,36,0.102
org.apache.commons.jxpath.ri.compiler.CoreOperationUnion,37,0.102
org.apache.commons.jxpath.ri.compiler.CoreOperationUnion,38,0.102
org.apache.commons.jxpath.ri.compiler.CoreOperationUnion,39,0.102
org.apache.commons.jxpath.ri.model.beans.BeanAttributeIterator,39,0.102
org.apache.commons.jxpath.ri.axes.UnionContext,42,0.102
org.apache.commons.jxpath.ri.axes.UnionContext,43,0.102
org.apache.commons.jxpath.ri.compiler.CoreOperationUnion,45,0.102
org.apache.commons.jxpath.ri.axes.AncestorContext,56,0.102
org.apache.commons.jxpath.ri.model.beans.PropertyIterator,59,0.102
org.apache.commons.jxpath.ri.model.beans.PropertyIterator,60,0.102
org.apache.commons.jxpath.ri.model.beans.PropertyIterator,63,0.102
org.apache.commons.jxpath.ri.model.beans.PropertyIterator,68,0.102
org.apache.commons.jxpath.ri.model.beans.PropertyIterator,69,0.102
org.apache.commons.jxpath.ri.model.beans.PropertyIterator,70,0.102
org.apache.commons.jxpath.ri.model.beans.PropertyIterator,71,0.102
org.apache.commons.jxpath.ri.model.beans.PropertyIterator,74,0.102
org.apache.commons.jxpath.ri.model.beans.PropertyIterator,75,0.102
org.apache.commons.jxpath.util.BasicTypeConverter,78,0.102
org.apache.commons.jxpath.ri.model.dynabeans.DynaBeanPointer,92,0.102
org.apache.commons.jxpath.ri.model.dynabeans.DynaBeanPointer,96,0.102
org.apache.commons.jxpath.ri.model.dynabeans.DynaBeanPointer,100,0.102
org.apache.commons.jxpath.ri.model.dynabeans.DynaBeanPointer,101,0.102
org.apache.commons.jxpath.ri.model.dynabeans.DynaBeanPointer,107,0.102
org.apache.commons.jxpath.ri.model.dynabeans.DynaBeanPointer,108,0.102
org.apache.commons.jxpath.ri.model.dynabeans.DynaBeanPointer,112,0.102
org.apache.commons.jxpath.ri.model.dynabeans.DynaBeanPointer,113,0.102
org.apache.commons.jxpath.ri.model.dynabeans.DynaBeanPointer,114,0.102
org.apache.commons.jxpath.ri.model.dynabeans.DynaBeanPointer,118,0.102
org.apache.commons.jxpath.ri.axes.DescendantContext,132,0.102
org.apache.commons.jxpath.ri.EvalContext,141,0.102
org.apache.commons.jxpath.PackageFunctions,173,0.102
org.apache.commons.jxpath.PackageFunctions,174,0.102
org.apache.commons.jxpath.PackageFunctions,175,0.102
org.apache.commons.jxpath.PackageFunctions,179,0.102
org.apache.commons.jxpath.PackageFunctions,180,0.102
org.apache.commons.jxpath.PackageFunctions,184,0.102
org.apache.commons.jxpath.PackageFunctions,191,0.102
org.apache.commons.jxpath.PackageFunctions,193,0.102
org.apache.commons.jxpath.ri.compiler.Path,295,0.102
org.apache.commons.jxpath.ri.JXPathContextReferenceImpl,463,0.102
org.apache.commons.jxpath.ri.JXPathContextReferenceImpl,464,0.102
org.apache.commons.jxpath.ri.JXPathContextReferenceImpl,334,0.102
org.apache.commons.jxpath.ri.JXPathContextReferenceImpl,342,0.102
org.apache.commons.jxpath.ri.compiler.Expression,86,0.099
org.apache.commons.jxpath.ri.JXPathContextReferenceImpl,414,0.097
org.apache.commons.jxpath.ri.JXPathContextReferenceImpl,418,0.097
org.apache.commons.jxpath.ri.compiler.LocationPath,78,0.097
org.apache.commons.jxpath.ri.compiler.Expression,81,0.097
org.apache.commons.jxpath.ri.compiler.Expression,82,0.097
org.apache.commons.jxpath.ri.compiler.Expression,85,0.097
org.apache.commons.jxpath.ri.JXPathContextReferenceImpl,543,0.097
org.apache.commons.jxpath.ri.JXPathContextReferenceImpl,547,0.097
org.apache.commons.jxpath.ri.JXPathContextReferenceImpl,410,0.097
org.apache.commons.jxpath.ri.JXPathContextReferenceImpl,413,0.097
org.apache.commons.jxpath.ri.compiler.Path,150,0.096
org.apache.commons.jxpath.ri.compiler.Expression,75,0.094
org.apache.commons.jxpath.ri.compiler.Expression,124,0.094
org.apache.commons.jxpath.ri.compiler.Expression,125,0.094
org.apache.commons.jxpath.ri.compiler.Expression,126,0.094
org.apache.commons.jxpath.ri.compiler.Expression,129,0.094
org.apache.commons.jxpath.ri.JXPathContextReferenceImpl,362,0.093
org.apache.commons.jxpath.JXPathContext,603,0.093
org.apache.commons.jxpath.JXPathContext,606,0.093
org.apache.commons.jxpath.ri.axes.AttributeContext,34,0.092
org.apache.commons.jxpath.ri.axes.AttributeContext,43,0.092
org.apache.commons.jxpath.ri.axes.AttributeContext,44,0.092
org.apache.commons.jxpath.ri.axes.AttributeContext,45,0.092
org.apache.commons.jxpath.ri.axes.AttributeContext,52,0.092
org.apache.commons.jxpath.ri.axes.AttributeContext,53,0.092
org.apache.commons.jxpath.ri.axes.AttributeContext,54,0.092
org.apache.commons.jxpath.ri.axes.AttributeContext,55,0.092
org.apache.commons.jxpath.ri.axes.AttributeContext,71,0.092
org.apache.commons.jxpath.ri.axes.AttributeContext,72,0.092
org.apache.commons.jxpath.ri.axes.AttributeContext,73,0.092
org.apache.commons.jxpath.ri.compiler.Expression,73,0.092
org.apache.commons.jxpath.ri.axes.AttributeContext,74,0.092
org.apache.commons.jxpath.ri.compiler.Expression,74,0.092
org.apache.commons.jxpath.ri.axes.AttributeContext,77,0.092
org.apache.commons.jxpath.ri.axes.AttributeContext,78,0.092
org.apache.commons.jxpath.ri.axes.AttributeContext,79,0.092
org.apache.commons.jxpath.ri.axes.AttributeContext,82,0.092
org.apache.commons.jxpath.ri.axes.AttributeContext,85,0.092
org.apache.commons.jxpath.ri.compiler.Path,279,0.092
org.apache.commons.jxpath.ri.JXPathContextReferenceImpl,397,0.092
org.apache.commons.jxpath.ri.JXPathContextReferenceImpl,401,0.092
org.apache.commons.jxpath.ri.axes.DescendantContext,129,0.09
org.apache.commons.jxpath.ri.axes.DescendantContext,131,0.089
org.apache.commons.jxpath.ri.JXPathContextReferenceImpl,405,0.087
org.apache.commons.jxpath.ri.compiler.CoreOperation,35,0.083
org.apache.commons.jxpath.ri.model.beans.BeanAttributeIterator,38,0.083
org.apache.commons.jxpath.ri.axes.PredicateContext,51,0.083
org.apache.commons.jxpath.ri.axes.PredicateContext,54,0.083
org.apache.commons.jxpath.ri.axes.NodeSetContext,58,0.083
org.apache.commons.jxpath.ri.InfoSetUtil,68,0.083
org.apache.commons.jxpath.ri.model.beans.BeanAttributeIterator,74,0.083
org.apache.commons.jxpath.ri.model.beans.BeanAttributeIterator,75,0.083
org.apache.commons.jxpath.util.BasicTypeConverter,91,0.083
org.apache.commons.jxpath.PackageFunctions,115,0.083
org.apache.commons.jxpath.ri.JXPathContextReferenceImpl,328,0.083
org.apache.commons.jxpath.ri.EvalContext,295,0.079
org.apache.commons.jxpath.ri.EvalContext,296,0.079
org.apache.commons.jxpath.ri.EvalContext,297,0.079
org.apache.commons.jxpath.ri.model.beans.NullPointer,56,0.077
org.apache.commons.jxpath.ri.axes.DescendantContext,108,0.076
org.apache.commons.jxpath.ri.axes.DescendantContext,109,0.076
org.apache.commons.jxpath.ri.axes.DescendantContext,110,0.076
org.apache.commons.jxpath.ri.axes.DescendantContext,38,0.075
org.apache.commons.jxpath.ri.axes.DescendantContext,50,0.075
org.apache.commons.jxpath.ri.axes.DescendantContext,51,0.075
org.apache.commons.jxpath.ri.axes.DescendantContext,52,0.075
org.apache.commons.jxpath.ri.axes.DescendantContext,53,0.075
org.apache.commons.jxpath.ri.axes.DescendantContext,69,0.075
org.apache.commons.jxpath.ri.axes.DescendantContext,70,0.075
org.apache.commons.jxpath.ri.axes.DescendantContext,71,0.075
org.apache.commons.jxpath.ri.axes.DescendantContext,87,0.075
org.apache.commons.jxpath.ri.axes.DescendantContext,88,0.075
org.apache.commons.jxpath.ri.axes.DescendantContext,89,0.075
org.apache.commons.jxpath.ri.axes.DescendantContext,90,0.075
org.apache.commons.jxpath.ri.axes.DescendantContext,91,0.075
org.apache.commons.jxpath.ri.axes.DescendantContext,92,0.075
org.apache.commons.jxpath.ri.axes.DescendantContext,93,0.075
org.apache.commons.jxpath.ri.axes.DescendantContext,94,0.075
org.apache.commons.jxpath.ri.axes.DescendantContext,99,0.075
org.apache.commons.jxpath.util.BasicTypeConverter,70,0.075
org.apache.commons.jxpath.util.BasicTypeConverter,76,0.075
org.apache.commons.jxpath.JXPathNotFoundException,31,0.072
org.apache.commons.jxpath.JXPathNotFoundException,32,0.072
org.apache.commons.jxpath.ri.axes.UnionContext,34,0.072
org.apache.commons.jxpath.ri.axes.UnionContext,37,0.072
org.apache.commons.jxpath.ri.axes.UnionContext,38,0.072
org.apache.commons.jxpath.ri.axes.NodeSetContext,39,0.072
org.apache.commons.jxpath.ri.axes.UnionContext,39,0.072
org.apache.commons.jxpath.ri.model.beans.PropertyOwnerPointer,46,0.072
org.apache.commons.jxpath.ri.axes.UnionContext,49,0.072
org.apache.commons.jxpath.ri.axes.UnionContext,50,0.072
org.apache.commons.jxpath.ri.axes.UnionContext,51,0.072
org.apache.commons.jxpath.ri.axes.UnionContext,52,0.072
org.apache.commons.jxpath.ri.axes.UnionContext,53,0.072
org.apache.commons.jxpath.ri.axes.UnionContext,54,0.072
org.apache.commons.jxpath.ri.axes.UnionContext,55,0.072
org.apache.commons.jxpath.ri.axes.UnionContext,56,0.072
org.apache.commons.jxpath.ri.InfoSetUtil,60,0.072
org.apache.commons.jxpath.ri.model.beans.BeanAttributeIterator,60,0.072
org.apache.commons.jxpath.ri.model.beans.PropertyOwnerPointer,63,0.072
org.apache.commons.jxpath.ri.model.beans.PropertyOwnerPointer,64,0.072
org.apache.commons.jxpath.ri.axes.UnionContext,66,0.072
org.apache.commons.jxpath.ri.model.beans.PropertyOwnerPointer,66,0.072
org.apache.commons.jxpath.PackageFunctions,76,0.072
org.apache.commons.jxpath.PackageFunctions,77,0.072
org.apache.commons.jxpath.PackageFunctions,78,0.072
org.apache.commons.jxpath.FunctionLibrary,79,0.072
org.apache.commons.jxpath.PackageFunctions,79,0.072
org.apache.commons.jxpath.ri.compiler.ExtensionFunction,98,0.072
org.apache.commons.jxpath.PackageFunctions,124,0.072
org.apache.commons.jxpath.PackageFunctions,125,0.072
org.apache.commons.jxpath.PackageFunctions,126,0.072
org.apache.commons.jxpath.PackageFunctions,127,0.072
org.apache.commons.jxpath.PackageFunctions,128,0.072
org.apache.commons.jxpath.PackageFunctions,131,0.072
org.apache.commons.jxpath.ri.compiler.Path,161,0.072
org.apache.commons.jxpath.ri.compiler.Path,184,0.072
org.apache.commons.jxpath.ri.compiler.Path,185,0.072
org.apache.commons.jxpath.ri.compiler.Path,187,0.072
org.apache.commons.jxpath.util.MethodLookupUtils,189,0.072
org.apache.commons.jxpath.util.MethodLookupUtils,190,0.072
org.apache.commons.jxpath.util.MethodLookupUtils,191,0.072
org.apache.commons.jxpath.util.MethodLookupUtils,192,0.072
org.apache.commons.jxpath.ri.model.beans.PropertyIterator,193,0.072
org.apache.commons.jxpath.ri.model.beans.PropertyIterator,197,0.072
org.apache.commons.jxpath.ri.compiler.Path,229,0.072
org.apache.commons.jxpath.ri.compiler.CoreFunction,231,0.072
org.apache.commons.jxpath.ri.compiler.Path,275,0.072
org.apache.commons.jxpath.ri.compiler.Path,283,0.072
org.apache.commons.jxpath.ri.compiler.Path,287,0.072
org.apache.commons.jxpath.ri.compiler.Path,289,0.072
org.apache.commons.jxpath.ri.compiler.Path,297,0.072
org.apache.commons.jxpath.ri.compiler.CoreFunction,409,0.072
org.apache.commons.jxpath.ri.compiler.CoreFunction,412,0.072
org.apache.commons.jxpath.ri.compiler.CoreFunction,413,0.072
org.apache.commons.jxpath.ri.JXPathContextReferenceImpl,501,0.072
org.apache.commons.jxpath.ClassFunctions,59,0.07
org.apache.commons.jxpath.ClassFunctions,60,0.07
org.apache.commons.jxpath.ClassFunctions,61,0.07
org.apache.commons.jxpath.ClassFunctions,62,0.07
org.apache.commons.jxpath.JXPathContext,490,0.07
org.apache.commons.jxpath.JXPathContext,491,0.07
org.apache.commons.jxpath.util.BasicTypeConverter,372,0.068
org.apache.commons.jxpath.ri.axes.SimplePathInterpreter,204,0.067
org.apache.commons.jxpath.util.BasicTypeConverter,278,0.066
org.apache.commons.jxpath.util.BasicTypeConverter,279,0.066
org.apache.commons.jxpath.util.BasicTypeConverter,282,0.066
org.apache.commons.jxpath.util.BasicTypeConverter,284,0.066
org.apache.commons.jxpath.util.BasicTypeConverter,365,0.066
org.apache.commons.jxpath.util.BasicTypeConverter,368,0.066
org.apache.commons.jxpath.util.BasicTypeConverter,371,0.066
org.apache.commons.jxpath.ri.axes.NodeSetContext,30,0.065
org.apache.commons.jxpath.ri.model.beans.BeanAttributeIterator,31,0.065
org.apache.commons.jxpath.ri.axes.NodeSetContext,34,0.065
org.apache.commons.jxpath.ri.axes.NodeSetContext,35,0.065
org.apache.commons.jxpath.ri.model.beans.BeanAttributeIterator,35,0.065
org.apache.commons.jxpath.ri.axes.NodeSetContext,36,0.065
org.apache.commons.jxpath.ri.model.beans.BeanAttributeIterator,37,0.065
org.apache.commons.jxpath.ri.model.beans.BeanAttributeIterator,40,0.065
org.apache.commons.jxpath.ri.model.beans.BeanAttributeIterator,43,0.065
org.apache.commons.jxpath.ri.model.beans.BeanAttributeIterator,44,0.065
org.apache.commons.jxpath.ri.model.beans.BeanAttributeIterator,45,0.065
org.apache.commons.jxpath.ri.model.beans.BeanAttributeIterator,47,0.065
org.apache.commons.jxpath.util.TypeUtils,47,0.065
org.apache.commons.jxpath.ri.model.beans.BeanAttributeIterator,48,0.065
org.apache.commons.jxpath.util.BasicTypeConverter,49,0.065
org.apache.commons.jxpath.ri.axes.NodeSetContext,52,0.065
org.apache.commons.jxpath.ri.axes.NodeSetContext,53,0.065
org.apache.commons.jxpath.util.BasicTypeConverter,53,0.065
org.apache.commons.jxpath.ri.axes.NodeSetContext,57,0.065
org.apache.commons.jxpath.util.BasicTypeConverter,57,0.065
org.apache.commons.jxpath.util.BasicTypeConverter,58,0.065
org.apache.commons.jxpath.ri.axes.NodeSetContext,60,0.065
org.apache.commons.jxpath.ri.axes.NodeSetContext,61,0.065
org.apache.commons.jxpath.ri.compiler.CoreOperationCompare,62,0.065
org.apache.commons.jxpath.util.BasicTypeConverter,62,0.065
org.apache.commons.jxpath.ri.model.beans.BeanAttributeIterator,64,0.065
org.apache.commons.jxpath.ri.axes.NodeSetContext,65,0.065
org.apache.commons.jxpath.ri.model.beans.BeanAttributeIterator,65,0.065
org.apache.commons.jxpath.util.BasicTypeConverter,66,0.065
org.apache.commons.jxpath.ri.model.beans.PropertyOwnerPointer,81,0.065
org.apache.commons.jxpath.ClassFunctions,111,0.065
org.apache.commons.jxpath.ClassFunctions,112,0.065
org.apache.commons.jxpath.PackageFunctions,114,0.065
org.apache.commons.jxpath.PackageFunctions,119,0.065
