com.fasterxml.jackson.dataformat.xml.XmlMapper,96,0.5
com.fasterxml.jackson.dataformat.xml.XmlMapper,97,0.5
com.fasterxml.jackson.dataformat.xml.XmlMapper,98,0.5
com.fasterxml.jackson.dataformat.xml.XmlMapper,103,0.5
com.fasterxml.jackson.dataformat.xml.XmlMapper,104,0.5
com.fasterxml.jackson.dataformat.xml.XmlFactory,132,0.5
com.fasterxml.jackson.dataformat.xml.XmlFactory,133,0.5
com.fasterxml.jackson.dataformat.xml.XmlFactory,134,0.5
com.fasterxml.jackson.dataformat.xml.XmlFactory,135,0.5
com.fasterxml.jackson.dataformat.xml.XmlFactory,136,0.5
com.fasterxml.jackson.dataformat.xml.XmlFactory,137,0.5
com.fasterxml.jackson.dataformat.xml.XmlFactory,138,0.5
com.fasterxml.jackson.dataformat.xml.XmlFactory,157,0.5
com.fasterxml.jackson.dataformat.xml.XmlFactory,158,0.5
com.fasterxml.jackson.dataformat.xml.ser.XmlSerializerProvider,56,0.408
com.fasterxml.jackson.dataformat.xml.ser.XmlSerializerProvider,59,0.408
com.fasterxml.jackson.dataformat.xml.ser.XmlSerializerProvider,60,0.408
com.fasterxml.jackson.dataformat.xml.ser.XmlSerializerProvider,70,0.408
com.fasterxml.jackson.dataformat.xml.util.XmlRootNameLookup,52,0.289
com.fasterxml.jackson.dataformat.xml.JacksonXmlAnnotationIntrospector,74,0.224
com.fasterxml.jackson.dataformat.xml.JacksonXmlAnnotationIntrospector,75,0.224
com.fasterxml.jackson.dataformat.xml.JacksonXmlAnnotationIntrospector,77,0.224
com.fasterxml.jackson.dataformat.xml.JacksonXmlAnnotationIntrospector,80,0.224
com.fasterxml.jackson.dataformat.xml.JacksonXmlAnnotationIntrospector,51,0.204
com.fasterxml.jackson.dataformat.xml.util.XmlRootNameLookup,97,0.189
com.fasterxml.jackson.dataformat.xml.util.XmlRootNameLookup,98,0.189
com.fasterxml.jackson.dataformat.xml.util.XmlRootNameLookup,85,0.183
com.fasterxml.jackson.dataformat.xml.util.XmlRootNameLookup,88,0.183
com.fasterxml.jackson.dataformat.xml.util.XmlRootNameLookup,95,0.183
com.fasterxml.jackson.dataformat.xml.util.XmlRootNameLookup,96,0.183
com.fasterxml.jackson.dataformat.xml.util.XmlRootNameLookup,102,0.183
com.fasterxml.jackson.dataformat.xml.util.XmlRootNameLookup,103,0.183
com.fasterxml.jackson.dataformat.xml.XmlMapper,49,0.17
com.fasterxml.jackson.dataformat.xml.XmlMapper,50,0.17
com.fasterxml.jackson.dataformat.xml.XmlMapper,67,0.17
com.fasterxml.jackson.dataformat.xml.XmlMapper,68,0.17
com.fasterxml.jackson.dataformat.xml.JacksonXmlAnnotationIntrospector,154,0.169
com.fasterxml.jackson.dataformat.xml.JacksonXmlAnnotationIntrospector,152,0.168
com.fasterxml.jackson.dataformat.xml.JacksonXmlAnnotationIntrospector,153,0.168
com.fasterxml.jackson.dataformat.xml.util.XmlRootNameLookup,73,0.167
com.fasterxml.jackson.dataformat.xml.util.XmlRootNameLookup,74,0.167
com.fasterxml.jackson.dataformat.xml.util.XmlRootNameLookup,84,0.167
com.fasterxml.jackson.dataformat.xml.util.XmlRootNameLookup,87,0.167
com.fasterxml.jackson.dataformat.xml.util.XmlRootNameLookup,90,0.167
com.fasterxml.jackson.dataformat.xml.ser.ToXmlGenerator,938,0.167
com.fasterxml.jackson.dataformat.xml.ser.ToXmlGenerator,939,0.167
com.fasterxml.jackson.dataformat.xml.ser.ToXmlGenerator,940,0.167
com.fasterxml.jackson.dataformat.xml.JacksonXmlAnnotationIntrospector,150,0.16
com.fasterxml.jackson.dataformat.xml.JacksonXmlAnnotationIntrospector,151,0.16
com.fasterxml.jackson.dataformat.xml.JacksonXmlAnnotationIntrospector,159,0.16
com.fasterxml.jackson.dataformat.xml.deser.XmlBeanDeserializerModifier,24,0.155
com.fasterxml.jackson.dataformat.xml.ser.XmlBeanSerializerModifier,24,0.155
com.fasterxml.jackson.dataformat.xml.deser.XmlBeanDeserializerModifier,27,0.155
com.fasterxml.jackson.dataformat.xml.deser.XmlBeanDeserializerModifier,28,0.155
com.fasterxml.jackson.dataformat.xml.deser.XmlBeanDeserializerModifier,29,0.155
com.fasterxml.jackson.dataformat.xml.JacksonXmlAnnotationIntrospector,34,0.155
com.fasterxml.jackson.dataformat.xml.JacksonXmlAnnotationIntrospector,35,0.155
com.fasterxml.jackson.dataformat.xml.JacksonXmlAnnotationIntrospector,36,0.155
com.fasterxml.jackson.dataformat.xml.JacksonXmlModule,61,0.155
com.fasterxml.jackson.dataformat.xml.JacksonXmlModule,62,0.155
com.fasterxml.jackson.dataformat.xml.JacksonXmlModule,65,0.155
com.fasterxml.jackson.dataformat.xml.JacksonXmlModule,68,0.155
com.fasterxml.jackson.dataformat.xml.JacksonXmlModule,75,0.155
com.fasterxml.jackson.dataformat.xml.JacksonXmlModule,76,0.155
com.fasterxml.jackson.dataformat.xml.XmlMapper,79,0.155
com.fasterxml.jackson.dataformat.xml.XmlMapper,80,0.155
com.fasterxml.jackson.dataformat.xml.XmlMapper,82,0.155
com.fasterxml.jackson.dataformat.xml.XmlMapper,83,0.155
com.fasterxml.jackson.dataformat.xml.XmlMapper,86,0.155
com.fasterxml.jackson.dataformat.xml.XmlMapper,89,0.155
com.fasterxml.jackson.dataformat.xml.XmlMapper,90,0.155
com.fasterxml.jackson.dataformat.xml.JacksonXmlModule,126,0.155
com.fasterxml.jackson.dataformat.xml.util.XmlRootNameLookup,28,0.154
com.fasterxml.jackson.dataformat.xml.util.XmlRootNameLookup,30,0.154
com.fasterxml.jackson.dataformat.xml.ser.XmlSerializerProvider,41,0.154
com.fasterxml.jackson.dataformat.xml.ser.XmlSerializerProvider,42,0.154
com.fasterxml.jackson.dataformat.xml.ser.XmlSerializerProvider,43,0.154
com.fasterxml.jackson.dataformat.xml.ser.ToXmlGenerator,929,0.154
com.fasterxml.jackson.dataformat.xml.ser.ToXmlGenerator,933,0.154
com.fasterxml.jackson.dataformat.xml.JacksonXmlAnnotationIntrospector,50,0.147
com.fasterxml.jackson.dataformat.xml.JacksonXmlAnnotationIntrospector,64,0.142
com.fasterxml.jackson.dataformat.xml.XmlFactory,84,0.141
com.fasterxml.jackson.dataformat.xml.XmlFactory,100,0.141
com.fasterxml.jackson.dataformat.xml.XmlFactory,102,0.141
com.fasterxml.jackson.dataformat.xml.XmlFactory,108,0.141
com.fasterxml.jackson.dataformat.xml.XmlFactory,109,0.141
com.fasterxml.jackson.dataformat.xml.XmlFactory,110,0.141
com.fasterxml.jackson.dataformat.xml.XmlFactory,111,0.141
com.fasterxml.jackson.dataformat.xml.XmlFactory,112,0.141
com.fasterxml.jackson.dataformat.xml.XmlFactory,113,0.141
com.fasterxml.jackson.dataformat.xml.XmlFactory,115,0.141
com.fasterxml.jackson.dataformat.xml.XmlFactory,117,0.141
com.fasterxml.jackson.dataformat.xml.XmlFactory,119,0.141
com.fasterxml.jackson.dataformat.xml.XmlFactory,120,0.141
com.fasterxml.jackson.dataformat.xml.XmlFactory,122,0.141
com.fasterxml.jackson.dataformat.xml.XmlFactory,123,0.141
com.fasterxml.jackson.dataformat.xml.XmlFactory,124,0.141
com.fasterxml.jackson.dataformat.xml.XmlFactory,125,0.141
com.fasterxml.jackson.dataformat.xml.XmlFactory,143,0.141
com.fasterxml.jackson.dataformat.xml.XmlFactory,145,0.141
com.fasterxml.jackson.dataformat.xml.XmlFactory,146,0.141
com.fasterxml.jackson.dataformat.xml.JacksonXmlAnnotationIntrospector,63,0.136
com.fasterxml.jackson.dataformat.xml.JacksonXmlAnnotationIntrospector,204,0.136
com.fasterxml.jackson.dataformat.xml.JacksonXmlAnnotationIntrospector,47,0.133
com.fasterxml.jackson.dataformat.xml.JacksonXmlAnnotationIntrospector,48,0.133
com.fasterxml.jackson.dataformat.xml.JacksonXmlAnnotationIntrospector,120,0.133
com.fasterxml.jackson.dataformat.xml.JacksonXmlAnnotationIntrospector,121,0.133
com.fasterxml.jackson.dataformat.xml.JacksonXmlAnnotationIntrospector,124,0.133
com.fasterxml.jackson.dataformat.xml.JacksonXmlAnnotationIntrospector,200,0.131
com.fasterxml.jackson.dataformat.xml.JacksonXmlAnnotationIntrospector,201,0.131
com.fasterxml.jackson.dataformat.xml.ser.ToXmlGenerator,922,0.131
com.fasterxml.jackson.dataformat.xml.ser.ToXmlGenerator,923,0.131
com.fasterxml.jackson.dataformat.xml.ser.ToXmlGenerator,927,0.131
com.fasterxml.jackson.dataformat.xml.ser.ToXmlGenerator,945,0.131
com.fasterxml.jackson.dataformat.xml.ser.ToXmlGenerator,946,0.131
com.fasterxml.jackson.dataformat.xml.util.AnnotationUtil,53,0.13
com.fasterxml.jackson.dataformat.xml.util.AnnotationUtil,54,0.13
com.fasterxml.jackson.dataformat.xml.util.AnnotationUtil,51,0.128
com.fasterxml.jackson.dataformat.xml.util.AnnotationUtil,52,0.128
com.fasterxml.jackson.dataformat.xml.util.AnnotationUtil,57,0.128
com.fasterxml.jackson.dataformat.xml.util.AnnotationUtil,63,0.128
com.fasterxml.jackson.dataformat.xml.util.AnnotationUtil,64,0.128
com.fasterxml.jackson.dataformat.xml.JacksonXmlAnnotationIntrospector,202,0.118
com.fasterxml.jackson.dataformat.xml.JacksonXmlAnnotationIntrospector,98,0.093
com.fasterxml.jackson.dataformat.xml.JacksonXmlAnnotationIntrospector,133,0.089
com.fasterxml.jackson.dataformat.xml.util.AnnotationUtil,19,0.088
com.fasterxml.jackson.dataformat.xml.util.AnnotationUtil,25,0.088
com.fasterxml.jackson.dataformat.xml.util.AnnotationUtil,26,0.088
com.fasterxml.jackson.dataformat.xml.JacksonXmlAnnotationIntrospector,129,0.088
com.fasterxml.jackson.dataformat.xml.JacksonXmlAnnotationIntrospector,130,0.088
com.fasterxml.jackson.dataformat.xml.JacksonXmlAnnotationIntrospector,94,0.087
com.fasterxml.jackson.dataformat.xml.JacksonXmlAnnotationIntrospector,95,0.087
com.fasterxml.jackson.dataformat.xml.ser.XmlBeanSerializerBase,188,0.087
com.fasterxml.jackson.dataformat.xml.JacksonXmlAnnotationIntrospector,72,0.086
com.fasterxml.jackson.dataformat.xml.JacksonXmlAnnotationIntrospector,73,0.086
com.fasterxml.jackson.dataformat.xml.ser.ToXmlGenerator,1214,0.086
com.fasterxml.jackson.dataformat.xml.util.AnnotationUtil,15,0.085
com.fasterxml.jackson.dataformat.xml.util.AnnotationUtil,16,0.085
com.fasterxml.jackson.dataformat.xml.ser.XmlBeanSerializerModifier,55,0.085
com.fasterxml.jackson.dataformat.xml.util.AnnotationUtil,72,0.085
com.fasterxml.jackson.dataformat.xml.util.AnnotationUtil,73,0.085
com.fasterxml.jackson.dataformat.xml.ser.XmlBeanSerializerBase,202,0.085
com.fasterxml.jackson.dataformat.xml.ser.XmlBeanSerializer,117,0.085
com.fasterxml.jackson.dataformat.xml.deser.XmlBeanDeserializerModifier,63,0.084
com.fasterxml.jackson.dataformat.xml.deser.XmlBeanDeserializerModifier,64,0.084
com.fasterxml.jackson.dataformat.xml.util.AnnotationUtil,77,0.084
com.fasterxml.jackson.dataformat.xml.util.AnnotationUtil,78,0.084
com.fasterxml.jackson.dataformat.xml.ser.XmlSerializerProvider,95,0.084
com.fasterxml.jackson.dataformat.xml.ser.XmlBeanSerializer,109,0.084
com.fasterxml.jackson.dataformat.xml.ser.XmlBeanSerializer,113,0.084
com.fasterxml.jackson.dataformat.xml.ser.XmlBeanSerializer,114,0.084
com.fasterxml.jackson.dataformat.xml.ser.XmlBeanSerializer,119,0.084
com.fasterxml.jackson.dataformat.xml.ser.XmlBeanSerializer,120,0.084
com.fasterxml.jackson.dataformat.xml.ser.XmlBeanSerializerBase,170,0.084
com.fasterxml.jackson.dataformat.xml.ser.XmlBeanSerializerBase,187,0.084
com.fasterxml.jackson.dataformat.xml.ser.XmlBeanSerializerBase,191,0.084
com.fasterxml.jackson.dataformat.xml.ser.XmlBeanSerializerBase,194,0.084
com.fasterxml.jackson.dataformat.xml.ser.XmlBeanSerializerBase,195,0.084
com.fasterxml.jackson.dataformat.xml.ser.XmlBeanSerializerBase,196,0.084
com.fasterxml.jackson.dataformat.xml.ser.XmlBeanSerializerBase,197,0.084
com.fasterxml.jackson.dataformat.xml.ser.XmlBeanSerializerBase,207,0.084
com.fasterxml.jackson.dataformat.xml.ser.ToXmlGenerator,577,0.084
com.fasterxml.jackson.dataformat.xml.ser.ToXmlGenerator,578,0.084
com.fasterxml.jackson.dataformat.xml.ser.XmlBeanSerializerBase,165,0.083
com.fasterxml.jackson.dataformat.xml.ser.XmlBeanSerializerBase,167,0.083
com.fasterxml.jackson.dataformat.xml.ser.XmlBeanSerializerBase,173,0.083
com.fasterxml.jackson.dataformat.xml.ser.XmlBeanSerializerBase,174,0.083
com.fasterxml.jackson.dataformat.xml.ser.XmlBeanSerializerBase,175,0.083
com.fasterxml.jackson.dataformat.xml.ser.XmlBeanSerializerBase,178,0.083
com.fasterxml.jackson.dataformat.xml.ser.XmlBeanSerializerBase,179,0.083
com.fasterxml.jackson.dataformat.xml.ser.XmlBeanSerializerBase,180,0.083
com.fasterxml.jackson.dataformat.xml.ser.XmlBeanSerializerBase,181,0.083
com.fasterxml.jackson.dataformat.xml.ser.XmlBeanSerializerBase,184,0.083
com.fasterxml.jackson.dataformat.xml.ser.XmlBeanSerializerBase,211,0.083
com.fasterxml.jackson.dataformat.xml.ser.XmlBeanSerializerBase,226,0.083
com.fasterxml.jackson.dataformat.xml.ser.XmlBeanSerializerBase,227,0.083
com.fasterxml.jackson.dataformat.xml.ser.ToXmlGenerator,1210,0.083
com.fasterxml.jackson.dataformat.xml.util.AnnotationUtil,13,0.083
com.fasterxml.jackson.dataformat.xml.util.AnnotationUtil,14,0.083
com.fasterxml.jackson.dataformat.xml.util.XmlInfo,15,0.083
com.fasterxml.jackson.dataformat.xml.util.XmlInfo,16,0.083
com.fasterxml.jackson.dataformat.xml.util.XmlInfo,17,0.083
com.fasterxml.jackson.dataformat.xml.util.XmlInfo,18,0.083
com.fasterxml.jackson.dataformat.xml.util.XmlInfo,19,0.083
com.fasterxml.jackson.dataformat.xml.util.XmlInfo,20,0.083
com.fasterxml.jackson.dataformat.xml.util.XmlInfo,22,0.083
com.fasterxml.jackson.dataformat.xml.util.XmlInfo,23,0.083
com.fasterxml.jackson.dataformat.xml.util.XmlInfo,24,0.083
com.fasterxml.jackson.dataformat.xml.util.XmlInfo,25,0.083
com.fasterxml.jackson.dataformat.xml.util.TypeUtil,34,0.083
com.fasterxml.jackson.dataformat.xml.util.TypeUtil,35,0.083
com.fasterxml.jackson.dataformat.xml.ser.XmlBeanSerializerModifier,42,0.083
com.fasterxml.jackson.dataformat.xml.ser.XmlBeanSerializerModifier,43,0.083
com.fasterxml.jackson.dataformat.xml.ser.XmlBeanSerializerModifier,44,0.083
com.fasterxml.jackson.dataformat.xml.ser.XmlBeanSerializerModifier,45,0.083
com.fasterxml.jackson.dataformat.xml.ser.XmlBeanSerializerModifier,46,0.083
com.fasterxml.jackson.dataformat.xml.ser.XmlBeanSerializerModifier,47,0.083
com.fasterxml.jackson.dataformat.xml.ser.XmlBeanSerializerModifier,48,0.083
com.fasterxml.jackson.dataformat.xml.ser.XmlBeanSerializerModifier,54,0.083
com.fasterxml.jackson.dataformat.xml.util.AnnotationUtil,70,0.083
com.fasterxml.jackson.dataformat.xml.ser.XmlBeanSerializerBase,71,0.083
com.fasterxml.jackson.dataformat.xml.util.AnnotationUtil,71,0.083
com.fasterxml.jackson.dataformat.xml.ser.XmlBeanSerializerBase,81,0.083
com.fasterxml.jackson.dataformat.xml.ser.XmlBeanSerializerBase,82,0.083
com.fasterxml.jackson.dataformat.xml.ser.XmlSerializerProvider,93,0.083
com.fasterxml.jackson.dataformat.xml.ser.XmlSerializerProvider,94,0.083
com.fasterxml.jackson.dataformat.xml.ser.XmlBeanSerializerBase,95,0.083
com.fasterxml.jackson.dataformat.xml.ser.XmlBeanSerializerBase,96,0.083
com.fasterxml.jackson.dataformat.xml.ser.XmlBeanSerializerBase,97,0.083
com.fasterxml.jackson.dataformat.xml.ser.XmlSerializerProvider,97,0.083
com.fasterxml.jackson.dataformat.xml.ser.XmlBeanSerializerBase,98,0.083
com.fasterxml.jackson.dataformat.xml.ser.XmlSerializerProvider,98,0.083
com.fasterxml.jackson.dataformat.xml.ser.XmlBeanSerializerBase,99,0.083
com.fasterxml.jackson.dataformat.xml.ser.XmlSerializerProvider,99,0.083
com.fasterxml.jackson.dataformat.xml.ser.XmlBeanSerializerBase,100,0.083
com.fasterxml.jackson.dataformat.xml.ser.XmlBeanSerializerBase,104,0.083
com.fasterxml.jackson.dataformat.xml.ser.XmlBeanSerializerBase,161,0.083
com.fasterxml.jackson.dataformat.xml.ser.ToXmlGenerator,201,0.083
com.fasterxml.jackson.dataformat.xml.ser.XmlBeanSerializerBase,354,0.083
com.fasterxml.jackson.dataformat.xml.ser.XmlBeanSerializerBase,355,0.083
com.fasterxml.jackson.dataformat.xml.ser.XmlBeanSerializerBase,360,0.083
com.fasterxml.jackson.dataformat.xml.ser.XmlBeanSerializerBase,361,0.083
com.fasterxml.jackson.dataformat.xml.ser.XmlBeanSerializer,31,0.082
com.fasterxml.jackson.dataformat.xml.ser.XmlBeanSerializer,32,0.082
com.fasterxml.jackson.dataformat.xml.ser.XmlBeanSerializerModifier,40,0.082
com.fasterxml.jackson.dataformat.xml.ser.XmlBeanSerializerModifier,41,0.082
com.fasterxml.jackson.dataformat.xml.ser.XmlBeanSerializerBase,64,0.082
com.fasterxml.jackson.dataformat.xml.ser.XmlBeanSerializerBase,69,0.082
com.fasterxml.jackson.dataformat.xml.ser.XmlBeanSerializerBase,70,0.082
com.fasterxml.jackson.dataformat.xml.ser.XmlBeanSerializerModifier,71,0.082
com.fasterxml.jackson.dataformat.xml.ser.XmlBeanSerializerBase,76,0.082
com.fasterxml.jackson.dataformat.xml.ser.XmlBeanSerializerBase,79,0.082
com.fasterxml.jackson.dataformat.xml.ser.XmlBeanSerializerBase,80,0.082
com.fasterxml.jackson.dataformat.xml.ser.XmlBeanSerializerModifier,85,0.082
com.fasterxml.jackson.dataformat.xml.ser.XmlBeanSerializerBase,89,0.082
com.fasterxml.jackson.dataformat.xml.ser.XmlBeanSerializerBase,92,0.082
com.fasterxml.jackson.dataformat.xml.ser.XmlBeanSerializerBase,93,0.082
com.fasterxml.jackson.dataformat.xml.ser.XmlBeanSerializerBase,94,0.082
com.fasterxml.jackson.dataformat.xml.ser.XmlBeanSerializerBase,106,0.082
com.fasterxml.jackson.dataformat.xml.ser.XmlBeanSerializerBase,107,0.082
com.fasterxml.jackson.dataformat.xml.ser.ToXmlGenerator,509,0.082
com.fasterxml.jackson.dataformat.xml.ser.ToXmlGenerator,525,0.082
com.fasterxml.jackson.dataformat.xml.util.XmlRootNameLookup,46,0.082
com.fasterxml.jackson.dataformat.xml.util.XmlRootNameLookup,48,0.082
com.fasterxml.jackson.dataformat.xml.util.XmlRootNameLookup,49,0.082
com.fasterxml.jackson.dataformat.xml.util.XmlRootNameLookup,50,0.082
com.fasterxml.jackson.dataformat.xml.util.XmlRootNameLookup,51,0.082
com.fasterxml.jackson.dataformat.xml.util.XmlRootNameLookup,54,0.082
com.fasterxml.jackson.dataformat.xml.util.XmlRootNameLookup,55,0.082
com.fasterxml.jackson.dataformat.xml.util.XmlRootNameLookup,56,0.082
com.fasterxml.jackson.dataformat.xml.util.XmlRootNameLookup,57,0.082
com.fasterxml.jackson.dataformat.xml.util.XmlRootNameLookup,58,0.082
com.fasterxml.jackson.dataformat.xml.util.XmlRootNameLookup,65,0.082
com.fasterxml.jackson.dataformat.xml.util.XmlRootNameLookup,66,0.082
com.fasterxml.jackson.dataformat.xml.util.XmlRootNameLookup,67,0.082
com.fasterxml.jackson.dataformat.xml.util.XmlRootNameLookup,68,0.082
com.fasterxml.jackson.dataformat.xml.util.XmlRootNameLookup,69,0.082
com.fasterxml.jackson.dataformat.xml.util.XmlRootNameLookup,71,0.082
com.fasterxml.jackson.dataformat.xml.util.XmlRootNameLookup,72,0.082
com.fasterxml.jackson.dataformat.xml.util.XmlRootNameLookup,77,0.082
com.fasterxml.jackson.dataformat.xml.ser.ToXmlGenerator,198,0.081
com.fasterxml.jackson.dataformat.xml.ser.XmlSerializerProvider,210,0.081
com.fasterxml.jackson.dataformat.xml.ser.ToXmlGenerator,359,0.081
com.fasterxml.jackson.dataformat.xml.ser.ToXmlGenerator,360,0.081
com.fasterxml.jackson.dataformat.xml.ser.ToXmlGenerator,87,0.081
com.fasterxml.jackson.dataformat.xml.ser.XmlSerializerProvider,185,0.081
com.fasterxml.jackson.dataformat.xml.ser.ToXmlGenerator,191,0.081
com.fasterxml.jackson.dataformat.xml.ser.XmlSerializerProvider,191,0.081
com.fasterxml.jackson.dataformat.xml.ser.XmlSerializerProvider,192,0.081
com.fasterxml.jackson.dataformat.xml.ser.ToXmlGenerator,194,0.081
com.fasterxml.jackson.dataformat.xml.ser.ToXmlGenerator,196,0.081
com.fasterxml.jackson.dataformat.xml.ser.XmlSerializerProvider,197,0.081
com.fasterxml.jackson.dataformat.xml.ser.XmlSerializerProvider,204,0.081
com.fasterxml.jackson.dataformat.xml.ser.XmlSerializerProvider,231,0.081
com.fasterxml.jackson.dataformat.xml.ser.ToXmlGenerator,358,0.081
com.fasterxml.jackson.dataformat.xml.ser.ToXmlGenerator,86,0.08
com.fasterxml.jackson.dataformat.xml.ser.XmlSerializerProvider,208,0.08
com.fasterxml.jackson.dataformat.xml.ser.XmlSerializerProvider,209,0.08
com.fasterxml.jackson.dataformat.xml.ser.XmlBeanSerializerModifier,83,0.08
com.fasterxml.jackson.dataformat.xml.ser.ToXmlGenerator,332,0.08
com.fasterxml.jackson.dataformat.xml.ser.ToXmlGenerator,333,0.08
com.fasterxml.jackson.dataformat.xml.ser.XmlBeanSerializerModifier,82,0.079
com.fasterxml.jackson.dataformat.xml.ser.XmlSerializerProvider,87,0.079
com.fasterxml.jackson.dataformat.xml.ser.XmlSerializerProvider,89,0.079
com.fasterxml.jackson.dataformat.xml.ser.XmlSerializerProvider,90,0.079
com.fasterxml.jackson.dataformat.xml.ser.XmlSerializerProvider,105,0.079
com.fasterxml.jackson.dataformat.xml.ser.XmlSerializerProvider,107,0.079
com.fasterxml.jackson.dataformat.xml.ser.XmlSerializerProvider,110,0.079
com.fasterxml.jackson.dataformat.xml.ser.XmlSerializerProvider,113,0.079
com.fasterxml.jackson.dataformat.xml.ser.XmlSerializerProvider,116,0.079
com.fasterxml.jackson.dataformat.xml.ser.XmlSerializerProvider,83,0.079
com.fasterxml.jackson.dataformat.xml.ser.XmlSerializerProvider,223,0.077
com.fasterxml.jackson.dataformat.xml.deser.XmlBeanDeserializerModifier,35,0.077
com.fasterxml.jackson.dataformat.xml.deser.XmlBeanDeserializerModifier,36,0.077
com.fasterxml.jackson.dataformat.xml.deser.XmlBeanDeserializerModifier,38,0.077
com.fasterxml.jackson.dataformat.xml.deser.XmlBeanDeserializerModifier,39,0.077
com.fasterxml.jackson.dataformat.xml.deser.XmlBeanDeserializerModifier,40,0.077
com.fasterxml.jackson.dataformat.xml.deser.XmlBeanDeserializerModifier,42,0.077
com.fasterxml.jackson.dataformat.xml.ser.XmlSerializerProvider,48,0.077
com.fasterxml.jackson.dataformat.xml.ser.XmlSerializerProvider,49,0.077
com.fasterxml.jackson.dataformat.xml.deser.XmlBeanDeserializerModifier,50,0.077
com.fasterxml.jackson.dataformat.xml.ser.XmlSerializerProvider,50,0.077
com.fasterxml.jackson.dataformat.xml.deser.XmlBeanDeserializerModifier,51,0.077
com.fasterxml.jackson.dataformat.xml.deser.XmlBeanDeserializerModifier,60,0.077
com.fasterxml.jackson.dataformat.xml.deser.XmlBeanDeserializerModifier,62,0.077
com.fasterxml.jackson.dataformat.xml.ser.XmlSerializerProvider,76,0.077
com.fasterxml.jackson.dataformat.xml.deser.XmlBeanDeserializerModifier,77,0.077
com.fasterxml.jackson.dataformat.xml.ser.ToXmlGenerator,434,0.076
com.fasterxml.jackson.dataformat.xml.ser.ToXmlGenerator,438,0.076
com.fasterxml.jackson.dataformat.xml.ser.ToXmlGenerator,439,0.076
com.fasterxml.jackson.dataformat.xml.ser.ToXmlGenerator,440,0.076
com.fasterxml.jackson.dataformat.xml.XmlFactory,461,0.076
com.fasterxml.jackson.dataformat.xml.XmlFactory,463,0.076
com.fasterxml.jackson.dataformat.xml.XmlFactory,630,0.076
com.fasterxml.jackson.dataformat.xml.XmlFactory,633,0.076
com.fasterxml.jackson.dataformat.xml.XmlFactory,634,0.076
com.fasterxml.jackson.dataformat.xml.ser.ToXmlGenerator,347,0.076
com.fasterxml.jackson.dataformat.xml.ser.ToXmlGenerator,348,0.076
com.fasterxml.jackson.dataformat.xml.ser.ToXmlGenerator,504,0.076
com.fasterxml.jackson.dataformat.xml.ser.ToXmlGenerator,505,0.076
com.fasterxml.jackson.dataformat.xml.ser.ToXmlGenerator,506,0.076
com.fasterxml.jackson.dataformat.xml.ser.ToXmlGenerator,511,0.076
com.fasterxml.jackson.dataformat.xml.ser.ToXmlGenerator,516,0.076
com.fasterxml.jackson.dataformat.xml.ser.ToXmlGenerator,519,0.076
com.fasterxml.jackson.dataformat.xml.ser.ToXmlGenerator,520,0.076
com.fasterxml.jackson.dataformat.xml.ser.ToXmlGenerator,527,0.076
com.fasterxml.jackson.dataformat.xml.ser.ToXmlGenerator,532,0.076
com.fasterxml.jackson.dataformat.xml.ser.ToXmlGenerator,536,0.076
com.fasterxml.jackson.dataformat.xml.ser.ToXmlGenerator,538,0.076
com.fasterxml.jackson.dataformat.xml.ser.ToXmlGenerator,541,0.076
com.fasterxml.jackson.dataformat.xml.ser.ToXmlGenerator,542,0.076
com.fasterxml.jackson.dataformat.xml.ser.ToXmlGenerator,548,0.076
com.fasterxml.jackson.dataformat.xml.ser.ToXmlGenerator,551,0.076
com.fasterxml.jackson.dataformat.xml.ser.ToXmlGenerator,554,0.076
com.fasterxml.jackson.dataformat.xml.ser.ToXmlGenerator,555,0.076
com.fasterxml.jackson.dataformat.xml.ser.ToXmlGenerator,557,0.076
com.fasterxml.jackson.dataformat.xml.ser.ToXmlGenerator,565,0.076
com.fasterxml.jackson.dataformat.xml.ser.ToXmlGenerator,566,0.076
com.fasterxml.jackson.dataformat.xml.ser.ToXmlGenerator,1154,0.076
com.fasterxml.jackson.dataformat.xml.ser.ToXmlGenerator,1157,0.076
com.fasterxml.jackson.dataformat.xml.ser.ToXmlGenerator,1165,0.076
com.fasterxml.jackson.dataformat.xml.ser.ToXmlGenerator,1166,0.076
com.fasterxml.jackson.dataformat.xml.ser.ToXmlGenerator,1168,0.076
com.fasterxml.jackson.dataformat.xml.ser.ToXmlGenerator,1179,0.076
com.fasterxml.jackson.dataformat.xml.ser.ToXmlGenerator,1182,0.076
com.fasterxml.jackson.dataformat.xml.ser.ToXmlGenerator,1183,0.076
com.fasterxml.jackson.dataformat.xml.ser.ToXmlGenerator,1189,0.076
com.fasterxml.jackson.dataformat.xml.ser.ToXmlGenerator,1190,0.076
com.fasterxml.jackson.dataformat.xml.ser.ToXmlGenerator,138,0.075
com.fasterxml.jackson.dataformat.xml.ser.ToXmlGenerator,144,0.075
com.fasterxml.jackson.dataformat.xml.ser.ToXmlGenerator,152,0.075
com.fasterxml.jackson.dataformat.xml.ser.ToXmlGenerator,158,0.075
com.fasterxml.jackson.dataformat.xml.ser.ToXmlGenerator,164,0.075
com.fasterxml.jackson.dataformat.xml.ser.ToXmlGenerator,175,0.075
com.fasterxml.jackson.dataformat.xml.ser.ToXmlGenerator,176,0.075
com.fasterxml.jackson.dataformat.xml.ser.ToXmlGenerator,177,0.075
com.fasterxml.jackson.dataformat.xml.ser.ToXmlGenerator,178,0.075
com.fasterxml.jackson.dataformat.xml.ser.ToXmlGenerator,179,0.075
com.fasterxml.jackson.dataformat.xml.ser.ToXmlGenerator,180,0.075
com.fasterxml.jackson.dataformat.xml.ser.ToXmlGenerator,181,0.075
com.fasterxml.jackson.dataformat.xml.ser.ToXmlGenerator,182,0.075
com.fasterxml.jackson.dataformat.xml.ser.ToXmlGenerator,183,0.075
com.fasterxml.jackson.dataformat.xml.XmlFactory,642,0.075
com.fasterxml.jackson.dataformat.xml.XmlFactory,645,0.075
com.fasterxml.jackson.dataformat.xml.XmlFactory,646,0.075
com.fasterxml.jackson.dataformat.xml.ser.ToXmlGenerator,1126,0.075
com.fasterxml.jackson.dataformat.xml.ser.ToXmlGenerator,1127,0.075
com.fasterxml.jackson.dataformat.xml.ser.ToXmlGenerator,1130,0.075
com.fasterxml.jackson.dataformat.xml.XmlFactory,428,0.075
com.fasterxml.jackson.dataformat.xml.XmlFactory,429,0.075
com.fasterxml.jackson.dataformat.xml.XmlFactory,430,0.075
com.fasterxml.jackson.dataformat.xml.XmlFactory,433,0.075
com.fasterxml.jackson.dataformat.xml.XmlFactory,550,0.073
com.fasterxml.jackson.dataformat.xml.XmlFactory,553,0.073
com.fasterxml.jackson.dataformat.xml.XmlFactory,554,0.073
com.fasterxml.jackson.dataformat.xml.XmlFactory,555,0.073
com.fasterxml.jackson.dataformat.xml.XmlFactory,557,0.073
com.fasterxml.jackson.dataformat.xml.XmlFactory,560,0.073
com.fasterxml.jackson.dataformat.xml.JacksonXmlAnnotationIntrospector,114,0.073
com.fasterxml.jackson.dataformat.xml.JacksonXmlAnnotationIntrospector,169,0.073
com.fasterxml.jackson.dataformat.xml.JacksonXmlAnnotationIntrospector,167,0.072
com.fasterxml.jackson.dataformat.xml.JacksonXmlAnnotationIntrospector,168,0.072
com.fasterxml.jackson.dataformat.xml.JacksonXmlAnnotationIntrospector,165,0.071
com.fasterxml.jackson.dataformat.xml.JacksonXmlAnnotationIntrospector,166,0.071
com.fasterxml.jackson.dataformat.xml.JacksonXmlAnnotationIntrospector,174,0.071
com.fasterxml.jackson.dataformat.xml.deser.XmlTokenStream,204,0.071
com.fasterxml.jackson.dataformat.xml.deser.XmlTokenStream,205,0.071
com.fasterxml.jackson.dataformat.xml.deser.FromXmlParser,370,0.071
com.fasterxml.jackson.dataformat.xml.deser.FromXmlParser,371,0.071
com.fasterxml.jackson.dataformat.xml.deser.FromXmlParser,373,0.071
com.fasterxml.jackson.dataformat.xml.deser.FromXmlParser,374,0.071
com.fasterxml.jackson.dataformat.xml.deser.FromXmlParser,382,0.071
com.fasterxml.jackson.dataformat.xml.deser.FromXmlParser,385,0.071
com.fasterxml.jackson.dataformat.xml.XmlFactory,653,0.071
com.fasterxml.jackson.dataformat.xml.XmlFactory,658,0.071
com.fasterxml.jackson.dataformat.xml.XmlFactory,659,0.071
com.fasterxml.jackson.dataformat.xml.deser.FromXmlParser,1006,0.071
com.fasterxml.jackson.dataformat.xml.deser.XmlReadContext,53,0.07
com.fasterxml.jackson.dataformat.xml.deser.XmlReadContext,63,0.07
com.fasterxml.jackson.dataformat.xml.deser.XmlReadContext,64,0.07
com.fasterxml.jackson.dataformat.xml.deser.XmlReadContext,65,0.07
com.fasterxml.jackson.dataformat.xml.deser.XmlReadContext,66,0.07
com.fasterxml.jackson.dataformat.xml.deser.XmlReadContext,67,0.07
com.fasterxml.jackson.dataformat.xml.deser.XmlReadContext,68,0.07
com.fasterxml.jackson.dataformat.xml.deser.XmlReadContext,69,0.07
com.fasterxml.jackson.dataformat.xml.deser.FromXmlParser,93,0.07
com.fasterxml.jackson.dataformat.xml.deser.XmlReadContext,99,0.07
com.fasterxml.jackson.dataformat.xml.deser.XmlReadContext,119,0.07
com.fasterxml.jackson.dataformat.xml.deser.XmlReadContext,120,0.07
com.fasterxml.jackson.dataformat.xml.deser.XmlReadContext,121,0.07
com.fasterxml.jackson.dataformat.xml.deser.XmlReadContext,122,0.07
com.fasterxml.jackson.dataformat.xml.deser.FromXmlParser,161,0.07
com.fasterxml.jackson.dataformat.xml.deser.FromXmlParser,180,0.07
com.fasterxml.jackson.dataformat.xml.deser.FromXmlParser,181,0.07
com.fasterxml.jackson.dataformat.xml.deser.FromXmlParser,182,0.07
com.fasterxml.jackson.dataformat.xml.deser.FromXmlParser,183,0.07
com.fasterxml.jackson.dataformat.xml.deser.FromXmlParser,184,0.07
com.fasterxml.jackson.dataformat.xml.deser.FromXmlParser,186,0.07
com.fasterxml.jackson.dataformat.xml.deser.FromXmlParser,187,0.07
com.fasterxml.jackson.dataformat.xml.deser.FromXmlParser,189,0.07
com.fasterxml.jackson.dataformat.xml.deser.FromXmlParser,473,0.07
com.fasterxml.jackson.dataformat.xml.deser.FromXmlParser,474,0.07
com.fasterxml.jackson.dataformat.xml.deser.FromXmlParser,475,0.07
com.fasterxml.jackson.dataformat.xml.deser.FromXmlParser,476,0.07
com.fasterxml.jackson.dataformat.xml.deser.FromXmlParser,477,0.07
com.fasterxml.jackson.dataformat.xml.deser.FromXmlParser,478,0.07
com.fasterxml.jackson.dataformat.xml.deser.FromXmlParser,480,0.07
com.fasterxml.jackson.dataformat.xml.deser.FromXmlParser,481,0.07
com.fasterxml.jackson.dataformat.xml.deser.FromXmlParser,496,0.07
com.fasterxml.jackson.dataformat.xml.util.AnnotationUtil,44,0.07
com.fasterxml.jackson.dataformat.xml.util.AnnotationUtil,45,0.07
com.fasterxml.jackson.dataformat.xml.util.AnnotationUtil,38,0.07
com.fasterxml.jackson.dataformat.xml.deser.XmlTokenStream,75,0.069
com.fasterxml.jackson.dataformat.xml.deser.XmlTokenStream,115,0.069
com.fasterxml.jackson.dataformat.xml.deser.XmlTokenStream,116,0.069
com.fasterxml.jackson.dataformat.xml.deser.XmlTokenStream,118,0.069
com.fasterxml.jackson.dataformat.xml.deser.XmlTokenStream,122,0.069
com.fasterxml.jackson.dataformat.xml.deser.XmlTokenStream,123,0.069
com.fasterxml.jackson.dataformat.xml.deser.XmlTokenStream,124,0.069
com.fasterxml.jackson.dataformat.xml.deser.XmlTokenStream,125,0.069
com.fasterxml.jackson.dataformat.xml.deser.XmlTokenStream,126,0.069
com.fasterxml.jackson.dataformat.xml.deser.XmlTokenStream,127,0.069
com.fasterxml.jackson.dataformat.xml.deser.XmlTokenStream,128,0.069
com.fasterxml.jackson.dataformat.xml.JacksonXmlAnnotationIntrospector,110,0.068
com.fasterxml.jackson.dataformat.xml.JacksonXmlAnnotationIntrospector,111,0.068
com.fasterxml.jackson.dataformat.xml.util.TypeUtil,29,0.068
com.fasterxml.jackson.dataformat.xml.util.AnnotationUtil,34,0.067
com.fasterxml.jackson.dataformat.xml.util.AnnotationUtil,35,0.067
com.fasterxml.jackson.dataformat.xml.util.AnnotationUtil,32,0.066
com.fasterxml.jackson.dataformat.xml.util.AnnotationUtil,33,0.066
com.fasterxml.jackson.dataformat.xml.util.TypeUtil,15,0.065
