org.apache.commons.compress.archivers.tar.TarArchiveInputStream,501,1
org.apache.commons.compress.archivers.tar.TarArchiveOutputStream,288,0.577
org.apache.commons.compress.archivers.tar.TarArchiveOutputStream,585,0.577
org.apache.commons.compress.archivers.tar.TarArchiveOutputStream,587,0.577
org.apache.commons.compress.archivers.tar.TarArchiveOutputStream,589,0.577
org.apache.commons.compress.archivers.tar.TarArchiveOutputStream,590,0.577
org.apache.commons.compress.archivers.tar.TarArchiveOutputStream,592,0.577
org.apache.commons.compress.archivers.tar.TarArchiveOutputStream,595,0.577
org.apache.commons.compress.archivers.tar.TarArchiveOutputStream,596,0.577
org.apache.commons.compress.archivers.tar.TarArchiveOutputStream,597,0.577
org.apache.commons.compress.archivers.tar.TarArchiveOutputStream,598,0.577
org.apache.commons.compress.archivers.tar.TarArchiveOutputStream,600,0.577
org.apache.commons.compress.archivers.tar.TarArchiveOutputStream,601,0.577
org.apache.commons.compress.archivers.tar.TarArchiveOutputStream,606,0.577
org.apache.commons.compress.archivers.tar.TarArchiveOutputStream,607,0.577
org.apache.commons.compress.archivers.tar.TarArchiveOutputStream,609,0.577
org.apache.commons.compress.archivers.tar.TarArchiveEntry,949,0.577
org.apache.commons.compress.archivers.tar.TarArchiveEntry,500,0.5
org.apache.commons.compress.archivers.tar.TarArchiveInputStream,500,0.5
org.apache.commons.compress.archivers.tar.TarArchiveEntry,501,0.5
org.apache.commons.compress.archivers.tar.TarArchiveOutputStream,186,0.447
org.apache.commons.compress.archivers.tar.TarArchiveOutputStream,187,0.447
org.apache.commons.compress.archivers.tar.TarArchiveInputStream,498,0.408
org.apache.commons.compress.archivers.tar.TarArchiveOutputStream,305,0.316
org.apache.commons.compress.archivers.tar.TarArchiveInputStream,311,0.302
org.apache.commons.compress.archivers.tar.TarArchiveInputStream,429,0.302
org.apache.commons.compress.archivers.tar.TarArchiveInputStream,430,0.302
org.apache.commons.compress.archivers.tar.TarArchiveInputStream,431,0.302
org.apache.commons.compress.archivers.tar.TarArchiveInputStream,493,0.302
org.apache.commons.compress.archivers.tar.TarArchiveInputStream,494,0.302
org.apache.commons.compress.archivers.tar.TarArchiveInputStream,495,0.302
org.apache.commons.compress.archivers.tar.TarArchiveInputStream,496,0.302
org.apache.commons.compress.archivers.tar.TarArchiveOutputStream,451,0.277
org.apache.commons.compress.archivers.tar.TarArchiveOutputStream,452,0.277
org.apache.commons.compress.archivers.tar.TarArchiveOutputStream,455,0.277
org.apache.commons.compress.archivers.tar.TarArchiveOutputStream,457,0.277
org.apache.commons.compress.archivers.tar.TarArchiveOutputStream,459,0.277
org.apache.commons.compress.archivers.tar.TarArchiveOutputStream,460,0.277
org.apache.commons.compress.archivers.tar.TarArchiveOutputStream,461,0.277
org.apache.commons.compress.archivers.tar.TarArchiveOutputStream,462,0.277
org.apache.commons.compress.archivers.tar.TarArchiveOutputStream,463,0.277
org.apache.commons.compress.archivers.tar.TarArchiveOutputStream,466,0.277
org.apache.commons.compress.archivers.tar.TarArchiveOutputStream,467,0.277
org.apache.commons.compress.archivers.tar.TarArchiveOutputStream,468,0.277
org.apache.commons.compress.archivers.tar.TarArchiveOutputStream,478,0.277
org.apache.commons.compress.archivers.tar.TarArchiveOutputStream,479,0.277
org.apache.commons.compress.archivers.tar.TarArchiveOutputStream,480,0.277
org.apache.commons.compress.archivers.tar.TarArchiveOutputStream,481,0.277
org.apache.commons.compress.archivers.tar.TarArchiveOutputStream,482,0.277
org.apache.commons.compress.archivers.tar.TarArchiveOutputStream,483,0.277
org.apache.commons.compress.archivers.tar.TarArchiveOutputStream,484,0.277
org.apache.commons.compress.archivers.tar.TarArchiveOutputStream,485,0.277
org.apache.commons.compress.archivers.tar.TarArchiveOutputStream,488,0.277
org.apache.commons.compress.archivers.tar.TarArchiveOutputStream,489,0.277
org.apache.commons.compress.archivers.tar.TarArchiveOutputStream,490,0.277
org.apache.commons.compress.archivers.tar.TarArchiveOutputStream,491,0.277
org.apache.commons.compress.archivers.tar.TarArchiveOutputStream,492,0.277
org.apache.commons.compress.archivers.tar.TarArchiveOutputStream,495,0.277
org.apache.commons.compress.archivers.tar.TarArchiveOutputStream,498,0.277
org.apache.commons.compress.archivers.tar.TarArchiveOutputStream,506,0.277
org.apache.commons.compress.archivers.tar.TarArchiveInputStream,435,0.267
org.apache.commons.compress.archivers.tar.TarArchiveInputStream,439,0.267
org.apache.commons.compress.archivers.tar.TarArchiveInputStream,440,0.267
org.apache.commons.compress.archivers.tar.TarArchiveInputStream,441,0.267
org.apache.commons.compress.archivers.tar.TarArchiveInputStream,442,0.267
org.apache.commons.compress.archivers.tar.TarArchiveInputStream,443,0.267
org.apache.commons.compress.archivers.tar.TarArchiveInputStream,445,0.267
org.apache.commons.compress.archivers.tar.TarArchiveInputStream,446,0.267
org.apache.commons.compress.archivers.tar.TarArchiveInputStream,447,0.267
org.apache.commons.compress.archivers.tar.TarArchiveInputStream,448,0.267
org.apache.commons.compress.archivers.tar.TarArchiveInputStream,449,0.267
org.apache.commons.compress.archivers.tar.TarArchiveInputStream,451,0.267
org.apache.commons.compress.archivers.tar.TarArchiveInputStream,452,0.267
org.apache.commons.compress.archivers.tar.TarArchiveInputStream,453,0.267
org.apache.commons.compress.archivers.tar.TarArchiveInputStream,454,0.267
org.apache.commons.compress.archivers.tar.TarArchiveInputStream,462,0.267
org.apache.commons.compress.archivers.tar.TarArchiveInputStream,464,0.267
org.apache.commons.compress.archivers.tar.TarArchiveInputStream,465,0.267
org.apache.commons.compress.archivers.tar.TarArchiveInputStream,467,0.267
org.apache.commons.compress.archivers.tar.TarArchiveInputStream,471,0.267
org.apache.commons.compress.archivers.tar.TarArchiveInputStream,472,0.267
org.apache.commons.compress.archivers.tar.TarArchiveInputStream,474,0.267
org.apache.commons.compress.archivers.tar.TarArchiveInputStream,475,0.267
org.apache.commons.compress.archivers.tar.TarArchiveInputStream,477,0.267
org.apache.commons.compress.archivers.tar.TarArchiveInputStream,478,0.267
org.apache.commons.compress.archivers.tar.TarArchiveEntry,577,0.243
org.apache.commons.compress.archivers.tar.TarArchiveEntry,578,0.243
org.apache.commons.compress.archivers.tar.TarArchiveOutputStream,695,0.243
org.apache.commons.compress.archivers.tar.TarArchiveOutputStream,696,0.243
org.apache.commons.compress.archivers.tar.TarArchiveOutputStream,697,0.243
org.apache.commons.compress.archivers.tar.TarArchiveOutputStream,700,0.243
org.apache.commons.compress.archivers.tar.TarArchiveOutputStream,701,0.243
org.apache.commons.compress.archivers.ArchiveOutputStream,108,0.218
org.apache.commons.compress.archivers.ArchiveOutputStream,109,0.218
org.apache.commons.compress.archivers.ArchiveOutputStream,110,0.218
org.apache.commons.compress.archivers.tar.TarArchiveInputStream,181,0.218
org.apache.commons.compress.archivers.tar.TarArchiveInputStream,184,0.218
org.apache.commons.compress.archivers.tar.TarArchiveEntry,236,0.218
org.apache.commons.compress.archivers.tar.TarArchiveEntry,237,0.218
org.apache.commons.compress.archivers.tar.TarArchiveInputStream,608,0.218
org.apache.commons.compress.archivers.tar.TarArchiveInputStream,612,0.218
org.apache.commons.compress.archivers.tar.TarArchiveInputStream,614,0.218
org.apache.commons.compress.archivers.tar.TarArchiveInputStream,616,0.218
org.apache.commons.compress.archivers.tar.TarArchiveInputStream,622,0.218
org.apache.commons.compress.archivers.tar.TarArchiveInputStream,623,0.218
org.apache.commons.compress.archivers.tar.TarArchiveInputStream,626,0.218
org.apache.commons.compress.archivers.ArchiveInputStream,81,0.213
org.apache.commons.compress.archivers.ArchiveInputStream,82,0.213
org.apache.commons.compress.archivers.tar.TarArchiveEntry,250,0.213
org.apache.commons.compress.archivers.tar.TarArchiveEntry,251,0.213
org.apache.commons.compress.archivers.tar.TarArchiveEntry,252,0.213
org.apache.commons.compress.archivers.tar.TarArchiveEntry,256,0.213
org.apache.commons.compress.archivers.tar.TarArchiveInputStream,333,0.209
org.apache.commons.compress.archivers.tar.TarArchiveInputStream,334,0.209
org.apache.commons.compress.archivers.tar.TarArchiveInputStream,335,0.209
org.apache.commons.compress.archivers.tar.TarArchiveInputStream,336,0.209
org.apache.commons.compress.archivers.tar.TarArchiveInputStream,558,0.209
org.apache.commons.compress.archivers.tar.TarArchiveInputStream,206,0.204
org.apache.commons.compress.archivers.tar.TarArchiveInputStream,210,0.204
org.apache.commons.compress.archivers.tar.TarArchiveInputStream,211,0.204
org.apache.commons.compress.archivers.tar.TarArchiveInputStream,212,0.204
org.apache.commons.compress.archivers.tar.TarArchiveInputStream,213,0.204
org.apache.commons.compress.archivers.tar.TarArchiveInputStream,214,0.204
org.apache.commons.compress.archivers.tar.TarArchiveInputStream,263,0.204
org.apache.commons.compress.archivers.tar.TarArchiveInputStream,266,0.204
org.apache.commons.compress.archivers.tar.TarArchiveInputStream,332,0.204
org.apache.commons.compress.archivers.tar.TarArchiveInputStream,338,0.204
org.apache.commons.compress.archivers.tar.TarArchiveInputStream,602,0.196
org.apache.commons.compress.archivers.tar.TarArchiveInputStream,604,0.196
org.apache.commons.compress.archivers.tar.TarArchiveInputStream,605,0.196
org.apache.commons.compress.archivers.tar.TarArchiveOutputStream,101,0.192
org.apache.commons.compress.archivers.tar.TarArchiveOutputStream,102,0.192
org.apache.commons.compress.archivers.tar.TarArchiveOutputStream,142,0.189
org.apache.commons.compress.archivers.tar.TarArchiveOutputStream,143,0.189
org.apache.commons.compress.archivers.tar.TarArchiveOutputStream,342,0.186
org.apache.commons.compress.archivers.tar.TarArchiveOutputStream,343,0.186
org.apache.commons.compress.archivers.tar.TarArchiveOutputStream,346,0.186
org.apache.commons.compress.archivers.tar.TarArchiveOutputStream,348,0.186
org.apache.commons.compress.archivers.tar.TarArchiveOutputStream,349,0.186
org.apache.commons.compress.archivers.tar.TarArchiveOutputStream,426,0.186
org.apache.commons.compress.archivers.tar.TarArchiveOutputStream,429,0.186
org.apache.commons.compress.archivers.tar.TarArchiveOutputStream,431,0.186
org.apache.commons.compress.archivers.tar.TarArchiveEntry,638,0.183
org.apache.commons.compress.archivers.tar.TarArchiveEntry,641,0.183
org.apache.commons.compress.archivers.tar.TarArchiveEntry,642,0.183
org.apache.commons.compress.archivers.tar.TarArchiveEntry,1113,0.183
org.apache.commons.compress.utils.IOUtils,112,0.18
org.apache.commons.compress.archivers.tar.TarArchiveEntry,203,0.18
org.apache.commons.compress.archivers.tar.TarArchiveEntry,204,0.18
org.apache.commons.compress.archivers.tar.TarArchiveOutputStream,240,0.18
org.apache.commons.compress.utils.IOUtils,105,0.177
org.apache.commons.compress.utils.IOUtils,106,0.177
org.apache.commons.compress.utils.IOUtils,103,0.174
org.apache.commons.compress.utils.IOUtils,109,0.174
org.apache.commons.compress.utils.IOUtils,110,0.174
org.apache.commons.compress.utils.IOUtils,111,0.174
org.apache.commons.compress.archivers.tar.TarArchiveOutputStream,377,0.174
org.apache.commons.compress.archivers.tar.TarArchiveOutputStream,380,0.174
org.apache.commons.compress.archivers.tar.TarArchiveOutputStream,395,0.174
org.apache.commons.compress.archivers.tar.TarArchiveOutputStream,424,0.174
org.apache.commons.compress.archivers.tar.TarArchiveOutputStream,425,0.174
org.apache.commons.compress.archivers.tar.TarArchiveOutputStream,442,0.174
org.apache.commons.compress.archivers.tar.TarArchiveEntry,1044,0.174
org.apache.commons.compress.archivers.tar.TarArchiveEntry,1046,0.174
org.apache.commons.compress.archivers.tar.TarArchiveEntry,1049,0.174
org.apache.commons.compress.archivers.tar.TarArchiveEntry,1052,0.174
org.apache.commons.compress.archivers.tar.TarArchiveEntry,1112,0.174
org.apache.commons.compress.archivers.tar.TarArchiveOutputStream,226,0.171
org.apache.commons.compress.archivers.tar.TarArchiveOutputStream,227,0.171
org.apache.commons.compress.archivers.tar.TarArchiveOutputStream,228,0.171
org.apache.commons.compress.archivers.tar.TarArchiveOutputStream,229,0.171
org.apache.commons.compress.archivers.tar.TarArchiveOutputStream,230,0.171
org.apache.commons.compress.archivers.tar.TarArchiveOutputStream,231,0.171
org.apache.commons.compress.archivers.tar.TarArchiveOutputStream,243,0.171
org.apache.commons.compress.archivers.tar.TarArchiveOutputStream,244,0.171
org.apache.commons.compress.archivers.tar.TarArchiveOutputStream,245,0.171
org.apache.commons.compress.archivers.tar.TarArchiveOutputStream,247,0.171
org.apache.commons.compress.archivers.tar.TarArchiveOutputStream,516,0.171
org.apache.commons.compress.archivers.tar.TarArchiveOutputStream,517,0.171
org.apache.commons.compress.archivers.tar.TarArchiveOutputStream,518,0.171
org.apache.commons.compress.archivers.tar.TarArchiveOutputStream,575,0.171
org.apache.commons.compress.archivers.tar.TarArchiveOutputStream,576,0.171
org.apache.commons.compress.archivers.tar.TarArchiveOutputStream,577,0.171
org.apache.commons.compress.archivers.tar.TarArchiveOutputStream,578,0.171
org.apache.commons.compress.archivers.tar.TarArchiveOutputStream,581,0.171
org.apache.commons.compress.archivers.tar.TarArchiveOutputStream,335,0.169
org.apache.commons.compress.archivers.tar.TarArchiveOutputStream,338,0.169
org.apache.commons.compress.archivers.tar.TarArchiveOutputStream,341,0.169
org.apache.commons.compress.archivers.tar.TarArchiveOutputStream,352,0.169
org.apache.commons.compress.archivers.tar.TarArchiveOutputStream,358,0.169
org.apache.commons.compress.archivers.tar.TarArchiveOutputStream,359,0.169
org.apache.commons.compress.archivers.tar.TarArchiveOutputStream,317,0.167
org.apache.commons.compress.utils.IOUtils,101,0.164
org.apache.commons.compress.utils.IOUtils,102,0.164
org.apache.commons.compress.utils.ArchiveUtils,154,0.164
org.apache.commons.compress.archivers.tar.TarArchiveEntry,451,0.164
org.apache.commons.compress.archivers.tar.TarArchiveEntry,619,0.164
org.apache.commons.compress.archivers.tar.TarArchiveEntry,651,0.164
org.apache.commons.compress.archivers.tar.TarArchiveEntry,676,0.164
org.apache.commons.compress.archivers.tar.TarArchiveOutputStream,239,0.162
org.apache.commons.compress.archivers.tar.TarArchiveEntry,491,0.162
org.apache.commons.compress.archivers.tar.TarArchiveOutputStream,626,0.162
org.apache.commons.compress.archivers.tar.TarArchiveOutputStream,627,0.162
org.apache.commons.compress.archivers.tar.TarArchiveOutputStream,634,0.162
org.apache.commons.compress.archivers.tar.TarArchiveOutputStream,639,0.162
org.apache.commons.compress.utils.IOUtils,99,0.16
org.apache.commons.compress.utils.IOUtils,100,0.16
org.apache.commons.compress.utils.IOUtils,108,0.16
org.apache.commons.compress.utils.IOUtils,116,0.16
org.apache.commons.compress.utils.IOUtils,160,0.16
org.apache.commons.compress.archivers.tar.TarArchiveEntry,217,0.16
org.apache.commons.compress.archivers.tar.TarArchiveEntry,219,0.16
org.apache.commons.compress.archivers.tar.TarArchiveOutputStream,219,0.16
org.apache.commons.compress.archivers.tar.TarArchiveEntry,220,0.16
org.apache.commons.compress.archivers.tar.TarArchiveEntry,222,0.16
org.apache.commons.compress.archivers.tar.TarArchiveEntry,223,0.16
org.apache.commons.compress.archivers.tar.TarArchiveOutputStream,223,0.16
org.apache.commons.compress.archivers.tar.TarArchiveEntry,224,0.16
org.apache.commons.compress.archivers.tar.TarArchiveEntry,225,0.16
org.apache.commons.compress.archivers.tar.TarArchiveEntry,226,0.16
org.apache.commons.compress.archivers.tar.TarArchiveEntry,227,0.16
org.apache.commons.compress.archivers.tar.TarArchiveOutputStream,293,0.16
org.apache.commons.compress.archivers.tar.TarArchiveOutputStream,298,0.16
org.apache.commons.compress.archivers.tar.TarArchiveOutputStream,304,0.16
org.apache.commons.compress.archivers.tar.TarArchiveOutputStream,308,0.16
org.apache.commons.compress.archivers.tar.TarArchiveOutputStream,310,0.16
org.apache.commons.compress.archivers.tar.TarArchiveOutputStream,312,0.16
org.apache.commons.compress.archivers.tar.TarArchiveOutputStream,314,0.16
org.apache.commons.compress.archivers.tar.TarArchiveOutputStream,319,0.16
org.apache.commons.compress.archivers.tar.TarArchiveOutputStream,320,0.16
org.apache.commons.compress.archivers.tar.TarArchiveOutputStream,321,0.16
org.apache.commons.compress.archivers.tar.TarArchiveEntry,780,0.16
org.apache.commons.compress.archivers.tar.TarArchiveEntry,784,0.16
org.apache.commons.compress.archivers.tar.TarArchiveOutputStream,284,0.158
org.apache.commons.compress.archivers.tar.TarArchiveOutputStream,287,0.158
org.apache.commons.compress.archivers.tar.TarArchiveOutputStream,541,0.158
org.apache.commons.compress.archivers.tar.TarArchiveOutputStream,548,0.158
org.apache.commons.compress.archivers.tar.TarArchiveOutputStream,549,0.158
org.apache.commons.compress.archivers.tar.TarArchiveOutputStream,550,0.158
org.apache.commons.compress.utils.CountingOutputStream,44,0.156
org.apache.commons.compress.utils.CountingOutputStream,45,0.156
org.apache.commons.compress.archivers.tar.TarArchiveOutputStream,279,0.156
org.apache.commons.compress.archivers.tar.TarArchiveOutputStream,282,0.156
org.apache.commons.compress.archivers.tar.TarArchiveOutputStream,283,0.156
org.apache.commons.compress.archivers.tar.TarArchiveEntry,409,0.156
org.apache.commons.compress.archivers.tar.TarArchiveOutputStream,691,0.156
org.apache.commons.compress.archivers.tar.TarArchiveOutputStream,273,0.154
org.apache.commons.compress.archivers.tar.TarArchiveOutputStream,276,0.154
org.apache.commons.compress.archivers.tar.TarArchiveOutputStream,277,0.154
org.apache.commons.compress.archivers.tar.TarArchiveOutputStream,278,0.154
org.apache.commons.compress.archivers.tar.TarUtils,300,0.154
org.apache.commons.compress.archivers.tar.TarUtils,557,0.154
org.apache.commons.compress.archivers.tar.TarUtils,559,0.154
org.apache.commons.compress.archivers.tar.TarUtils,560,0.154
org.apache.commons.compress.archivers.tar.TarUtils,563,0.154
org.apache.commons.compress.archivers.tar.TarArchiveEntry,586,0.154
org.apache.commons.compress.archivers.tar.TarUtils,611,0.154
org.apache.commons.compress.archivers.tar.TarUtils,613,0.154
org.apache.commons.compress.archivers.tar.TarArchiveOutputStream,667,0.154
org.apache.commons.compress.archivers.tar.TarArchiveOutputStream,668,0.154
org.apache.commons.compress.archivers.tar.TarArchiveOutputStream,669,0.154
org.apache.commons.compress.archivers.tar.TarArchiveEntry,776,0.154
org.apache.commons.compress.archivers.tar.TarArchiveEntry,900,0.154
org.apache.commons.compress.archivers.tar.TarArchiveEntry,902,0.154
org.apache.commons.compress.archivers.tar.TarArchiveEntry,904,0.154
org.apache.commons.compress.archivers.tar.TarArchiveEntry,905,0.154
org.apache.commons.compress.archivers.tar.TarArchiveEntry,907,0.154
org.apache.commons.compress.archivers.tar.TarArchiveEntry,909,0.154
org.apache.commons.compress.archivers.tar.TarArchiveEntry,910,0.154
org.apache.commons.compress.archivers.tar.TarArchiveEntry,913,0.154
org.apache.commons.compress.archivers.tar.TarArchiveEntry,915,0.154
org.apache.commons.compress.archivers.tar.TarArchiveEntry,916,0.154
org.apache.commons.compress.archivers.tar.TarArchiveEntry,919,0.154
org.apache.commons.compress.archivers.tar.TarArchiveEntry,920,0.154
org.apache.commons.compress.archivers.tar.TarArchiveEntry,922,0.154
org.apache.commons.compress.archivers.tar.TarArchiveEntry,923,0.154
org.apache.commons.compress.archivers.tar.TarArchiveEntry,924,0.154
org.apache.commons.compress.archivers.tar.TarArchiveEntry,926,0.154
org.apache.commons.compress.archivers.tar.TarArchiveEntry,928,0.154
org.apache.commons.compress.archivers.tar.TarArchiveEntry,930,0.154
org.apache.commons.compress.archivers.tar.TarArchiveEntry,933,0.154
org.apache.commons.compress.archivers.tar.TarArchiveEntry,934,0.154
org.apache.commons.compress.archivers.tar.TarArchiveEntry,937,0.154
org.apache.commons.compress.archivers.tar.TarArchiveEntry,939,0.154
org.apache.commons.compress.archivers.tar.TarArchiveEntry,940,0.154
org.apache.commons.compress.archivers.tar.TarArchiveEntry,944,0.154
org.apache.commons.compress.archivers.tar.TarArchiveEntry,951,0.154
org.apache.commons.compress.archivers.tar.TarArchiveOutputStream,71,0.152
org.apache.commons.compress.archivers.tar.TarArchiveOutputStream,72,0.152
org.apache.commons.compress.archivers.tar.TarArchiveOutputStream,77,0.152
org.apache.commons.compress.archivers.tar.TarArchiveOutputStream,80,0.152
org.apache.commons.compress.archivers.tar.TarArchiveOutputStream,83,0.152
org.apache.commons.compress.archivers.tar.TarArchiveOutputStream,92,0.152
org.apache.commons.compress.archivers.tar.TarArchiveOutputStream,154,0.152
org.apache.commons.compress.archivers.tar.TarArchiveOutputStream,155,0.152
org.apache.commons.compress.archivers.tar.TarArchiveOutputStream,156,0.152
org.apache.commons.compress.archivers.tar.TarArchiveOutputStream,157,0.152
org.apache.commons.compress.archivers.tar.TarArchiveOutputStream,159,0.152
org.apache.commons.compress.archivers.tar.TarArchiveOutputStream,160,0.152
org.apache.commons.compress.archivers.tar.TarArchiveOutputStream,161,0.152
org.apache.commons.compress.archivers.tar.TarArchiveOutputStream,162,0.152
org.apache.commons.compress.archivers.tar.TarArchiveOutputStream,163,0.152
org.apache.commons.compress.archivers.tar.TarArchiveOutputStream,164,0.152
org.apache.commons.compress.archivers.tar.TarArchiveInputStream,278,0.152
org.apache.commons.compress.archivers.tar.TarArchiveInputStream,283,0.152
org.apache.commons.compress.archivers.tar.TarArchiveInputStream,285,0.152
org.apache.commons.compress.archivers.tar.TarArchiveInputStream,286,0.152
org.apache.commons.compress.archivers.tar.TarArchiveInputStream,288,0.152
org.apache.commons.compress.archivers.tar.TarArchiveInputStream,299,0.152
org.apache.commons.compress.archivers.tar.TarArchiveInputStream,310,0.152
org.apache.commons.compress.archivers.tar.TarArchiveInputStream,314,0.152
org.apache.commons.compress.archivers.tar.TarArchiveInputStream,322,0.152
org.apache.commons.compress.archivers.tar.TarArchiveInputStream,324,0.152
org.apache.commons.compress.archivers.tar.TarArchiveEntry,325,0.152
org.apache.commons.compress.archivers.tar.TarArchiveEntry,326,0.152
org.apache.commons.compress.archivers.tar.TarUtils,541,0.152
org.apache.commons.compress.archivers.tar.TarUtils,542,0.152
org.apache.commons.compress.archivers.tar.TarUtils,544,0.152
org.apache.commons.compress.archivers.tar.TarUtils,545,0.152
org.apache.commons.compress.archivers.tar.TarUtils,547,0.152
org.apache.commons.compress.archivers.tar.TarArchiveEntry,719,0.152
org.apache.commons.compress.archivers.tar.TarArchiveEntry,728,0.152
org.apache.commons.compress.archivers.tar.TarArchiveEntry,729,0.152
org.apache.commons.compress.archivers.tar.TarArchiveEntry,738,0.152
org.apache.commons.compress.archivers.tar.TarArchiveEntry,739,0.152
org.apache.commons.compress.archivers.tar.TarArchiveEntry,751,0.152
org.apache.commons.compress.archivers.tar.TarArchiveEntry,985,0.152
org.apache.commons.compress.archivers.tar.TarArchiveEntry,986,0.152
org.apache.commons.compress.archivers.tar.TarArchiveEntry,1000,0.152
org.apache.commons.compress.archivers.tar.TarArchiveEntry,1001,0.152
org.apache.commons.compress.archivers.tar.TarArchiveEntry,1002,0.152
org.apache.commons.compress.archivers.tar.TarArchiveEntry,1003,0.152
org.apache.commons.compress.archivers.tar.TarArchiveEntry,1004,0.152
org.apache.commons.compress.archivers.tar.TarArchiveEntry,1005,0.152
org.apache.commons.compress.archivers.tar.TarArchiveEntry,1006,0.152
org.apache.commons.compress.archivers.tar.TarArchiveEntry,1007,0.152
org.apache.commons.compress.archivers.tar.TarArchiveEntry,1008,0.152
org.apache.commons.compress.archivers.tar.TarArchiveEntry,1009,0.152
org.apache.commons.compress.archivers.tar.TarArchiveEntry,1010,0.152
org.apache.commons.compress.archivers.tar.TarArchiveEntry,1011,0.152
org.apache.commons.compress.archivers.tar.TarArchiveEntry,1012,0.152
org.apache.commons.compress.archivers.tar.TarArchiveEntry,1013,0.152
org.apache.commons.compress.archivers.tar.TarArchiveEntry,1014,0.152
org.apache.commons.compress.archivers.tar.TarArchiveEntry,1015,0.152
org.apache.commons.compress.archivers.tar.TarArchiveEntry,1016,0.152
org.apache.commons.compress.archivers.tar.TarArchiveEntry,1017,0.152
org.apache.commons.compress.archivers.tar.TarArchiveEntry,1018,0.152
org.apache.commons.compress.archivers.tar.TarArchiveEntry,1019,0.152
org.apache.commons.compress.archivers.tar.TarArchiveEntry,1020,0.152
org.apache.commons.compress.archivers.tar.TarArchiveEntry,1021,0.152
org.apache.commons.compress.archivers.tar.TarArchiveEntry,1022,0.152
org.apache.commons.compress.archivers.tar.TarArchiveEntry,1023,0.152
org.apache.commons.compress.archivers.tar.TarArchiveEntry,1024,0.152
org.apache.commons.compress.archivers.tar.TarArchiveEntry,1025,0.152
org.apache.commons.compress.archivers.tar.TarArchiveEntry,1027,0.152
org.apache.commons.compress.archivers.tar.TarArchiveEntry,1028,0.152
org.apache.commons.compress.archivers.tar.TarArchiveEntry,1057,0.152
org.apache.commons.compress.archivers.tar.TarArchiveEntry,1109,0.152
org.apache.commons.compress.utils.ArchiveUtils,157,0.151
org.apache.commons.compress.utils.ArchiveUtils,158,0.151
org.apache.commons.compress.utils.ArchiveUtils,246,0.151
org.apache.commons.compress.utils.ArchiveUtils,247,0.151
org.apache.commons.compress.utils.ArchiveUtils,248,0.151
org.apache.commons.compress.archivers.tar.TarArchiveInputStream,257,0.151
org.apache.commons.compress.archivers.tar.TarArchiveInputStream,261,0.151
org.apache.commons.compress.archivers.tar.TarArchiveInputStream,269,0.151
org.apache.commons.compress.archivers.tar.TarArchiveInputStream,271,0.151
org.apache.commons.compress.archivers.tar.TarUtils,320,0.151
org.apache.commons.compress.archivers.tar.TarArchiveEntry,324,0.151
org.apache.commons.compress.archivers.tar.TarArchiveInputStream,388,0.151
org.apache.commons.compress.archivers.tar.TarArchiveInputStream,389,0.151
org.apache.commons.compress.archivers.tar.TarArchiveInputStream,390,0.151
org.apache.commons.compress.archivers.tar.TarArchiveInputStream,395,0.151
org.apache.commons.compress.archivers.tar.TarArchiveInputStream,406,0.151
org.apache.commons.compress.archivers.tar.TarArchiveInputStream,417,0.151
org.apache.commons.compress.archivers.tar.TarArchiveInputStream,419,0.151
org.apache.commons.compress.archivers.tar.TarArchiveInputStream,420,0.151
org.apache.commons.compress.archivers.tar.TarArchiveInputStream,421,0.151
org.apache.commons.compress.archivers.tar.TarArchiveInputStream,425,0.151
org.apache.commons.compress.archivers.tar.TarUtils,473,0.151
org.apache.commons.compress.archivers.tar.TarUtils,475,0.151
org.apache.commons.compress.archivers.tar.TarUtils,476,0.151
org.apache.commons.compress.archivers.tar.TarUtils,477,0.151
org.apache.commons.compress.archivers.tar.TarUtils,602,0.151
org.apache.commons.compress.archivers.tar.TarUtils,603,0.151
org.apache.commons.compress.archivers.tar.TarUtils,604,0.151
org.apache.commons.compress.archivers.tar.TarUtils,606,0.151
org.apache.commons.compress.archivers.tar.TarUtils,607,0.151
org.apache.commons.compress.archivers.tar.TarUtils,608,0.151
org.apache.commons.compress.archivers.tar.TarUtils,609,0.151
org.apache.commons.compress.archivers.tar.TarUtils,610,0.151
org.apache.commons.compress.archivers.tar.TarUtils,612,0.151
org.apache.commons.compress.archivers.tar.TarUtils,615,0.151
org.apache.commons.compress.archivers.tar.TarUtils,617,0.151
org.apache.commons.compress.archivers.tar.TarUtils,618,0.151
org.apache.commons.compress.archivers.tar.TarUtils,621,0.151
org.apache.commons.compress.archivers.tar.TarArchiveEntry,991,0.151
org.apache.commons.compress.archivers.tar.TarArchiveEntry,993,0.151
org.apache.commons.compress.archivers.tar.TarArchiveEntry,994,0.151
org.apache.commons.compress.archivers.tar.TarArchiveEntry,995,0.151
org.apache.commons.compress.archivers.tar.TarArchiveEntry,996,0.151
org.apache.commons.compress.archivers.tar.TarArchiveEntry,997,0.151
org.apache.commons.compress.archivers.tar.TarArchiveEntry,998,0.151
org.apache.commons.compress.archivers.tar.TarArchiveEntry,999,0.151
org.apache.commons.compress.archivers.tar.TarUtils,168,0.149
org.apache.commons.compress.archivers.tar.TarUtils,261,0.149
org.apache.commons.compress.archivers.tar.TarUtils,353,0.149
org.apache.commons.compress.archivers.tar.TarUtils,354,0.149
org.apache.commons.compress.archivers.tar.TarUtils,355,0.149
org.apache.commons.compress.archivers.tar.TarUtils,358,0.149
org.apache.commons.compress.archivers.tar.TarUtils,359,0.149
org.apache.commons.compress.archivers.tar.TarUtils,362,0.149
org.apache.commons.compress.archivers.tar.TarUtils,363,0.149
org.apache.commons.compress.archivers.tar.TarUtils,366,0.149
org.apache.commons.compress.archivers.tar.TarUtils,383,0.149
org.apache.commons.compress.archivers.tar.TarArchiveEntry,772,0.149
org.apache.commons.compress.archivers.tar.TarArchiveInputStream,86,0.147
org.apache.commons.compress.archivers.tar.TarArchiveInputStream,87,0.147
org.apache.commons.compress.archivers.tar.TarArchiveInputStream,128,0.147
org.apache.commons.compress.archivers.tar.TarArchiveInputStream,129,0.147
org.apache.commons.compress.archivers.tar.TarUtils,144,0.147
org.apache.commons.compress.archivers.tar.TarUtils,399,0.147
org.apache.commons.compress.archivers.tar.TarUtils,444,0.147
org.apache.commons.compress.archivers.tar.TarUtils,446,0.147
org.apache.commons.compress.archivers.tar.TarUtils,447,0.147
org.apache.commons.compress.archivers.tar.TarUtils,449,0.147
org.apache.commons.compress.utils.ArchiveUtils,72,0.146
org.apache.commons.compress.utils.ArchiveUtils,75,0.146
org.apache.commons.compress.utils.ArchiveUtils,76,0.146
org.apache.commons.compress.archivers.tar.TarUtils,115,0.146
org.apache.commons.compress.archivers.tar.TarUtils,116,0.146
org.apache.commons.compress.archivers.tar.TarUtils,127,0.146
org.apache.commons.compress.archivers.tar.TarUtils,128,0.146
org.apache.commons.compress.archivers.tar.TarUtils,129,0.146
org.apache.commons.compress.archivers.tar.TarUtils,130,0.146
org.apache.commons.compress.archivers.tar.TarUtils,133,0.146
org.apache.commons.compress.archivers.tar.TarUtils,134,0.146
org.apache.commons.compress.archivers.tar.TarUtils,136,0.146
org.apache.commons.compress.archivers.tar.TarUtils,140,0.146
org.apache.commons.compress.archivers.tar.TarUtils,289,0.146
org.apache.commons.compress.archivers.tar.TarUtils,290,0.146
org.apache.commons.compress.archivers.tar.TarUtils,291,0.146
org.apache.commons.compress.archivers.tar.TarUtils,292,0.146
org.apache.commons.compress.archivers.tar.TarUtils,295,0.146
org.apache.commons.compress.archivers.tar.TarUtils,296,0.146
org.apache.commons.compress.archivers.tar.TarUtils,297,0.146
org.apache.commons.compress.archivers.tar.TarUtils,298,0.146
org.apache.commons.compress.archivers.tar.TarArchiveEntry,1065,0.146
org.apache.commons.compress.archivers.tar.TarArchiveEntry,1067,0.146
org.apache.commons.compress.archivers.tar.TarArchiveEntry,1072,0.146
org.apache.commons.compress.archivers.tar.TarArchiveEntry,1083,0.146
org.apache.commons.compress.archivers.tar.TarArchiveEntry,1091,0.146
org.apache.commons.compress.archivers.tar.TarArchiveEntry,1096,0.146
org.apache.commons.compress.archivers.tar.TarArchiveEntry,1099,0.146
org.apache.commons.compress.archivers.tar.TarUtils,102,0.144
org.apache.commons.compress.archivers.tar.TarUtils,103,0.144
org.apache.commons.compress.archivers.tar.TarUtils,104,0.144
org.apache.commons.compress.archivers.tar.TarUtils,106,0.144
org.apache.commons.compress.archivers.tar.TarUtils,110,0.144
org.apache.commons.compress.utils.ArchiveUtils,151,0.144
org.apache.commons.compress.utils.ArchiveUtils,152,0.144
org.apache.commons.compress.utils.ArchiveUtils,153,0.144
org.apache.commons.compress.archivers.tar.TarUtils,380,0.144
org.apache.commons.compress.archivers.tar.TarUtils,381,0.144
org.apache.commons.compress.archivers.tar.TarUtils,382,0.144
org.apache.commons.compress.archivers.tar.TarUtils,385,0.144
org.apache.commons.compress.archivers.tar.TarUtils,386,0.144
org.apache.commons.compress.archivers.tar.TarUtils,388,0.144
org.apache.commons.compress.archivers.tar.TarUtils,389,0.144
org.apache.commons.compress.archivers.tar.TarUtils,392,0.144
org.apache.commons.compress.archivers.tar.TarUtils,398,0.144
org.apache.commons.compress.archivers.tar.TarUtils,401,0.144
org.apache.commons.compress.archivers.tar.TarUtils,167,0.143
org.apache.commons.compress.archivers.tar.TarArchiveInputStream,52,0.141
org.apache.commons.compress.archivers.tar.TarArchiveInputStream,140,0.141
org.apache.commons.compress.archivers.tar.TarArchiveInputStream,141,0.141
org.apache.commons.compress.archivers.tar.TarArchiveInputStream,142,0.141
org.apache.commons.compress.archivers.tar.TarArchiveInputStream,143,0.141
org.apache.commons.compress.archivers.tar.TarArchiveInputStream,144,0.141
org.apache.commons.compress.archivers.tar.TarArchiveInputStream,145,0.141
org.apache.commons.compress.archivers.tar.TarArchiveInputStream,146,0.141
org.apache.commons.compress.archivers.tar.TarArchiveInputStream,147,0.141
org.apache.commons.compress.archivers.tar.TarArchiveEntry,628,0.135
org.apache.commons.compress.archivers.tar.TarArchiveEntry,382,0.131
org.apache.commons.compress.archivers.tar.TarArchiveEntry,185,0.13
org.apache.commons.compress.archivers.tar.TarArchiveEntry,186,0.13
org.apache.commons.compress.archivers.tar.TarArchiveEntry,188,0.13
org.apache.commons.compress.archivers.tar.TarArchiveEntry,192,0.13
org.apache.commons.compress.archivers.tar.TarArchiveEntry,193,0.13
org.apache.commons.compress.archivers.tar.TarArchiveEntry,194,0.13
org.apache.commons.compress.archivers.tar.TarArchiveEntry,118,0.126
org.apache.commons.compress.archivers.tar.TarArchiveEntry,124,0.126
org.apache.commons.compress.archivers.tar.TarArchiveEntry,127,0.126
org.apache.commons.compress.archivers.tar.TarArchiveEntry,130,0.126
org.apache.commons.compress.archivers.tar.TarArchiveEntry,142,0.126
org.apache.commons.compress.archivers.tar.TarArchiveEntry,145,0.126
org.apache.commons.compress.archivers.tar.TarArchiveEntry,147,0.126
org.apache.commons.compress.archivers.tar.TarArchiveEntry,153,0.126
org.apache.commons.compress.archivers.tar.TarArchiveEntry,156,0.126
org.apache.commons.compress.archivers.tar.TarArchiveEntry,159,0.126
org.apache.commons.compress.utils.CountingOutputStream,48,0.12
org.apache.commons.compress.utils.CountingOutputStream,49,0.12
org.apache.commons.compress.utils.CountingOutputStream,50,0.12
org.apache.commons.compress.utils.CountingOutputStream,59,0.12
org.apache.commons.compress.utils.CountingOutputStream,60,0.12
org.apache.commons.compress.utils.CountingOutputStream,62,0.12
org.apache.commons.compress.archivers.zip.ZipEncodingHelper,246,0.12
org.apache.commons.compress.utils.CountingOutputStream,31,0.117
org.apache.commons.compress.utils.CountingOutputStream,34,0.117
org.apache.commons.compress.utils.CountingOutputStream,35,0.117
org.apache.commons.compress.archivers.zip.ZipEncodingHelper,249,0.115
org.apache.commons.compress.archivers.zip.FallbackZipEncoding,77,0.108
org.apache.commons.compress.archivers.zip.FallbackZipEncoding,80,0.108
org.apache.commons.compress.archivers.ArchiveInputStream,92,0.091
org.apache.commons.compress.archivers.ArchiveInputStream,93,0.091
org.apache.commons.compress.archivers.ArchiveInputStream,103,0.091
org.apache.commons.compress.archivers.ArchiveInputStream,104,0.091
org.apache.commons.compress.archivers.ArchiveInputStream,106,0.091
org.apache.commons.compress.archivers.ArchiveOutputStream,47,0.09
org.apache.commons.compress.archivers.ArchiveOutputStream,50,0.09
org.apache.commons.compress.archivers.ArchiveOutputStream,54,0.09
org.apache.commons.compress.archivers.zip.FallbackZipEncoding,89,0.086
org.apache.commons.compress.archivers.zip.FallbackZipEncoding,92,0.086
org.apache.commons.compress.utils.IOUtils,132,0.086
org.apache.commons.compress.archivers.ArchiveInputStream,40,0.085
org.apache.commons.compress.archivers.ArchiveInputStream,42,0.085
org.apache.commons.compress.archivers.ArchiveInputStream,46,0.085
org.apache.commons.compress.utils.IOUtils,162,0.081
org.apache.commons.compress.archivers.zip.ZipEncodingHelper,214,0.08
org.apache.commons.compress.utils.IOUtils,153,0.079
org.apache.commons.compress.utils.IOUtils,156,0.079
org.apache.commons.compress.utils.IOUtils,157,0.079
org.apache.commons.compress.utils.IOUtils,158,0.079
org.apache.commons.compress.utils.IOUtils,159,0.079
org.apache.commons.compress.utils.IOUtils,164,0.079
org.apache.commons.compress.archivers.zip.ZipEncodingHelper,213,0.071
org.apache.commons.compress.archivers.zip.ZipEncodingHelper,244,0.071
org.apache.commons.compress.archivers.zip.ZipEncodingHelper,248,0.071
