com.fasterxml.jackson.core.JsonLocation,103,0.408
com.fasterxml.jackson.core.json.async.NonBlockingJsonParserBase,342,0.229
com.fasterxml.jackson.core.json.async.NonBlockingJsonParserBase,344,0.229
com.fasterxml.jackson.core.json.async.NonBlockingJsonParserBase,345,0.229
com.fasterxml.jackson.core.json.async.NonBlockingJsonParser,637,0.162
com.fasterxml.jackson.core.json.async.NonBlockingJsonParserBase,572,0.16
com.fasterxml.jackson.core.json.async.NonBlockingJsonParserBase,573,0.16
com.fasterxml.jackson.core.json.async.NonBlockingJsonParserBase,574,0.16
com.fasterxml.jackson.core.json.async.NonBlockingJsonParserBase,575,0.16
com.fasterxml.jackson.core.json.async.NonBlockingJsonParser,79,0.12
com.fasterxml.jackson.core.json.async.NonBlockingJsonParser,607,0.119
com.fasterxml.jackson.core.json.async.NonBlockingJsonParser,45,0.118
com.fasterxml.jackson.core.json.async.NonBlockingJsonParser,68,0.118
com.fasterxml.jackson.core.json.async.NonBlockingJsonParser,69,0.118
com.fasterxml.jackson.core.json.async.NonBlockingJsonParser,91,0.118
com.fasterxml.jackson.core.json.async.NonBlockingJsonParser,94,0.118
com.fasterxml.jackson.core.json.async.NonBlockingJsonParser,98,0.118
com.fasterxml.jackson.core.json.async.NonBlockingJsonParser,102,0.118
com.fasterxml.jackson.core.json.async.NonBlockingJsonParser,105,0.118
com.fasterxml.jackson.core.json.async.NonBlockingJsonParser,108,0.118
com.fasterxml.jackson.core.json.async.NonBlockingJsonParser,109,0.118
com.fasterxml.jackson.core.json.async.NonBlockingJsonParser,110,0.118
com.fasterxml.jackson.core.json.async.NonBlockingJsonParser,111,0.118
com.fasterxml.jackson.core.json.async.NonBlockingJsonParser,112,0.118
com.fasterxml.jackson.core.json.async.NonBlockingJsonParserBase,146,0.118
com.fasterxml.jackson.core.json.async.NonBlockingJsonParser,164,0.118
com.fasterxml.jackson.core.json.async.NonBlockingJsonParser,180,0.118
com.fasterxml.jackson.core.json.async.NonBlockingJsonParser,185,0.118
com.fasterxml.jackson.core.json.async.NonBlockingJsonParser,186,0.118
com.fasterxml.jackson.core.json.async.NonBlockingJsonParser,188,0.118
com.fasterxml.jackson.core.json.async.NonBlockingJsonParser,189,0.118
com.fasterxml.jackson.core.json.async.NonBlockingJsonParser,191,0.118
com.fasterxml.jackson.core.json.async.NonBlockingJsonParserBase,191,0.118
com.fasterxml.jackson.core.json.async.NonBlockingJsonParser,193,0.118
com.fasterxml.jackson.core.json.async.NonBlockingJsonParserBase,232,0.118
com.fasterxml.jackson.core.json.async.NonBlockingJsonParserBase,241,0.118
com.fasterxml.jackson.core.json.async.NonBlockingJsonParserBase,252,0.118
com.fasterxml.jackson.core.json.async.NonBlockingJsonParserBase,253,0.118
com.fasterxml.jackson.core.json.async.NonBlockingJsonParserBase,254,0.118
com.fasterxml.jackson.core.json.async.NonBlockingJsonParserBase,255,0.118
com.fasterxml.jackson.core.json.async.NonBlockingJsonParserBase,256,0.118
com.fasterxml.jackson.core.json.async.NonBlockingJsonParserBase,257,0.118
com.fasterxml.jackson.core.json.async.NonBlockingJsonParser,422,0.118
com.fasterxml.jackson.core.json.async.NonBlockingJsonParser,425,0.118
com.fasterxml.jackson.core.json.async.NonBlockingJsonParser,430,0.118
com.fasterxml.jackson.core.json.async.NonBlockingJsonParser,455,0.118
com.fasterxml.jackson.core.json.async.NonBlockingJsonParser,596,0.118
com.fasterxml.jackson.core.json.async.NonBlockingJsonParser,603,0.118
com.fasterxml.jackson.core.json.async.NonBlockingJsonParser,604,0.118
com.fasterxml.jackson.core.json.async.NonBlockingJsonParserBase,867,0.118
com.fasterxml.jackson.core.json.async.NonBlockingJsonParserBase,868,0.118
com.fasterxml.jackson.core.json.async.NonBlockingJsonParserBase,869,0.118
com.fasterxml.jackson.core.json.async.NonBlockingJsonParserBase,870,0.118
com.fasterxml.jackson.core.json.async.NonBlockingJsonParserBase,871,0.118
com.fasterxml.jackson.core.JsonFactory,1087,0.118
com.fasterxml.jackson.core.JsonFactory,1088,0.118
com.fasterxml.jackson.core.JsonFactory,1089,0.118
com.fasterxml.jackson.core.JsonFactory,1090,0.118
com.fasterxml.jackson.core.JsonFactory,1697,0.118
com.fasterxml.jackson.core.JsonFactory,1698,0.118
com.fasterxml.jackson.core.util.BufferRecycler,62,0.103
com.fasterxml.jackson.core.util.BufferRecycler,63,0.103
com.fasterxml.jackson.core.util.BufferRecycler,71,0.103
com.fasterxml.jackson.core.util.BufferRecycler,72,0.103
com.fasterxml.jackson.core.util.BufferRecycler,73,0.103
com.fasterxml.jackson.core.util.BufferRecycler,74,0.103
com.fasterxml.jackson.core.base.ParserBase,1158,0.103
com.fasterxml.jackson.core.io.IOContext,126,0.103
com.fasterxml.jackson.core.base.ParserBase,1157,0.103
com.fasterxml.jackson.core.JsonLocation,63,0.101
com.fasterxml.jackson.core.JsonLocation,64,0.101
com.fasterxml.jackson.core.JsonLocation,65,0.101
com.fasterxml.jackson.core.JsonLocation,66,0.101
com.fasterxml.jackson.core.JsonLocation,67,0.101
com.fasterxml.jackson.core.JsonLocation,68,0.101
com.fasterxml.jackson.core.JsonLocation,69,0.101
com.fasterxml.jackson.core.JsonFactory,1720,0.079
com.fasterxml.jackson.core.JsonFactory,1723,0.079
com.fasterxml.jackson.core.JsonFactory,1728,0.079
com.fasterxml.jackson.core.JsonFactory,537,0.078
com.fasterxml.jackson.core.JsonFactory,538,0.078
com.fasterxml.jackson.core.json.JsonReadContext,116,0.072
com.fasterxml.jackson.core.json.JsonReadContext,117,0.072
com.fasterxml.jackson.core.json.JsonReadContext,114,0.071
com.fasterxml.jackson.core.json.JsonReadContext,115,0.071
com.fasterxml.jackson.core.json.JsonReadContext,121,0.071
com.fasterxml.jackson.core.sym.ByteQuadsCanonicalizer,249,0.062
com.fasterxml.jackson.core.sym.ByteQuadsCanonicalizer,250,0.062
com.fasterxml.jackson.core.sym.ByteQuadsCanonicalizer,251,0.062
com.fasterxml.jackson.core.sym.ByteQuadsCanonicalizer,252,0.062
com.fasterxml.jackson.core.sym.ByteQuadsCanonicalizer,253,0.062
com.fasterxml.jackson.core.sym.ByteQuadsCanonicalizer,254,0.062
com.fasterxml.jackson.core.sym.ByteQuadsCanonicalizer,257,0.062
com.fasterxml.jackson.core.sym.ByteQuadsCanonicalizer,258,0.062
com.fasterxml.jackson.core.sym.ByteQuadsCanonicalizer,259,0.062
com.fasterxml.jackson.core.sym.ByteQuadsCanonicalizer,260,0.062
com.fasterxml.jackson.core.sym.ByteQuadsCanonicalizer,261,0.062
com.fasterxml.jackson.core.sym.ByteQuadsCanonicalizer,263,0.062
com.fasterxml.jackson.core.sym.ByteQuadsCanonicalizer,264,0.062
com.fasterxml.jackson.core.sym.ByteQuadsCanonicalizer,266,0.062
com.fasterxml.jackson.core.sym.ByteQuadsCanonicalizer,267,0.062
com.fasterxml.jackson.core.sym.ByteQuadsCanonicalizer,270,0.062
com.fasterxml.jackson.core.sym.ByteQuadsCanonicalizer,271,0.062
com.fasterxml.jackson.core.sym.ByteQuadsCanonicalizer,272,0.062
com.fasterxml.jackson.core.sym.ByteQuadsCanonicalizer,304,0.062
com.fasterxml.jackson.core.sym.ByteQuadsCanonicalizer,305,0.062
com.fasterxml.jackson.core.sym.ByteQuadsCanonicalizer,307,0.062
com.fasterxml.jackson.core.sym.ByteQuadsCanonicalizer,308,0.062
com.fasterxml.jackson.core.base.ParserBase,78,0.052
com.fasterxml.jackson.core.base.ParserBase,107,0.052
com.fasterxml.jackson.core.io.IOContext,137,0.052
com.fasterxml.jackson.core.base.ParserMinimalBase,160,0.052
com.fasterxml.jackson.core.base.ParserBase,182,0.052
com.fasterxml.jackson.core.base.ParserBase,233,0.052
com.fasterxml.jackson.core.base.ParserBase,234,0.052
com.fasterxml.jackson.core.base.ParserBase,235,0.052
com.fasterxml.jackson.core.base.ParserBase,236,0.052
com.fasterxml.jackson.core.base.ParserBase,237,0.052
com.fasterxml.jackson.core.base.ParserBase,238,0.052
com.fasterxml.jackson.core.base.ParserBase,239,0.052
com.fasterxml.jackson.core.JsonParser,344,0.052
com.fasterxml.jackson.core.JsonParser,376,0.052
com.fasterxml.jackson.core.json.JsonReadContext,110,0.052
com.fasterxml.jackson.core.json.JsonReadContext,57,0.052
com.fasterxml.jackson.core.json.JsonReadContext,58,0.052
com.fasterxml.jackson.core.json.JsonReadContext,59,0.052
com.fasterxml.jackson.core.json.JsonReadContext,60,0.052
com.fasterxml.jackson.core.json.JsonReadContext,61,0.052
com.fasterxml.jackson.core.json.JsonReadContext,62,0.052
com.fasterxml.jackson.core.json.JsonReadContext,63,0.052
com.fasterxml.jackson.core.json.JsonReadContext,64,0.052
com.fasterxml.jackson.core.util.TextBuffer,121,0.05
com.fasterxml.jackson.core.util.TextBuffer,122,0.05
com.fasterxml.jackson.core.util.TextBuffer,123,0.05
com.fasterxml.jackson.core.JsonStreamContext,45,0.047
com.fasterxml.jackson.core.io.IOContext,102,0.047
com.fasterxml.jackson.core.io.IOContext,103,0.047
com.fasterxml.jackson.core.io.IOContext,104,0.047
com.fasterxml.jackson.core.io.IOContext,105,0.047
com.fasterxml.jackson.core.io.IOContext,106,0.047
com.fasterxml.jackson.core.JsonFactory,146,0.046
com.fasterxml.jackson.core.JsonFactory,147,0.046
