org.jsoup.nodes.Document,81,1
org.jsoup.nodes.Document,78,0.707
org.jsoup.nodes.Document,79,0.707
org.jsoup.nodes.Document,80,0.707
org.jsoup.nodes.Document,83,0.707
org.jsoup.nodes.Document,85,0.707
org.jsoup.parser.TokeniserState.3,58,0.577
org.jsoup.parser.TokeniserState.3,59,0.577
org.jsoup.nodes.Document,51,0.5
org.jsoup.parser.HtmlTreeBuilderState.8,791,0.447
org.jsoup.parser.HtmlTreeBuilderState.8,793,0.447
org.jsoup.parser.HtmlTreeBuilderState.8,794,0.447
org.jsoup.parser.HtmlTreeBuilderState.8,795,0.447
org.jsoup.nodes.Element,874,0.354
org.jsoup.nodes.Element,876,0.354
org.jsoup.nodes.Element,877,0.354
org.jsoup.nodes.Element,878,0.354
org.jsoup.nodes.Element,880,0.354
org.jsoup.nodes.Document,68,0.354
org.jsoup.nodes.Document,69,0.354
org.jsoup.nodes.Element,413,0.302
org.jsoup.nodes.Element,414,0.302
org.jsoup.nodes.Element,529,0.218
org.jsoup.nodes.Element,530,0.218
org.jsoup.nodes.Element,532,0.218
org.jsoup.parser.HtmlTreeBuilderState,1470,0.218
org.jsoup.parser.HtmlTreeBuilderState,1471,0.218
org.jsoup.parser.HtmlTreeBuilderState,1472,0.218
org.jsoup.parser.HtmlTreeBuilderState,1473,0.218
org.jsoup.parser.HtmlTreeBuilderState,1474,0.218
org.jsoup.parser.HtmlTreeBuilderState.4,121,0.218
org.jsoup.parser.HtmlTreeBuilderState.4,155,0.209
org.jsoup.parser.HtmlTreeBuilderState.6,234,0.209
org.jsoup.parser.TokeniserState.11,217,0.204
org.jsoup.parser.TokeniserState.11,218,0.204
org.jsoup.parser.TokeniserState.12,234,0.204
org.jsoup.parser.TokeniserState.12,235,0.204
org.jsoup.parser.TokeniserState.12,236,0.204
org.jsoup.parser.TokeniserState.12,237,0.204
org.jsoup.parser.TokeniserState.12,238,0.204
org.jsoup.parser.TokeniserState.12,243,0.204
org.jsoup.parser.TokeniserState.13,247,0.204
org.jsoup.parser.TokeniserState.13,248,0.204
org.jsoup.parser.TokeniserState.13,249,0.204
org.jsoup.parser.TokeniserState.13,250,0.204
org.jsoup.parser.TokeniserState.13,251,0.204
org.jsoup.parser.TokeniserState.13,254,0.204
org.jsoup.parser.TokeniserState.13,255,0.204
org.jsoup.parser.TokeniserState.13,273,0.204
org.jsoup.parser.TokeniserState.13,274,0.204
org.jsoup.parser.TokeniserState.13,275,0.204
org.jsoup.parser.TokeniserState.13,283,0.204
org.jsoup.parser.TokeniserState.3,50,0.2
org.jsoup.parser.TokeniserState.3,51,0.2
org.jsoup.parser.TokeniserState.11,216,0.2
org.jsoup.parser.TokeniserState.11,230,0.2
org.jsoup.parser.Token.Tag,105,0.2
org.jsoup.parser.Token.Tag,106,0.2
org.jsoup.parser.TokeniserState.3,45,0.196
org.jsoup.parser.TokeniserState.3,61,0.196
org.jsoup.parser.TokeniserState.3,62,0.196
org.jsoup.parser.TokeniserState.3,65,0.196
org.jsoup.nodes.Element,292,0.192
org.jsoup.nodes.Element,293,0.192
org.jsoup.nodes.Element,294,0.192
org.jsoup.parser.HtmlTreeBuilderState.8,789,0.164
org.jsoup.parser.Tokeniser,184,0.162
org.jsoup.parser.Tokeniser,185,0.162
org.jsoup.parser.Tokeniser,188,0.162
org.jsoup.parser.Tokeniser,190,0.162
org.jsoup.parser.HtmlTreeBuilderState.8,796,0.16
org.jsoup.parser.HtmlTreeBuilderState.8,798,0.16
org.jsoup.parser.HtmlTreeBuilderState.8,799,0.16
org.jsoup.parser.HtmlTreeBuilderState.8,788,0.158
org.jsoup.parser.HtmlTreeBuilderState.8,790,0.158
org.jsoup.parser.HtmlTreeBuilderState.8,801,0.158
org.jsoup.parser.HtmlTreeBuilder,101,0.151
org.jsoup.parser.HtmlTreeBuilder,102,0.151
org.jsoup.parser.HtmlTreeBuilder,105,0.151
org.jsoup.parser.CharacterReader,143,0.147
org.jsoup.parser.CharacterReader,144,0.147
org.jsoup.parser.CharacterReader,145,0.147
org.jsoup.parser.CharacterReader,146,0.147
org.jsoup.parser.CharacterReader,147,0.147
org.jsoup.parser.CharacterReader,150,0.147
org.jsoup.parser.CharacterReader,152,0.147
org.jsoup.parser.Token,251,0.141
org.jsoup.nodes.Node,131,0.137
org.jsoup.parser.CharacterReader,200,0.13
org.jsoup.parser.HtmlTreeBuilder,141,0.121
org.jsoup.parser.HtmlTreeBuilder,143,0.121
org.jsoup.nodes.Element,809,0.115
org.jsoup.nodes.Element,810,0.115
org.jsoup.nodes.Element,799,0.114
org.jsoup.nodes.Element,800,0.114
org.jsoup.nodes.Element,801,0.114
org.jsoup.nodes.Element,805,0.114
org.jsoup.nodes.Element,807,0.114
org.jsoup.nodes.Element,808,0.114
org.jsoup.nodes.Element,811,0.114
org.jsoup.nodes.Element,817,0.114
org.jsoup.nodes.Element,818,0.114
org.jsoup.nodes.Element,849,0.114
org.jsoup.nodes.Element,851,0.114
org.jsoup.nodes.Element,856,0.114
org.jsoup.nodes.Element,857,0.114
org.jsoup.nodes.Element,860,0.113
org.jsoup.nodes.Element,862,0.113
org.jsoup.nodes.Document,165,0.105
org.jsoup.nodes.Document,166,0.105
org.jsoup.nodes.Document,168,0.105
org.jsoup.nodes.Document,169,0.105
org.jsoup.nodes.Document,170,0.105
org.jsoup.nodes.Document,171,0.105
org.jsoup.nodes.Document,195,0.104
org.jsoup.parser.ParseErrorList,20,0.101
org.jsoup.select.Elements,461,0.1
org.jsoup.parser.HtmlTreeBuilderState.7,602,0.082
org.jsoup.parser.HtmlTreeBuilderState.7,607,0.082
org.jsoup.parser.HtmlTreeBuilderState.7,608,0.082
org.jsoup.parser.HtmlTreeBuilderState.7,610,0.082
org.jsoup.select.QueryParser,68,0.081
org.jsoup.select.QueryParser,146,0.08
org.jsoup.select.QueryParser,187,0.08
org.jsoup.select.QueryParser,188,0.08
org.jsoup.select.QueryParser,191,0.08
org.jsoup.select.QueryParser,194,0.08
org.jsoup.select.QueryParser,195,0.08
org.jsoup.parser.TokenQueue,346,0.08
org.jsoup.parser.TokenQueue,347,0.08
org.jsoup.parser.TokenQueue,348,0.08
org.jsoup.parser.TokenQueue,350,0.08
org.jsoup.select.QueryParser,145,0.08
org.jsoup.select.QueryParser,143,0.08
org.jsoup.nodes.Element,255,0.079
org.jsoup.select.Selector,60,0.079
org.jsoup.select.Selector,61,0.079
org.jsoup.select.Selector,62,0.079
org.jsoup.select.Selector,63,0.079
org.jsoup.select.Selector,64,0.079
org.jsoup.select.Selector,66,0.079
org.jsoup.select.Selector,68,0.079
org.jsoup.select.Selector,69,0.079
org.jsoup.select.Selector,79,0.079
org.jsoup.select.Selector,101,0.079
org.jsoup.parser.TokenQueue,123,0.079
org.jsoup.select.QueryParser,25,0.079
org.jsoup.select.QueryParser,19,0.079
org.jsoup.select.QueryParser,26,0.079
org.jsoup.select.QueryParser,27,0.079
org.jsoup.select.QueryParser,28,0.079
org.jsoup.select.QueryParser,15,0.079
org.jsoup.select.QueryParser,36,0.079
org.jsoup.select.QueryParser,37,0.079
org.jsoup.select.QueryParser,45,0.079
org.jsoup.select.QueryParser,47,0.079
org.jsoup.select.QueryParser,51,0.079
org.jsoup.select.QueryParser,54,0.079
org.jsoup.select.QueryParser,67,0.079
org.jsoup.select.QueryParser,141,0.079
org.jsoup.select.QueryParser,172,0.079
org.jsoup.parser.TokenQueue,89,0.079
org.jsoup.parser.TokenQueue,90,0.079
org.jsoup.parser.TokenQueue,93,0.079
org.jsoup.parser.TokenQueue,132,0.079
org.jsoup.parser.TokenQueue,308,0.079
org.jsoup.parser.TokenQueue,309,0.079
org.jsoup.parser.TokenQueue,313,0.079
org.jsoup.parser.TokenQueue,140,0.078
org.jsoup.parser.TokenQueue,70,0.078
org.jsoup.parser.TokenQueue,119,0.078
org.jsoup.select.Evaluator.Tag,38,0.077
org.jsoup.parser.TokenQueue,21,0.077
org.jsoup.parser.TokenQueue,13,0.077
org.jsoup.parser.TokenQueue,22,0.077
org.jsoup.parser.TokenQueue,23,0.077
org.jsoup.parser.TokenQueue,24,0.077
org.jsoup.parser.TokenQueue,31,0.077
org.jsoup.parser.TokenQueue,35,0.077
org.jsoup.select.Evaluator.Tag,32,0.077
org.jsoup.select.Evaluator.Tag,33,0.077
org.jsoup.select.Evaluator.Tag,34,0.077
org.jsoup.nodes.Element,865,0.074
org.jsoup.parser.Tag,153,0.074
org.jsoup.select.Elements,499,0.074
org.jsoup.select.Collector.Accumulator,43,0.074
org.jsoup.select.Collector,23,0.073
org.jsoup.select.Collector,24,0.073
org.jsoup.select.Collector,25,0.073
org.jsoup.select.Elements,18,0.073
org.jsoup.select.Elements,19,0.073
org.jsoup.select.Elements,20,0.073
org.jsoup.select.Collector.Accumulator,33,0.073
org.jsoup.select.Collector.Accumulator,34,0.073
org.jsoup.select.Collector.Accumulator,35,0.073
org.jsoup.select.Collector.Accumulator,36,0.073
org.jsoup.select.Collector.Accumulator,37,0.073
org.jsoup.select.Collector.Accumulator,40,0.073
org.jsoup.select.Collector.Accumulator,41,0.073
org.jsoup.select.Collector.Accumulator,42,0.073
org.jsoup.select.Collector.Accumulator,45,0.073
org.jsoup.select.Collector.Accumulator,49,0.073
org.jsoup.nodes.Node,463,0.073
org.jsoup.select.Evaluator,15,0.073
org.jsoup.select.Evaluator,16,0.073
org.jsoup.nodes.TextNode,61,0.072
org.jsoup.parser.HtmlTreeBuilderState.7,321,0.072
org.jsoup.parser.HtmlTreeBuilderState.7,324,0.072
org.jsoup.parser.HtmlTreeBuilder,416,0.071
org.jsoup.parser.HtmlTreeBuilder,418,0.071
org.jsoup.parser.HtmlTreeBuilder,509,0.07
org.jsoup.parser.HtmlTreeBuilder,512,0.07
org.jsoup.parser.HtmlTreeBuilderState.6,214,0.07
org.jsoup.parser.HtmlTreeBuilderState.6,220,0.07
org.jsoup.parser.HtmlTreeBuilderState.6,224,0.07
org.jsoup.parser.HtmlTreeBuilderState.6,211,0.069
org.jsoup.parser.HtmlTreeBuilder,442,0.069
org.jsoup.parser.HtmlTreeBuilder,414,0.069
org.jsoup.parser.HtmlTreeBuilder,415,0.069
org.jsoup.parser.HtmlTreeBuilderState.4,134,0.069
org.jsoup.parser.HtmlTreeBuilderState.4,138,0.069
org.jsoup.parser.HtmlTreeBuilderState.7,588,0.068
org.jsoup.parser.HtmlTreeBuilderState.7,601,0.068
org.jsoup.parser.HtmlTreeBuilderState,1462,0.067
org.jsoup.parser.HtmlTreeBuilderState.7,258,0.067
org.jsoup.parser.HtmlTreeBuilderState.7,259,0.067
org.jsoup.parser.HtmlTreeBuilderState.7,260,0.067
org.jsoup.parser.HtmlTreeBuilderState.7,262,0.067
org.jsoup.parser.HtmlTreeBuilderState.7,249,0.067
org.jsoup.parser.HtmlTreeBuilderState.7,250,0.067
org.jsoup.parser.HtmlTreeBuilderState.7,254,0.067
org.jsoup.parser.HtmlTreeBuilderState,1457,0.067
org.jsoup.parser.HtmlTreeBuilderState,1459,0.067
org.jsoup.parser.HtmlTreeBuilderState,1460,0.067
org.jsoup.parser.HtmlTreeBuilderState,1461,0.067
org.jsoup.parser.HtmlTreeBuilder,263,0.067
org.jsoup.parser.HtmlTreeBuilder,264,0.067
org.jsoup.parser.HtmlTreeBuilder,265,0.067
org.jsoup.parser.HtmlTreeBuilder,266,0.067
org.jsoup.parser.HtmlTreeBuilder,267,0.067
org.jsoup.parser.HtmlTreeBuilder,268,0.067
org.jsoup.parser.HtmlTreeBuilder,273,0.067
org.jsoup.parser.TokeniserState.8,145,0.067
org.jsoup.parser.TokeniserState.8,146,0.067
org.jsoup.parser.TokeniserState.9,165,0.067
org.jsoup.parser.TokeniserState.9,169,0.067
org.jsoup.parser.TokeniserState.9,170,0.067
org.jsoup.parser.TokeniserState.9,171,0.067
org.jsoup.parser.TokeniserState.9,179,0.067
org.jsoup.parser.HtmlTreeBuilder,413,0.067
org.jsoup.parser.HtmlTreeBuilderState.6,240,0.067
org.jsoup.parser.HtmlTreeBuilderState.6,241,0.067
org.jsoup.parser.HtmlTreeBuilderState.6,242,0.067
org.jsoup.select.NodeTraversor,43,0.067
org.jsoup.parser.HtmlTreeBuilderState.4,124,0.066
org.jsoup.parser.HtmlTreeBuilderState.4,128,0.066
org.jsoup.parser.HtmlTreeBuilderState.7,569,0.066
org.jsoup.parser.HtmlTreeBuilderState.7,573,0.066
org.jsoup.parser.TokeniserState.1,25,0.066
org.jsoup.parser.TokeniserState.1,26,0.066
org.jsoup.parser.HtmlTreeBuilder,160,0.066
org.jsoup.parser.HtmlTreeBuilder,161,0.066
org.jsoup.parser.HtmlTreeBuilder,162,0.066
org.jsoup.parser.HtmlTreeBuilderState.2,49,0.066
org.jsoup.parser.HtmlTreeBuilderState.2,51,0.066
org.jsoup.parser.HtmlTreeBuilderState.2,55,0.066
org.jsoup.parser.HtmlTreeBuilderState.2,61,0.066
org.jsoup.parser.HtmlTreeBuilderState.2,62,0.066
org.jsoup.parser.HtmlTreeBuilderState.2,63,0.066
org.jsoup.parser.HtmlTreeBuilderState.3,84,0.066
org.jsoup.parser.HtmlTreeBuilderState.3,88,0.066
org.jsoup.parser.HtmlTreeBuilderState.3,89,0.066
org.jsoup.parser.HtmlTreeBuilderState.4,122,0.066
org.jsoup.Jsoup,58,0.066
org.jsoup.nodes.Node,227,0.066
org.jsoup.parser.HtmlTreeBuilderState.7,559,0.066
org.jsoup.parser.HtmlTreeBuilderState.7,560,0.066
org.jsoup.parser.HtmlTreeBuilderState.7,561,0.066
org.jsoup.helper.DescendableLinkedList.DescendingIterator,79,0.066
org.jsoup.helper.DescendableLinkedList.DescendingIterator,80,0.066
org.jsoup.parser.HtmlTreeBuilder,193,0.066
org.jsoup.parser.HtmlTreeBuilderState.4,161,0.066
org.jsoup.parser.HtmlTreeBuilderState.4,162,0.066
org.jsoup.parser.Parser,89,0.065
org.jsoup.parser.Parser,90,0.065
org.jsoup.parser.HtmlTreeBuilder,404,0.065
org.jsoup.parser.HtmlTreeBuilder,408,0.065
org.jsoup.parser.HtmlTreeBuilder,409,0.065
org.jsoup.parser.HtmlTreeBuilder,410,0.065
org.jsoup.parser.HtmlTreeBuilder,411,0.065
org.jsoup.parser.HtmlTreeBuilder,412,0.065
org.jsoup.parser.HtmlTreeBuilder,432,0.065
org.jsoup.parser.Token.StartTag,133,0.065
org.jsoup.parser.Token.StartTag,134,0.065
org.jsoup.parser.Token.StartTag,135,0.065
org.jsoup.parser.HtmlTreeBuilderState.1,31,0.065
org.jsoup.parser.HtmlTreeBuilderState.1,32,0.065
org.jsoup.parser.HtmlTreeBuilderState.4,120,0.065
org.jsoup.nodes.Node,47,0.065
org.jsoup.nodes.Node,48,0.065
org.jsoup.nodes.Node,49,0.065
org.jsoup.nodes.Node,50,0.065
org.jsoup.parser.HtmlTreeBuilder,190,0.065
org.jsoup.parser.HtmlTreeBuilder,194,0.065
org.jsoup.parser.HtmlTreeBuilder,195,0.065
org.jsoup.nodes.TextNode,26,0.065
org.jsoup.nodes.TextNode,27,0.065
org.jsoup.nodes.TextNode,28,0.065
org.jsoup.nodes.TextNode,29,0.065
org.jsoup.parser.HtmlTreeBuilder,561,0.065
org.jsoup.parser.HtmlTreeBuilder,562,0.065
org.jsoup.parser.HtmlTreeBuilder,563,0.065
org.jsoup.parser.HtmlTreeBuilderState.4,108,0.065
org.jsoup.parser.HtmlTreeBuilderState.4,109,0.065
org.jsoup.parser.HtmlTreeBuilderState.4,110,0.065
org.jsoup.parser.HtmlTreeBuilderState.4,112,0.065
org.jsoup.parser.HtmlTreeBuilderState.4,117,0.065
org.jsoup.parser.Tokeniser,67,0.065
org.jsoup.parser.Tokeniser,68,0.065
org.jsoup.parser.Token.EndTag,159,0.065
org.jsoup.parser.Token.EndTag,160,0.065
org.jsoup.parser.Token.EndTag,161,0.065
org.jsoup.nodes.Node,469,0.064
org.jsoup.parser.Tokeniser,76,0.064
org.jsoup.parser.Tokeniser,77,0.064
org.jsoup.parser.Tokeniser,46,0.064
org.jsoup.parser.Tokeniser,47,0.064
org.jsoup.parser.Tokeniser,48,0.064
org.jsoup.parser.Token,247,0.064
org.jsoup.parser.Token.Character,189,0.064
org.jsoup.parser.Token.Character,190,0.064
org.jsoup.parser.Token.Character,191,0.064
org.jsoup.parser.Token.Character,192,0.064
org.jsoup.parser.Token.Character,195,0.064
org.jsoup.parser.HtmlTreeBuilderState.6,208,0.064
org.jsoup.parser.HtmlTreeBuilderState.6,209,0.064
org.jsoup.parser.HtmlTreeBuilderState.6,210,0.064
org.jsoup.helper.StringUtil,137,0.064
org.jsoup.parser.HtmlTreeBuilderState.7,285,0.064
org.jsoup.parser.HtmlTreeBuilderState.7,299,0.064
org.jsoup.parser.HtmlTreeBuilderState.7,317,0.064
org.jsoup.helper.DescendableLinkedList.DescendingIterator,72,0.064
org.jsoup.parser.HtmlTreeBuilder,36,0.064
org.jsoup.parser.HtmlTreeBuilder,37,0.064
org.jsoup.parser.HtmlTreeBuilder,200,0.063
org.jsoup.parser.HtmlTreeBuilder,464,0.063
org.jsoup.parser.HtmlTreeBuilder,465,0.063
org.jsoup.parser.HtmlTreeBuilderState.1,16,0.063
org.jsoup.parser.HtmlTreeBuilderState.1,18,0.063
org.jsoup.parser.HtmlTreeBuilderState.1,20,0.063
org.jsoup.parser.HtmlTreeBuilderState.2,39,0.063
org.jsoup.parser.HtmlTreeBuilderState.2,42,0.063
org.jsoup.parser.HtmlTreeBuilderState.2,44,0.063
org.jsoup.parser.HtmlTreeBuilderState.2,46,0.063
org.jsoup.parser.HtmlTreeBuilderState.3,68,0.063
org.jsoup.parser.HtmlTreeBuilderState.3,70,0.063
org.jsoup.parser.HtmlTreeBuilderState.3,72,0.063
org.jsoup.parser.HtmlTreeBuilderState.3,75,0.063
org.jsoup.parser.HtmlTreeBuilderState.3,77,0.063
org.jsoup.parser.HtmlTreeBuilderState.3,78,0.063
org.jsoup.parser.HtmlTreeBuilderState.3,79,0.063
org.jsoup.parser.HtmlTreeBuilderState.3,80,0.063
org.jsoup.parser.HtmlTreeBuilderState.3,81,0.063
org.jsoup.parser.HtmlTreeBuilderState.3,91,0.063
org.jsoup.parser.HtmlTreeBuilderState.4,142,0.063
org.jsoup.parser.HtmlTreeBuilderState.4,143,0.063
org.jsoup.parser.HtmlTreeBuilderState.4,144,0.063
org.jsoup.parser.HtmlTreeBuilderState.4,145,0.063
org.jsoup.parser.HtmlTreeBuilderState.4,146,0.063
org.jsoup.parser.HtmlTreeBuilderState.6,196,0.063
org.jsoup.parser.HtmlTreeBuilderState.6,198,0.063
org.jsoup.parser.HtmlTreeBuilderState.6,200,0.063
org.jsoup.parser.HtmlTreeBuilderState.6,202,0.063
org.jsoup.parser.HtmlTreeBuilderState.6,203,0.063
org.jsoup.parser.HtmlTreeBuilderState.6,204,0.063
org.jsoup.parser.HtmlTreeBuilderState.6,205,0.063
org.jsoup.parser.HtmlTreeBuilderState.6,207,0.063
org.jsoup.parser.HtmlTreeBuilderState.6,226,0.063
org.jsoup.parser.HtmlTreeBuilderState.6,236,0.063
org.jsoup.parser.HtmlTreeBuilderState.7,273,0.063
org.jsoup.parser.HtmlTreeBuilderState.7,274,0.063
org.jsoup.parser.HtmlTreeBuilderState.7,275,0.063
org.jsoup.parser.HtmlTreeBuilderState.7,283,0.063
org.jsoup.helper.DescendableLinkedList,48,0.063
org.jsoup.helper.DescendableLinkedList.DescendingIterator,55,0.063
org.jsoup.helper.DescendableLinkedList.DescendingIterator,56,0.063
org.jsoup.helper.DescendableLinkedList.DescendingIterator,57,0.063
org.jsoup.helper.DescendableLinkedList.DescendingIterator,64,0.063
org.jsoup.parser.Token,211,0.063
org.jsoup.parser.Token,219,0.063
org.jsoup.parser.Token,235,0.063
org.jsoup.parser.HtmlTreeBuilderState,1466,0.063
org.jsoup.parser.HtmlTreeBuilderState.4,96,0.063
org.jsoup.parser.HtmlTreeBuilderState.4,100,0.063
org.jsoup.parser.HtmlTreeBuilderState.4,157,0.063
org.jsoup.parser.TokeniserState.10,200,0.063
org.jsoup.parser.TokeniserState.10,201,0.063
org.jsoup.parser.TokeniserState.10,202,0.063
org.jsoup.select.NodeTraversor,32,0.063
org.jsoup.select.NodeTraversor,33,0.063
org.jsoup.select.NodeTraversor,36,0.063
org.jsoup.select.NodeTraversor,37,0.063
org.jsoup.select.NodeTraversor,38,0.063
org.jsoup.parser.TreeBuilder,40,0.063
org.jsoup.parser.TreeBuilder,41,0.063
org.jsoup.parser.TreeBuilder,42,0.063
org.jsoup.nodes.Node,204,0.063
org.jsoup.parser.HtmlTreeBuilder,209,0.063
org.jsoup.parser.HtmlTreeBuilder,211,0.063
org.jsoup.parser.HtmlTreeBuilder,213,0.063
org.jsoup.helper.DescendableLinkedList,32,0.063
org.jsoup.helper.DescendableLinkedList,40,0.063
org.jsoup.parser.Token,227,0.063
org.jsoup.nodes.Element,142,0.062
org.jsoup.nodes.Node,471,0.062
org.jsoup.nodes.Node,465,0.062
org.jsoup.nodes.Node,466,0.062
org.jsoup.nodes.Node,467,0.062
org.jsoup.nodes.Node,468,0.062
org.jsoup.select.NodeTraversor,17,0.062
org.jsoup.select.NodeTraversor,18,0.062
org.jsoup.select.NodeTraversor,19,0.062
org.jsoup.select.NodeTraversor,26,0.062
org.jsoup.select.NodeTraversor,27,0.062
org.jsoup.select.NodeTraversor,29,0.062
org.jsoup.select.NodeTraversor,30,0.062
org.jsoup.select.NodeTraversor,31,0.062
org.jsoup.select.NodeTraversor,35,0.062
org.jsoup.select.NodeTraversor,40,0.062
org.jsoup.select.NodeTraversor,41,0.062
org.jsoup.select.NodeTraversor,42,0.062
org.jsoup.select.NodeTraversor,46,0.062
org.jsoup.nodes.Node,462,0.062
org.jsoup.helper.StringUtil,103,0.061
org.jsoup.nodes.Node,215,0.061
org.jsoup.nodes.Node,498,0.061
org.jsoup.parser.HtmlTreeBuilder,109,0.061
org.jsoup.parser.HtmlTreeBuilder,110,0.061
org.jsoup.parser.Tokeniser,62,0.061
org.jsoup.parser.Tokeniser,63,0.061
org.jsoup.parser.Tokeniser,64,0.061
org.jsoup.parser.Tokeniser,163,0.061
org.jsoup.parser.Tokeniser,164,0.061
org.jsoup.parser.Tokeniser,165,0.061
org.jsoup.helper.StringUtil,135,0.061
org.jsoup.helper.StringUtil,136,0.061
org.jsoup.helper.StringUtil,139,0.061
org.jsoup.parser.Token.Tag,74,0.061
org.jsoup.parser.Token.Tag,78,0.061
org.jsoup.parser.HtmlTreeBuilder,148,0.061
org.jsoup.parser.HtmlTreeBuilder,154,0.061
org.jsoup.parser.HtmlTreeBuilder,155,0.061
org.jsoup.parser.HtmlTreeBuilder,156,0.061
org.jsoup.parser.HtmlTreeBuilder,166,0.061
org.jsoup.parser.HtmlTreeBuilder,167,0.061
org.jsoup.parser.HtmlTreeBuilder,168,0.061
org.jsoup.parser.HtmlTreeBuilderState,1456,0.061
org.jsoup.parser.Token,243,0.061
org.jsoup.parser.HtmlTreeBuilderState.7,247,0.061
org.jsoup.parser.HtmlTreeBuilderState.7,760,0.061
org.jsoup.parser.Tokeniser,158,0.061
org.jsoup.parser.Tokeniser,159,0.061
org.jsoup.parser.TokeniserState.8,151,0.061
org.jsoup.parser.TokeniserState.8,152,0.061
org.jsoup.parser.TokeniserState.8,153,0.061
org.jsoup.parser.TokeniserState.10,185,0.061
org.jsoup.parser.TokeniserState.10,186,0.061
org.jsoup.parser.TokeniserState.10,188,0.061
org.jsoup.parser.TokeniserState.10,211,0.061
org.jsoup.parser.Token.Tag,101,0.061
org.jsoup.parser.Token.Tag,102,0.061
org.jsoup.parser.TokeniserState.1,15,0.061
org.jsoup.parser.TokeniserState.1,16,0.061
org.jsoup.parser.TokeniserState.8,140,0.061
org.jsoup.parser.TokeniserState.8,161,0.061
org.jsoup.parser.Token,231,0.061
org.jsoup.parser.HtmlTreeBuilder,83,0.061
org.jsoup.parser.HtmlTreeBuilder,84,0.061
org.jsoup.parser.HtmlTreeBuilder,93,0.061
org.jsoup.parser.HtmlTreeBuilder,94,0.061
org.jsoup.parser.HtmlTreeBuilder,199,0.061
org.jsoup.parser.HtmlTreeBuilder,201,0.061
org.jsoup.parser.HtmlTreeBuilder,204,0.061
org.jsoup.parser.HtmlTreeBuilder,205,0.061
org.jsoup.parser.HtmlTreeBuilder,472,0.061
org.jsoup.parser.HtmlTreeBuilderState,13,0.061
org.jsoup.parser.HtmlTreeBuilderState,14,0.061
org.jsoup.parser.HtmlTreeBuilderState,37,0.061
org.jsoup.parser.HtmlTreeBuilderState,66,0.061
org.jsoup.parser.HtmlTreeBuilderState,94,0.061
org.jsoup.parser.HtmlTreeBuilderState,165,0.061
org.jsoup.parser.HtmlTreeBuilderState,194,0.061
org.jsoup.parser.HtmlTreeBuilderState,245,0.061
org.jsoup.parser.HtmlTreeBuilderState,785,0.061
org.jsoup.parser.HtmlTreeBuilderState,804,0.061
org.jsoup.parser.HtmlTreeBuilderState,903,0.061
org.jsoup.parser.HtmlTreeBuilderState,939,0.061
org.jsoup.parser.HtmlTreeBuilderState,974,0.061
org.jsoup.parser.HtmlTreeBuilderState,1029,0.061
org.jsoup.parser.HtmlTreeBuilderState,1089,0.061
org.jsoup.parser.HtmlTreeBuilderState,1150,0.061
org.jsoup.parser.HtmlTreeBuilderState,1207,0.061
org.jsoup.parser.HtmlTreeBuilderState,1295,0.061
org.jsoup.parser.HtmlTreeBuilderState,1313,0.061
org.jsoup.parser.HtmlTreeBuilderState,1341,0.061
org.jsoup.parser.HtmlTreeBuilderState,1387,0.061
org.jsoup.parser.HtmlTreeBuilderState,1411,0.061
org.jsoup.parser.HtmlTreeBuilderState,1427,0.061
org.jsoup.parser.HtmlTreeBuilderState,1444,0.061
org.jsoup.parser.HtmlTreeBuilderState,13,0.061
org.jsoup.parser.HtmlTreeBuilderState,1451,0.061
org.jsoup.parser.CharacterReader,242,0.061
org.jsoup.parser.CharacterReader,244,0.061
org.jsoup.parser.CharacterReader,245,0.061
org.jsoup.parser.HtmlTreeBuilderState.24,100,0.061
org.jsoup.nodes.Element,67,0.06
org.jsoup.parser.Token.EndTag,154,0.06
org.jsoup.parser.Token.EndTag,155,0.06
org.jsoup.parser.Token.EndTag,156,0.06
org.jsoup.parser.TreeBuilder,52,0.06
org.jsoup.parser.Tokeniser,88,0.06
org.jsoup.parser.Tokeniser,89,0.06
org.jsoup.parser.Tokeniser,92,0.06
org.jsoup.parser.Tokeniser,93,0.06
org.jsoup.parser.Tokeniser,94,0.06
org.jsoup.parser.CharacterReader,47,0.06
org.jsoup.parser.CharacterReader,48,0.06
org.jsoup.parser.CharacterReader,128,0.06
org.jsoup.parser.TokeniserState.1,22,0.06
org.jsoup.parser.TokeniserState.1,23,0.06
org.jsoup.helper.Validate,53,0.06
org.jsoup.helper.Validate,55,0.06
org.jsoup.helper.Validate,63,0.06
org.jsoup.helper.Validate,65,0.06
org.jsoup.nodes.Node,383,0.06
org.jsoup.nodes.Node,385,0.06
org.jsoup.nodes.Node,386,0.06
org.jsoup.nodes.Node,411,0.06
org.jsoup.nodes.Node,412,0.06
org.jsoup.nodes.Node,413,0.06
org.jsoup.nodes.Node,414,0.06
org.jsoup.nodes.Node,416,0.06
org.jsoup.nodes.Node,429,0.06
org.jsoup.nodes.Node,431,0.06
org.jsoup.nodes.Node,432,0.06
org.jsoup.nodes.Node,502,0.06
org.jsoup.nodes.Node,503,0.06
org.jsoup.nodes.Element,58,0.06
org.jsoup.nodes.Element,265,0.06
org.jsoup.nodes.Element,267,0.06
org.jsoup.nodes.Element,268,0.06
org.jsoup.parser.Tag,35,0.06
org.jsoup.parser.TreeBuilder,24,0.06
org.jsoup.parser.TreeBuilder,25,0.06
org.jsoup.parser.TreeBuilder,27,0.06
org.jsoup.parser.TreeBuilder,28,0.06
org.jsoup.parser.TreeBuilder,29,0.06
org.jsoup.parser.TreeBuilder,30,0.06
org.jsoup.parser.TreeBuilder,31,0.06
org.jsoup.parser.TreeBuilder,32,0.06
org.jsoup.parser.TreeBuilder,33,0.06
org.jsoup.parser.TreeBuilder,47,0.06
org.jsoup.parser.TreeBuilder,48,0.06
org.jsoup.parser.TreeBuilder,50,0.06
org.jsoup.parser.TreeBuilder,51,0.06
org.jsoup.parser.TreeBuilder,53,0.06
org.jsoup.parser.TreeBuilder,58,0.06
org.jsoup.parser.CharacterReader,123,0.06
org.jsoup.parser.CharacterReader,125,0.06
org.jsoup.parser.CharacterReader,126,0.06
org.jsoup.parser.CharacterReader,127,0.06
org.jsoup.parser.CharacterReader,130,0.06
org.jsoup.parser.CharacterReader,133,0.06
org.jsoup.parser.Tokeniser,36,0.06
org.jsoup.parser.Tokeniser,41,0.06
org.jsoup.parser.Tokeniser,42,0.06
org.jsoup.parser.Tokeniser,45,0.06
org.jsoup.parser.Tokeniser,50,0.06
org.jsoup.parser.Tokeniser,51,0.06
org.jsoup.parser.Tokeniser,56,0.06
org.jsoup.parser.Tokeniser,58,0.06
org.jsoup.parser.Tokeniser,59,0.06
org.jsoup.parser.Tokeniser,61,0.06
org.jsoup.parser.Tokeniser,66,0.06
org.jsoup.parser.Tokeniser,71,0.06
org.jsoup.parser.TokeniserState.1,10,0.06
org.jsoup.parser.TokeniserState.1,29,0.06
org.jsoup.parser.Token,13,0.06
org.jsoup.parser.Token,14,0.06
org.jsoup.parser.Token,223,0.06
org.jsoup.parser.Token.Tag,47,0.06
org.jsoup.parser.Token.Tag,52,0.06
org.jsoup.parser.Token.Tag,81,0.06
org.jsoup.parser.Token.Tag,82,0.06
org.jsoup.parser.Token.Tag,91,0.06
org.jsoup.parser.Token.StartTag,127,0.06
org.jsoup.parser.Token.StartTag,128,0.06
org.jsoup.parser.Token.StartTag,129,0.06
org.jsoup.parser.Token.StartTag,130,0.06
org.jsoup.parser.Token.TokenType,254,0.06
org.jsoup.parser.Token.TokenType,255,0.06
org.jsoup.parser.Token.TokenType,256,0.06
org.jsoup.parser.Token.TokenType,257,0.06
org.jsoup.parser.Token.TokenType,258,0.06
org.jsoup.parser.Token.TokenType,259,0.06
org.jsoup.parser.Token.TokenType,260,0.06
org.jsoup.parser.Token.TokenType,254,0.06
org.jsoup.parser.Token.EOF,205,0.06
org.jsoup.parser.Token.EOF,206,0.06
org.jsoup.parser.Token.EOF,207,0.06
org.jsoup.parser.CharacterReader,33,0.06
org.jsoup.nodes.Document,27,0.06
org.jsoup.nodes.Document,17,0.06
org.jsoup.nodes.Document,18,0.06
org.jsoup.nodes.Document,28,0.06
org.jsoup.nodes.Document.OutputSettings,215,0.06
org.jsoup.nodes.Document.OutputSettings,209,0.06
org.jsoup.nodes.Document.OutputSettings,210,0.06
org.jsoup.nodes.Document.OutputSettings,211,0.06
org.jsoup.nodes.Document.OutputSettings,212,0.06
org.jsoup.nodes.Document.OutputSettings,213,0.06
org.jsoup.nodes.Document.QuirksMode,349,0.06
org.jsoup.nodes.Document.QuirksMode,350,0.06
org.jsoup.nodes.Document.QuirksMode,349,0.06
org.jsoup.parser.ParseErrorList,28,0.06
org.jsoup.nodes.Element,53,0.06
org.jsoup.nodes.Element,54,0.06
org.jsoup.parser.Tag,57,0.06
org.jsoup.parser.Tag,58,0.06
org.jsoup.parser.Tag,59,0.06
org.jsoup.nodes.Element,38,0.059
org.jsoup.nodes.Element,40,0.059
org.jsoup.nodes.Element,41,0.059
org.jsoup.nodes.Element,42,0.059
org.jsoup.nodes.Entities.EscapeMode,28,0.059
org.jsoup.nodes.Entities.EscapeMode,29,0.059
org.jsoup.nodes.Entities.EscapeMode,30,0.059
org.jsoup.nodes.Entities.EscapeMode,20,0.059
org.jsoup.nodes.Entities.EscapeMode,22,0.059
org.jsoup.nodes.Entities.EscapeMode,24,0.059
org.jsoup.nodes.Entities.EscapeMode,18,0.059
org.jsoup.parser.ParseErrorList,15,0.059
org.jsoup.parser.ParseErrorList,16,0.059
org.jsoup.parser.ParseErrorList,17,0.059
org.jsoup.parser.Tokeniser,30,0.059
org.jsoup.parser.Tokeniser,18,0.059
org.jsoup.parser.Tokeniser,20,0.059
org.jsoup.parser.Tokeniser,21,0.059
org.jsoup.parser.Tokeniser,28,0.059
org.jsoup.parser.Tokeniser,31,0.059
org.jsoup.parser.Tokeniser,32,0.059
org.jsoup.parser.Tokeniser,33,0.059
org.jsoup.parser.TokeniserState,6,0.059
org.jsoup.parser.TokeniserState,7,0.059
org.jsoup.parser.TokeniserState,31,0.059
org.jsoup.parser.TokeniserState,42,0.059
org.jsoup.parser.TokeniserState,67,0.059
org.jsoup.parser.TokeniserState,77,0.059
org.jsoup.parser.TokeniserState,98,0.059
org.jsoup.parser.TokeniserState,119,0.059
org.jsoup.parser.TokeniserState,137,0.059
org.jsoup.parser.TokeniserState,163,0.059
org.jsoup.parser.TokeniserState,181,0.059
org.jsoup.parser.TokeniserState,213,0.059
org.jsoup.parser.TokeniserState,232,0.059
org.jsoup.parser.TokeniserState,245,0.059
org.jsoup.parser.TokeniserState,290,0.059
org.jsoup.parser.TokeniserState,301,0.059
org.jsoup.parser.TokeniserState,312,0.059
org.jsoup.parser.TokeniserState,351,0.059
org.jsoup.parser.TokeniserState,369,0.059
org.jsoup.parser.TokeniserState,381,0.059
org.jsoup.parser.TokeniserState,421,0.059
org.jsoup.parser.TokeniserState,431,0.059
org.jsoup.parser.TokeniserState,441,0.059
org.jsoup.parser.TokeniserState,468,0.059
org.jsoup.parser.TokeniserState,496,0.059
org.jsoup.parser.TokeniserState,527,0.059
org.jsoup.parser.TokeniserState,543,0.059
org.jsoup.parser.TokeniserState,556,0.059
org.jsoup.parser.TokeniserState,597,0.059
org.jsoup.parser.TokeniserState,627,0.059
org.jsoup.parser.TokeniserState,654,0.059
org.jsoup.parser.TokeniserState,681,0.059
org.jsoup.parser.TokeniserState,711,0.059
org.jsoup.parser.TokeniserState,722,0.059
org.jsoup.parser.TokeniserState,752,0.059
org.jsoup.parser.TokeniserState,796,0.059
org.jsoup.parser.TokeniserState,838,0.059
org.jsoup.parser.TokeniserState,883,0.059
org.jsoup.parser.TokeniserState,931,0.059
org.jsoup.parser.TokeniserState,961,0.059
org.jsoup.parser.TokeniserState,991,0.059
org.jsoup.parser.TokeniserState,1039,0.059
org.jsoup.parser.TokeniserState,1069,0.059
org.jsoup.parser.TokeniserState,1088,0.059
org.jsoup.parser.TokeniserState,1100,0.059
org.jsoup.parser.TokeniserState,1118,0.059
org.jsoup.parser.TokeniserState,1146,0.059
org.jsoup.parser.TokeniserState,1174,0.059
org.jsoup.parser.TokeniserState,1196,0.059
org.jsoup.parser.TokeniserState,1219,0.059
org.jsoup.parser.TokeniserState,1252,0.059
org.jsoup.parser.TokeniserState,1280,0.059
org.jsoup.parser.TokeniserState,1304,0.059
org.jsoup.parser.TokeniserState,1338,0.059
org.jsoup.parser.TokeniserState,1373,0.059
org.jsoup.parser.TokeniserState,1399,0.059
org.jsoup.parser.TokeniserState,1439,0.059
org.jsoup.parser.TokeniserState,1476,0.059
org.jsoup.parser.TokeniserState,1504,0.059
org.jsoup.parser.TokeniserState,1532,0.059
org.jsoup.parser.TokeniserState,1570,0.059
org.jsoup.parser.TokeniserState,1607,0.059
org.jsoup.parser.TokeniserState,1647,0.059
org.jsoup.parser.TokeniserState,1684,0.059
org.jsoup.parser.TokeniserState,1712,0.059
org.jsoup.parser.TokeniserState,1740,0.059
org.jsoup.parser.TokeniserState,1767,0.059
org.jsoup.parser.TokeniserState,1785,0.059
org.jsoup.parser.TokeniserState,6,0.059
org.jsoup.parser.TokeniserState,1799,0.059
org.jsoup.parser.Tag,53,0.059
org.jsoup.parser.Tag,55,0.059
org.jsoup.parser.Tag,51,0.059
org.jsoup.parser.Tag,52,0.059
org.jsoup.parser.HtmlTreeBuilder,32,0.059
org.jsoup.parser.HtmlTreeBuilder,21,0.059
org.jsoup.parser.HtmlTreeBuilder,25,0.059
org.jsoup.parser.HtmlTreeBuilder,26,0.059
org.jsoup.parser.HtmlTreeBuilder,28,0.059
org.jsoup.parser.HtmlTreeBuilder,29,0.059
org.jsoup.parser.HtmlTreeBuilder,30,0.059
org.jsoup.parser.HtmlTreeBuilder,16,0.059
org.jsoup.nodes.Node,31,0.059
org.jsoup.nodes.Node,32,0.059
org.jsoup.nodes.Node,33,0.059
org.jsoup.nodes.Node,35,0.059
org.jsoup.nodes.Node,36,0.059
org.jsoup.nodes.Node,37,0.059
org.jsoup.nodes.Node,38,0.059
org.jsoup.nodes.Attributes,17,0.059
org.jsoup.nodes.Attributes,20,0.059
org.jsoup.nodes.Entities,42,0.059
org.jsoup.nodes.Entities,43,0.059
org.jsoup.nodes.Entities,111,0.059
org.jsoup.nodes.Entities,112,0.059
org.jsoup.nodes.Entities,113,0.059
org.jsoup.nodes.Entities,114,0.059
org.jsoup.nodes.Entities,115,0.059
org.jsoup.nodes.Entities,116,0.059
org.jsoup.nodes.Entities,120,0.059
org.jsoup.nodes.Entities,121,0.059
org.jsoup.nodes.Entities,122,0.059
org.jsoup.nodes.Entities,123,0.059
org.jsoup.nodes.Entities,124,0.059
org.jsoup.nodes.Entities,126,0.059
org.jsoup.nodes.Entities,127,0.059
org.jsoup.nodes.Entities,128,0.059
org.jsoup.nodes.Entities,130,0.059
org.jsoup.nodes.Entities,133,0.059
org.jsoup.nodes.Entities,134,0.059
org.jsoup.nodes.Entities,136,0.059
org.jsoup.nodes.Entities,137,0.059
org.jsoup.nodes.Entities,138,0.059
org.jsoup.nodes.Entities,141,0.059
org.jsoup.nodes.Entities,143,0.059
org.jsoup.nodes.Entities,144,0.059
org.jsoup.nodes.Entities,145,0.059
org.jsoup.nodes.Entities,146,0.059
org.jsoup.nodes.Entities,147,0.059
org.jsoup.nodes.Entities,148,0.059
org.jsoup.nodes.Entities,152,0.059
org.jsoup.nodes.Entities,153,0.059
org.jsoup.nodes.Entities,154,0.059
org.jsoup.nodes.Entities,155,0.059
org.jsoup.nodes.Entities,157,0.059
org.jsoup.nodes.Entities,159,0.059
org.jsoup.nodes.Entities,160,0.059
org.jsoup.nodes.Entities,162,0.059
org.jsoup.nodes.Entities,164,0.059
org.jsoup.nodes.Entities,165,0.059
org.jsoup.helper.StringUtil,11,0.059
org.jsoup.helper.Validate,93,0.059
org.jsoup.parser.Tag,62,0.059
org.jsoup.parser.TreeBuilder,14,0.059
org.jsoup.helper.DescendableLinkedList,16,0.059
org.jsoup.helper.DescendableLinkedList,17,0.059
org.jsoup.parser.CharacterReader,37,0.059
org.jsoup.parser.CharacterReader,38,0.059
org.jsoup.parser.CharacterReader,39,0.059
org.jsoup.helper.Validate,25,0.059
org.jsoup.helper.Validate,27,0.059
org.jsoup.helper.Validate,91,0.059
org.jsoup.parser.Tag,48,0.059
org.jsoup.parser.Tag,50,0.059
org.jsoup.parser.Tag,25,0.059
org.jsoup.parser.Tag,17,0.059
org.jsoup.parser.Tag,18,0.059
org.jsoup.parser.Tag,19,0.059
org.jsoup.parser.Tag,20,0.059
org.jsoup.parser.Tag,21,0.059
org.jsoup.parser.Tag,22,0.059
org.jsoup.parser.Tag,23,0.059
org.jsoup.parser.Tag,26,0.059
org.jsoup.parser.Tag,27,0.059
org.jsoup.parser.Tag,14,0.059
org.jsoup.parser.Tag,199,0.059
org.jsoup.parser.Tag,206,0.059
org.jsoup.parser.Tag,213,0.059
org.jsoup.parser.Tag,217,0.059
org.jsoup.parser.Tag,220,0.059
org.jsoup.parser.Tag,224,0.059
org.jsoup.parser.Tag,225,0.059
org.jsoup.parser.Tag,226,0.059
org.jsoup.parser.Tag,228,0.059
org.jsoup.parser.Tag,229,0.059
org.jsoup.parser.Tag,230,0.059
org.jsoup.parser.Tag,231,0.059
org.jsoup.parser.Tag,232,0.059
org.jsoup.parser.Tag,233,0.059
org.jsoup.parser.Tag,237,0.059
org.jsoup.parser.Tag,238,0.059
org.jsoup.parser.Tag,239,0.059
org.jsoup.parser.Tag,240,0.059
org.jsoup.parser.Tag,241,0.059
org.jsoup.parser.Tag,242,0.059
org.jsoup.parser.Tag,245,0.059
org.jsoup.parser.Tag,246,0.059
org.jsoup.parser.Tag,247,0.059
org.jsoup.parser.Tag,248,0.059
org.jsoup.parser.Tag,251,0.059
org.jsoup.parser.Tag,252,0.059
org.jsoup.parser.Tag,253,0.059
org.jsoup.parser.Tag,254,0.059
org.jsoup.parser.Tag,256,0.059
org.jsoup.parser.Tag,47,0.059
org.jsoup.parser.Tag,259,0.059
org.jsoup.parser.Tag,260,0.059
org.jsoup.parser.CharacterReader,29,0.058
org.jsoup.parser.CharacterReader,18,0.058
org.jsoup.parser.CharacterReader,15,0.058
org.jsoup.parser.CharacterReader,16,0.058
org.jsoup.parser.CharacterReader,19,0.058
org.jsoup.parser.CharacterReader,20,0.058
org.jsoup.parser.CharacterReader,21,0.058
org.jsoup.parser.CharacterReader,22,0.058
org.jsoup.helper.Validate,15,0.056
org.jsoup.helper.Validate,17,0.056
