org.apache.commons.cli.HelpFormatter,513,0.447
org.apache.commons.cli.HelpFormatter,925,0.408
org.apache.commons.cli.HelpFormatter,522,0.378
org.apache.commons.cli.HelpFormatter,529,0.378
org.apache.commons.cli.HelpFormatter,715,0.378
org.apache.commons.cli.HelpFormatter,716,0.378
org.apache.commons.cli.HelpFormatter,989,0.316
org.apache.commons.cli.HelpFormatter,511,0.289
org.apache.commons.cli.HelpFormatter,520,0.289
org.apache.commons.cli.HelpFormatter,525,0.289
org.apache.commons.cli.HelpFormatter,527,0.289
org.apache.commons.cli.HelpFormatter,531,0.289
org.apache.commons.cli.HelpFormatter,700,0.289
org.apache.commons.cli.HelpFormatter,702,0.289
org.apache.commons.cli.HelpFormatter,703,0.289
org.apache.commons.cli.HelpFormatter,704,0.289
org.apache.commons.cli.HelpFormatter,506,0.277
org.apache.commons.cli.HelpFormatter,752,0.277
org.apache.commons.cli.HelpFormatter,753,0.277
org.apache.commons.cli.HelpFormatter,759,0.277
org.apache.commons.cli.HelpFormatter,761,0.277
org.apache.commons.cli.HelpFormatter,763,0.277
org.apache.commons.cli.HelpFormatter,765,0.277
org.apache.commons.cli.HelpFormatter,767,0.277
org.apache.commons.cli.HelpFormatter,805,0.277
org.apache.commons.cli.HelpFormatter,807,0.277
org.apache.commons.cli.HelpFormatter,834,0.277
org.apache.commons.cli.HelpFormatter,544,0.267
org.apache.commons.cli.HelpFormatter,547,0.267
org.apache.commons.cli.HelpFormatter,552,0.267
org.apache.commons.cli.HelpFormatter,553,0.267
org.apache.commons.cli.HelpFormatter,555,0.267
org.apache.commons.cli.HelpFormatter,595,0.267
org.apache.commons.cli.HelpFormatter,596,0.267
org.apache.commons.cli.Options,175,0.258
org.apache.commons.cli.HelpFormatter,859,0.25
org.apache.commons.cli.HelpFormatter,861,0.25
org.apache.commons.cli.HelpFormatter,868,0.25
org.apache.commons.cli.HelpFormatter,872,0.25
org.apache.commons.cli.HelpFormatter,873,0.25
org.apache.commons.cli.HelpFormatter,875,0.25
org.apache.commons.cli.HelpFormatter,877,0.25
org.apache.commons.cli.HelpFormatter,879,0.25
org.apache.commons.cli.HelpFormatter,965,0.229
org.apache.commons.cli.HelpFormatter,966,0.229
org.apache.commons.cli.HelpFormatter,968,0.229
org.apache.commons.cli.HelpFormatter,728,0.218
org.apache.commons.cli.HelpFormatter,730,0.218
org.apache.commons.cli.HelpFormatter,731,0.218
org.apache.commons.cli.HelpFormatter,732,0.218
org.apache.commons.cli.HelpFormatter,339,0.213
org.apache.commons.cli.HelpFormatter,855,0.213
org.apache.commons.cli.HelpFormatter,857,0.213
org.apache.commons.cli.HelpFormatter,851,0.189
org.apache.commons.cli.HelpFormatter,853,0.189
org.apache.commons.cli.HelpFormatter,922,0.186
org.apache.commons.cli.HelpFormatter,927,0.186
org.apache.commons.cli.HelpFormatter,929,0.186
org.apache.commons.cli.HelpFormatter,980,0.186
org.apache.commons.cli.HelpFormatter,985,0.186
org.apache.commons.cli.HelpFormatter,987,0.186
org.apache.commons.cli.HelpFormatter,992,0.186
org.apache.commons.cli.HelpFormatter,39,0.177
org.apache.commons.cli.HelpFormatter,78,0.177
org.apache.commons.cli.HelpFormatter,86,0.177
org.apache.commons.cli.HelpFormatter,95,0.177
org.apache.commons.cli.HelpFormatter,103,0.177
org.apache.commons.cli.HelpFormatter,111,0.177
org.apache.commons.cli.HelpFormatter,119,0.177
org.apache.commons.cli.HelpFormatter,127,0.177
org.apache.commons.cli.HelpFormatter,130,0.177
org.apache.commons.cli.HelpFormatter,138,0.177
org.apache.commons.cli.HelpFormatter,145,0.177
org.apache.commons.cli.HelpFormatter,1002,0.177
org.apache.commons.cli.Options,185,0.069
org.apache.commons.cli.Options,46,0.056
org.apache.commons.cli.Options,52,0.056
org.apache.commons.cli.Options,55,0.056
org.apache.commons.cli.Options,58,0.056
org.apache.commons.cli.Options,61,0.056
