org.apache.commons.jxpath.ri.model.BeanModelTestCase,59,0.945
org.apache.commons.jxpath.ri.axes.PrecedingOrFollowingContext,65,0.267
org.apache.commons.jxpath.ri.axes.PrecedingOrFollowingContext,69,0.267
org.apache.commons.jxpath.ri.axes.PrecedingOrFollowingContext,70,0.267
org.apache.commons.jxpath.ri.axes.PrecedingOrFollowingContext,74,0.267
org.apache.commons.jxpath.JXPathTestCase,125,0.267
org.apache.commons.jxpath.ri.axes.PrecedingOrFollowingContext,34,0.218
org.apache.commons.jxpath.ri.axes.PrecedingOrFollowingContext,45,0.218
org.apache.commons.jxpath.ri.axes.PrecedingOrFollowingContext,46,0.218
org.apache.commons.jxpath.ri.axes.PrecedingOrFollowingContext,47,0.218
org.apache.commons.jxpath.ri.axes.PrecedingOrFollowingContext,48,0.218
org.apache.commons.jxpath.ri.axes.PrecedingOrFollowingContext,51,0.218
org.apache.commons.jxpath.ri.axes.PrecedingOrFollowingContext,59,0.218
org.apache.commons.jxpath.ri.axes.PrecedingOrFollowingContext,60,0.218
org.apache.commons.jxpath.ri.axes.PrecedingOrFollowingContext,61,0.218
org.apache.commons.jxpath.ri.axes.PrecedingOrFollowingContext,62,0.218
org.apache.commons.jxpath.ri.axes.PrecedingOrFollowingContext,78,0.218
org.apache.commons.jxpath.ri.axes.PrecedingOrFollowingContext,79,0.218
org.apache.commons.jxpath.ri.axes.PrecedingOrFollowingContext,80,0.218
org.apache.commons.jxpath.ri.axes.PrecedingOrFollowingContext,81,0.218
org.apache.commons.jxpath.ri.axes.PrecedingOrFollowingContext,82,0.218
org.apache.commons.jxpath.ri.axes.PrecedingOrFollowingContext,84,0.218
org.apache.commons.jxpath.ri.axes.PrecedingOrFollowingContext,90,0.218
org.apache.commons.jxpath.ri.axes.PrecedingOrFollowingContext,108,0.218
org.apache.commons.jxpath.ri.axes.PrecedingOrFollowingContext,109,0.218
org.apache.commons.jxpath.ri.model.container.ContainerPointer,65,0.189
org.apache.commons.jxpath.ri.model.dom.DOMNodePointer,119,0.189
org.apache.commons.jxpath.util.BasicTypeConverter,144,0.189
org.apache.commons.jxpath.util.BasicTypeConverter,147,0.189
org.apache.commons.jxpath.ri.model.jdom.JDOMNodePointer,222,0.189
org.apache.commons.jxpath.ri.model.XMLModelTestCase,474,0.189
org.apache.commons.jxpath.ri.model.XMLModelTestCase,644,0.189
org.apache.commons.jxpath.ri.axes.PrecedingOrFollowingContext,110,0.154
org.apache.commons.jxpath.ri.axes.PrecedingOrFollowingContext,111,0.154
org.apache.commons.jxpath.ri.axes.PrecedingOrFollowingContext,112,0.154
org.apache.commons.jxpath.ri.axes.PrecedingOrFollowingContext,113,0.154
org.apache.commons.jxpath.ri.axes.PrecedingOrFollowingContext,114,0.154
org.apache.commons.jxpath.ri.axes.PrecedingOrFollowingContext,120,0.154
org.apache.commons.jxpath.ri.axes.PrecedingOrFollowingContext,121,0.154
org.apache.commons.jxpath.ri.axes.PrecedingOrFollowingContext,122,0.154
org.apache.commons.jxpath.ri.axes.PrecedingOrFollowingContext,128,0.154
org.apache.commons.jxpath.ri.axes.PrecedingOrFollowingContext,130,0.154
org.apache.commons.jxpath.ri.axes.PrecedingOrFollowingContext,132,0.154
org.apache.commons.jxpath.ri.axes.PrecedingOrFollowingContext,133,0.154
org.apache.commons.jxpath.ri.axes.PrecedingOrFollowingContext,134,0.154
org.apache.commons.jxpath.ri.model.NodePointer,134,0.154
org.apache.commons.jxpath.ri.axes.PrecedingOrFollowingContext,135,0.154
org.apache.commons.jxpath.ri.model.NodePointer,135,0.154
org.apache.commons.jxpath.ri.axes.PrecedingOrFollowingContext,136,0.154
org.apache.commons.jxpath.ri.model.NodePointer,138,0.154
org.apache.commons.jxpath.ri.axes.PrecedingOrFollowingContext,142,0.154
org.apache.commons.jxpath.ri.axes.PrecedingOrFollowingContext,148,0.154
org.apache.commons.jxpath.ri.axes.PrecedingOrFollowingContext,149,0.154
org.apache.commons.jxpath.ri.axes.PrecedingOrFollowingContext,150,0.154
org.apache.commons.jxpath.ri.axes.PrecedingOrFollowingContext,151,0.154
org.apache.commons.jxpath.ri.axes.PrecedingOrFollowingContext,152,0.154
org.apache.commons.jxpath.ri.axes.PrecedingOrFollowingContext,153,0.154
org.apache.commons.jxpath.ri.axes.PrecedingOrFollowingContext,154,0.154
org.apache.commons.jxpath.ri.axes.PrecedingOrFollowingContext,158,0.154
org.apache.commons.jxpath.ri.compiler.Path,316,0.154
org.apache.commons.jxpath.ri.compiler.Path,324,0.154
org.apache.commons.jxpath.ri.model.dom.DOMNodeIterator,47,0.134
org.apache.commons.jxpath.ri.model.jdom.JDOMNodeIterator,50,0.134
org.apache.commons.jxpath.JXPathTestCase,54,0.134
org.apache.commons.jxpath.ri.axes.PrecedingOrFollowingContext,91,0.134
org.apache.commons.jxpath.ri.axes.PrecedingOrFollowingContext,93,0.134
org.apache.commons.jxpath.ri.axes.PrecedingOrFollowingContext,98,0.134
org.apache.commons.jxpath.ri.axes.PrecedingOrFollowingContext,99,0.134
org.apache.commons.jxpath.ri.axes.PrecedingOrFollowingContext,100,0.134
org.apache.commons.jxpath.ri.model.dom.DOMNodeIterator,124,0.134
org.apache.commons.jxpath.ri.model.dom.DOMNodeIterator,131,0.134
org.apache.commons.jxpath.PackageFunctions,139,0.134
org.apache.commons.jxpath.PackageFunctions,143,0.134
org.apache.commons.jxpath.PackageFunctions,148,0.134
org.apache.commons.jxpath.ri.model.jdom.JDOMNodeIterator,151,0.134
org.apache.commons.jxpath.PackageFunctions,152,0.134
org.apache.commons.jxpath.ri.model.jdom.JDOMNodeIterator,159,0.134
org.apache.commons.jxpath.ri.axes.PrecedingOrFollowingContext,161,0.134
org.apache.commons.jxpath.ri.model.NodePointer,163,0.134
org.apache.commons.jxpath.PackageFunctions,165,0.134
org.apache.commons.jxpath.PackageFunctions,166,0.134
org.apache.commons.jxpath.PackageFunctions,171,0.134
org.apache.commons.jxpath.PackageFunctions,205,0.134
org.apache.commons.jxpath.PackageFunctions,210,0.134
org.apache.commons.jxpath.PackageFunctions,211,0.134
org.apache.commons.jxpath.ri.compiler.Path,326,0.12
org.apache.commons.jxpath.ri.model.container.ContainerPointer,102,0.109
org.apache.commons.jxpath.ri.model.NodePointer,136,0.109
org.apache.commons.jxpath.ri.model.container.ContainerPointer,193,0.109
org.apache.commons.jxpath.ri.axes.PredicateContext,95,0.101
org.apache.commons.jxpath.ri.axes.PredicateContext,96,0.101
org.apache.commons.jxpath.ri.axes.PredicateContext,97,0.101
org.apache.commons.jxpath.ri.axes.PredicateContext,98,0.101
org.apache.commons.jxpath.ri.axes.PredicateContext,106,0.101
org.apache.commons.jxpath.util.BasicTypeConverter,141,0.101
org.apache.commons.jxpath.ri.model.container.ContainerPointer,216,0.101
org.apache.commons.jxpath.ri.EvalContext,369,0.101
org.apache.commons.jxpath.ri.model.dom.DOMNodeIterator,111,0.094
org.apache.commons.jxpath.util.BasicTypeConverter,112,0.094
org.apache.commons.jxpath.ri.model.dom.DOMNodeIterator,122,0.094
org.apache.commons.jxpath.ri.model.dom.DOMNodeIterator,123,0.094
org.apache.commons.jxpath.ri.model.dom.DOMNodeIterator,127,0.094
org.apache.commons.jxpath.ri.model.jdom.JDOMNodeIterator,129,0.094
org.apache.commons.jxpath.ri.model.dom.DOMNodePointer,132,0.094
org.apache.commons.jxpath.ri.model.dom.DOMNodeIterator,133,0.094
org.apache.commons.jxpath.ri.model.dom.DOMNodeIterator,134,0.094
org.apache.commons.jxpath.ri.model.container.ContainerPointer,139,0.094
org.apache.commons.jxpath.ri.model.jdom.JDOMNodeIterator,144,0.094
org.apache.commons.jxpath.ri.model.jdom.JDOMNodeIterator,145,0.094
org.apache.commons.jxpath.ri.model.jdom.JDOMNodeIterator,146,0.094
org.apache.commons.jxpath.ri.model.jdom.JDOMNodeIterator,147,0.094
org.apache.commons.jxpath.ri.NamespaceResolver,151,0.094
org.apache.commons.jxpath.ri.NamespaceResolver,152,0.094
org.apache.commons.jxpath.ri.model.jdom.JDOMNodeIterator,153,0.094
org.apache.commons.jxpath.ri.model.jdom.JDOMNodeIterator,154,0.094
org.apache.commons.jxpath.ri.model.jdom.JDOMNodeIterator,155,0.094
org.apache.commons.jxpath.ri.model.jdom.JDOMNodeIterator,156,0.094
org.apache.commons.jxpath.ri.NamespaceResolver,163,0.094
org.apache.commons.jxpath.ri.NamespaceResolver,164,0.094
org.apache.commons.jxpath.ri.NamespaceResolver,165,0.094
org.apache.commons.jxpath.ri.NamespaceResolver,166,0.094
org.apache.commons.jxpath.ri.NamespaceResolver,167,0.094
org.apache.commons.jxpath.ri.NamespaceResolver,168,0.094
org.apache.commons.jxpath.ri.NamespaceResolver,169,0.094
org.apache.commons.jxpath.ri.NamespaceResolver,171,0.094
org.apache.commons.jxpath.ri.NamespaceResolver,172,0.094
org.apache.commons.jxpath.PackageFunctions,177,0.094
org.apache.commons.jxpath.PackageFunctions,178,0.094
org.apache.commons.jxpath.PackageFunctions,179,0.094
org.apache.commons.jxpath.PackageFunctions,183,0.094
org.apache.commons.jxpath.PackageFunctions,184,0.094
org.apache.commons.jxpath.PackageFunctions,188,0.094
org.apache.commons.jxpath.PackageFunctions,195,0.094
org.apache.commons.jxpath.PackageFunctions,197,0.094
org.apache.commons.jxpath.ri.model.jdom.JDOMNodePointer,377,0.094
org.apache.commons.jxpath.ri.parser.XPathParserTokenManager,905,0.094
org.apache.commons.jxpath.ri.parser.XPathParserTokenManager,943,0.089
org.apache.commons.jxpath.util.BasicTypeConverter,90,0.085
org.apache.commons.jxpath.ri.parser.XPathParserTokenManager,903,0.085
org.apache.commons.jxpath.ri.parser.XPathParserTokenManager,941,0.085
org.apache.commons.jxpath.ri.InfoSetUtil,62,0.077
org.apache.commons.jxpath.util.BasicTypeConverter,78,0.077
org.apache.commons.jxpath.ri.model.jdom.JDOMNodePointer,219,0.077
org.apache.commons.jxpath.ri.model.jdom.JDOMNodePointer,220,0.077
org.apache.commons.jxpath.util.BasicTypeConverter,344,0.077
org.apache.commons.jxpath.ri.parser.XPathParserTokenManager,786,0.077
org.apache.commons.jxpath.ri.parser.XPathParser,825,0.077
org.apache.commons.jxpath.ri.parser.XPathParser,826,0.077
org.apache.commons.jxpath.ri.parser.XPathParser,827,0.077
org.apache.commons.jxpath.ri.parser.XPathParser,829,0.077
org.apache.commons.jxpath.ri.parser.XPathParser,830,0.077
org.apache.commons.jxpath.ri.parser.XPathParser,831,0.077
org.apache.commons.jxpath.ri.parser.XPathParserTokenManager,870,0.077
org.apache.commons.jxpath.ri.parser.XPathParserTokenManager,875,0.077
org.apache.commons.jxpath.ri.parser.XPathParserTokenManager,939,0.077
org.apache.commons.jxpath.ri.parser.XPathParserTokenManager,944,0.077
org.apache.commons.jxpath.ri.parser.XPathParserTokenManager,946,0.077
org.apache.commons.jxpath.ri.axes.ChildContext,78,0.076
org.apache.commons.jxpath.ri.axes.ChildContext,79,0.076
org.apache.commons.jxpath.ri.axes.ChildContext,80,0.076
org.apache.commons.jxpath.ri.axes.ChildContext,81,0.076
org.apache.commons.jxpath.ri.axes.ChildContext,85,0.076
org.apache.commons.jxpath.ri.axes.ChildContext,86,0.076
org.apache.commons.jxpath.ri.axes.ChildContext,87,0.076
org.apache.commons.jxpath.util.BasicTypeConverter,66,0.074
org.apache.commons.jxpath.util.BasicTypeConverter,73,0.074
org.apache.commons.jxpath.ri.model.NodePointer,123,0.074
org.apache.commons.jxpath.ri.model.NodePointer,124,0.074
org.apache.commons.jxpath.ri.model.NodePointer,126,0.074
org.apache.commons.jxpath.ri.parser.XPathParserTokenManager,832,0.074
org.apache.commons.jxpath.ri.parser.XPathParser,1805,0.074
org.apache.commons.jxpath.ri.parser.XPathParser,1806,0.074
org.apache.commons.jxpath.ri.parser.XPathParser,1807,0.074
org.apache.commons.jxpath.ri.parser.XPathParser,3120,0.074
org.apache.commons.jxpath.ri.parser.XPathParser,3121,0.074
org.apache.commons.jxpath.ri.parser.XPathParser,3150,0.074
org.apache.commons.jxpath.ri.axes.DescendantContext,100,0.071
org.apache.commons.jxpath.ri.axes.DescendantContext,101,0.071
org.apache.commons.jxpath.ri.axes.DescendantContext,102,0.071
org.apache.commons.jxpath.ri.axes.DescendantContext,114,0.071
org.apache.commons.jxpath.ri.compiler.Path,314,0.071
org.apache.commons.jxpath.ri.EvalContext,325,0.071
org.apache.commons.jxpath.ri.EvalContext,368,0.071
org.apache.commons.jxpath.ri.parser.XPathParserTokenManager,558,0.071
org.apache.commons.jxpath.ri.parser.XPathParserTokenManager,617,0.071
org.apache.commons.jxpath.ri.axes.DescendantContext,108,0.071
org.apache.commons.jxpath.ri.axes.DescendantContext,109,0.071
org.apache.commons.jxpath.ri.axes.DescendantContext,110,0.071
org.apache.commons.jxpath.ri.axes.DescendantContext,111,0.071
org.apache.commons.jxpath.ri.axes.DescendantContext,112,0.071
org.apache.commons.jxpath.ri.axes.DescendantContext,113,0.071
org.apache.commons.jxpath.ri.axes.DescendantContext,120,0.071
org.apache.commons.jxpath.ri.axes.DescendantContext,121,0.071
org.apache.commons.jxpath.ri.axes.DescendantContext,122,0.071
org.apache.commons.jxpath.ri.axes.DescendantContext,140,0.071
org.apache.commons.jxpath.ri.axes.DescendantContext,141,0.071
org.apache.commons.jxpath.ri.axes.DescendantContext,148,0.071
org.apache.commons.jxpath.ri.EvalContext,322,0.07
org.apache.commons.jxpath.ri.EvalContext,323,0.07
org.apache.commons.jxpath.ri.EvalContext,324,0.07
org.apache.commons.jxpath.ri.axes.DescendantContext,38,0.07
org.apache.commons.jxpath.ri.axes.DescendantContext,50,0.07
org.apache.commons.jxpath.ri.axes.DescendantContext,51,0.07
org.apache.commons.jxpath.ri.axes.DescendantContext,52,0.07
org.apache.commons.jxpath.ri.axes.DescendantContext,53,0.07
org.apache.commons.jxpath.ri.axes.DescendantContext,60,0.07
org.apache.commons.jxpath.ri.axes.DescendantContext,65,0.07
org.apache.commons.jxpath.ri.axes.DescendantContext,69,0.07
org.apache.commons.jxpath.ri.axes.DescendantContext,70,0.07
org.apache.commons.jxpath.ri.axes.DescendantContext,71,0.07
org.apache.commons.jxpath.ri.axes.DescendantContext,87,0.07
org.apache.commons.jxpath.ri.axes.DescendantContext,88,0.07
org.apache.commons.jxpath.ri.axes.DescendantContext,89,0.07
org.apache.commons.jxpath.ri.axes.DescendantContext,90,0.07
org.apache.commons.jxpath.ri.axes.DescendantContext,91,0.07
org.apache.commons.jxpath.ri.axes.DescendantContext,92,0.07
org.apache.commons.jxpath.ri.axes.DescendantContext,93,0.07
org.apache.commons.jxpath.ri.axes.DescendantContext,99,0.07
org.apache.commons.jxpath.ri.model.jdom.JDOMNodePointer,568,0.069
org.apache.commons.jxpath.ri.model.jdom.JDOMNodePointer,572,0.069
org.apache.commons.jxpath.ri.model.jdom.JDOMNodePointer,573,0.069
org.apache.commons.jxpath.ri.model.jdom.JDOMNodePointer,574,0.069
org.apache.commons.jxpath.ri.model.jdom.JDOMNodePointer,576,0.069
org.apache.commons.jxpath.ri.model.jdom.JDOMNodePointer,580,0.069
org.apache.commons.jxpath.ri.model.jdom.JDOMNodePointer,581,0.069
org.apache.commons.jxpath.ri.model.jdom.JDOMNodePointer,583,0.069
org.apache.commons.jxpath.ri.model.jdom.JDOMNodePointer,585,0.069
org.apache.commons.jxpath.ri.model.jdom.JDOMNodePointer,586,0.069
org.apache.commons.jxpath.ri.model.jdom.JDOMNodePointer,588,0.069
org.apache.commons.jxpath.ri.model.jdom.JDOMNodePointer,589,0.069
org.apache.commons.jxpath.ri.model.jdom.JDOMNodePointer,590,0.069
org.apache.commons.jxpath.ri.model.jdom.JDOMNodePointer,591,0.069
org.apache.commons.jxpath.ri.model.jdom.JDOMNodePointer,611,0.069
org.apache.commons.jxpath.ri.model.jdom.JDOMNodePointer,613,0.069
org.apache.commons.jxpath.ri.model.jdom.JDOMNodePointer,618,0.069
org.apache.commons.jxpath.ri.model.jdom.JDOMNodePointer,625,0.069
org.apache.commons.jxpath.ri.model.jdom.JDOMNodePointer,649,0.069
org.apache.commons.jxpath.ri.model.jdom.JDOMNodePointer,650,0.069
org.apache.commons.jxpath.ri.model.jdom.JDOMNodePointer,651,0.069
org.apache.commons.jxpath.ri.model.jdom.JDOMNodePointer,652,0.069
org.apache.commons.jxpath.ri.model.jdom.JDOMNodePointer,655,0.069
org.apache.commons.jxpath.ri.model.jdom.JDOMNodePointer,656,0.069
org.apache.commons.jxpath.ri.model.jdom.JDOMNodePointer,657,0.069
org.apache.commons.jxpath.ri.model.jdom.JDOMNodePointer,658,0.069
org.apache.commons.jxpath.ri.model.jdom.JDOMNodePointer,659,0.069
org.apache.commons.jxpath.ri.model.jdom.JDOMNodePointer,660,0.069
org.apache.commons.jxpath.ri.model.jdom.JDOMNodePointer,662,0.069
org.apache.commons.jxpath.ri.model.jdom.JDOMNodePointer,664,0.069
org.apache.commons.jxpath.ri.model.jdom.JDOMNodePointer,665,0.069
org.apache.commons.jxpath.ri.model.jdom.JDOMNodePointer,668,0.069
org.apache.commons.jxpath.ri.InfoSetUtil,57,0.067
org.apache.commons.jxpath.util.BasicTypeConverter,74,0.067
org.apache.commons.jxpath.util.BasicTypeConverter,75,0.067
org.apache.commons.jxpath.FunctionLibrary,79,0.067
org.apache.commons.jxpath.ri.model.jdom.JDOMNodePointer,100,0.067
org.apache.commons.jxpath.PackageFunctions,128,0.067
org.apache.commons.jxpath.PackageFunctions,129,0.067
org.apache.commons.jxpath.PackageFunctions,130,0.067
org.apache.commons.jxpath.PackageFunctions,135,0.067
org.apache.commons.jxpath.ri.model.jdom.JDOMNodePointer,192,0.067
org.apache.commons.jxpath.util.MethodLookupUtils,205,0.067
org.apache.commons.jxpath.util.MethodLookupUtils,206,0.067
org.apache.commons.jxpath.util.MethodLookupUtils,207,0.067
org.apache.commons.jxpath.util.MethodLookupUtils,208,0.067
org.apache.commons.jxpath.util.BasicTypeConverter,254,0.067
org.apache.commons.jxpath.util.BasicTypeConverter,255,0.067
org.apache.commons.jxpath.util.BasicTypeConverter,258,0.067
org.apache.commons.jxpath.util.BasicTypeConverter,259,0.067
org.apache.commons.jxpath.ri.compiler.CoreFunction,271,0.067
org.apache.commons.jxpath.util.BasicTypeConverter,336,0.067
org.apache.commons.jxpath.util.BasicTypeConverter,337,0.067
org.apache.commons.jxpath.util.BasicTypeConverter,340,0.067
org.apache.commons.jxpath.util.BasicTypeConverter,343,0.067
org.apache.commons.jxpath.ri.EvalContext,362,0.067
org.apache.commons.jxpath.ri.compiler.CoreFunction,519,0.067
org.apache.commons.jxpath.ri.compiler.CoreFunction,522,0.067
org.apache.commons.jxpath.ri.compiler.CoreFunction,523,0.067
org.apache.commons.jxpath.ri.parser.XPathParserTokenManager,556,0.067
org.apache.commons.jxpath.ri.model.dom.DOMNodePointer,585,0.067
org.apache.commons.jxpath.ri.model.dom.DOMNodePointer,586,0.067
org.apache.commons.jxpath.ri.model.dom.DOMNodePointer,587,0.067
org.apache.commons.jxpath.ri.model.dom.DOMNodePointer,588,0.067
org.apache.commons.jxpath.ri.model.dom.DOMNodePointer,589,0.067
org.apache.commons.jxpath.ri.model.dom.DOMNodePointer,590,0.067
org.apache.commons.jxpath.ri.model.dom.DOMNodePointer,591,0.067
org.apache.commons.jxpath.ri.model.dom.DOMNodePointer,592,0.067
org.apache.commons.jxpath.ri.model.jdom.JDOMNodePointer,594,0.067
org.apache.commons.jxpath.ri.model.jdom.JDOMNodePointer,595,0.067
org.apache.commons.jxpath.ri.model.jdom.JDOMNodePointer,596,0.067
org.apache.commons.jxpath.ri.model.jdom.JDOMNodePointer,597,0.067
org.apache.commons.jxpath.ri.model.jdom.JDOMNodePointer,598,0.067
org.apache.commons.jxpath.ri.model.jdom.JDOMNodePointer,599,0.067
org.apache.commons.jxpath.ri.model.jdom.JDOMNodePointer,600,0.067
org.apache.commons.jxpath.ri.model.jdom.JDOMNodePointer,601,0.067
org.apache.commons.jxpath.ri.model.jdom.JDOMNodePointer,750,0.067
org.apache.commons.jxpath.ri.model.jdom.JDOMNodePointer,754,0.067
org.apache.commons.jxpath.ri.model.jdom.JDOMNodePointer,758,0.067
org.apache.commons.jxpath.ri.model.jdom.JDOMNodePointer,759,0.067
org.apache.commons.jxpath.ri.axes.PredicateContext,161,0.065
org.apache.commons.jxpath.ri.model.container.ContainerPointer,94,0.065
org.apache.commons.jxpath.ri.model.container.ContainerPointer,95,0.065
org.apache.commons.jxpath.ri.model.container.ContainerPointer,111,0.065
org.apache.commons.jxpath.ri.model.container.ContainerPointer,165,0.065
org.apache.commons.jxpath.ri.parser.XPathParser,662,0.065
org.apache.commons.jxpath.ri.parser.XPathParser,663,0.065
org.apache.commons.jxpath.ri.parser.XPathParser,664,0.065
org.apache.commons.jxpath.ri.parser.XPathParser,1799,0.065
org.apache.commons.jxpath.ri.parser.XPathParser,1821,0.065
org.apache.commons.jxpath.ri.parser.XPathParser,2750,0.065
org.apache.commons.jxpath.ri.parser.XPathParser,2751,0.065
org.apache.commons.jxpath.ri.parser.XPathParser,2752,0.065
org.apache.commons.jxpath.ri.parser.XPathParser,2753,0.065
org.apache.commons.jxpath.ri.NamespaceResolver,88,0.064
org.apache.commons.jxpath.ri.NamespaceResolver,92,0.064
org.apache.commons.jxpath.ri.NamespaceResolver,93,0.064
org.apache.commons.jxpath.ri.NamespaceResolver,94,0.064
org.apache.commons.jxpath.ri.axes.PredicateContext,115,0.064
org.apache.commons.jxpath.ri.axes.PredicateContext,153,0.064
org.apache.commons.jxpath.ri.axes.PredicateContext,158,0.064
org.apache.commons.jxpath.ri.NamespaceResolver,181,0.064
org.apache.commons.jxpath.ri.JXPathContextReferenceImpl,646,0.064
org.apache.commons.jxpath.ri.JXPathContextReferenceImpl,649,0.064
org.apache.commons.jxpath.ri.JXPathContextReferenceImpl,650,0.064
org.apache.commons.jxpath.ri.parser.XPathParserTokenManager,524,0.064
org.apache.commons.jxpath.ri.axes.PredicateContext,82,0.063
org.apache.commons.jxpath.ri.axes.PredicateContext,83,0.063
org.apache.commons.jxpath.ri.axes.PredicateContext,90,0.063
org.apache.commons.jxpath.ri.axes.PredicateContext,94,0.063
org.apache.commons.jxpath.ri.model.container.ContainerPointer,113,0.063
org.apache.commons.jxpath.util.BasicTypeConverter,62,0.063
org.apache.commons.jxpath.ri.parser.XPathParserTokenManager,830,0.063
org.apache.commons.jxpath.ri.axes.PredicateContext,55,0.063
org.apache.commons.jxpath.ri.axes.PredicateContext,114,0.063
org.apache.commons.jxpath.ri.compiler.Path,270,0.062
org.apache.commons.jxpath.ri.compiler.Path,273,0.062
org.apache.commons.jxpath.ri.axes.PredicateContext,37,0.062
org.apache.commons.jxpath.ri.axes.PredicateContext,42,0.062
org.apache.commons.jxpath.ri.axes.PredicateContext,43,0.062
org.apache.commons.jxpath.ri.axes.PredicateContext,44,0.062
org.apache.commons.jxpath.ri.axes.PredicateContext,48,0.062
org.apache.commons.jxpath.ri.axes.PredicateContext,51,0.062
org.apache.commons.jxpath.ri.axes.PredicateContext,54,0.062
org.apache.commons.jxpath.ri.axes.PredicateContext,165,0.062
org.apache.commons.jxpath.ri.axes.PredicateContext,166,0.062
org.apache.commons.jxpath.ri.axes.PredicateContext,167,0.062
org.apache.commons.jxpath.ri.axes.PredicateContext,168,0.062
org.apache.commons.jxpath.ri.axes.PredicateContext,171,0.062
org.apache.commons.jxpath.ri.axes.PredicateContext,172,0.062
org.apache.commons.jxpath.ri.compiler.Expression,198,0.061
org.apache.commons.jxpath.ri.compiler.Expression,199,0.061
org.apache.commons.jxpath.PackageFunctions,118,0.06
org.apache.commons.jxpath.ri.model.jdom.JDOMNodePointer,119,0.06
org.apache.commons.jxpath.ri.model.jdom.JDOMNodePointer,120,0.06
org.apache.commons.jxpath.ri.model.jdom.JDOMNodePointer,121,0.06
org.apache.commons.jxpath.ClassFunctions,122,0.06
org.apache.commons.jxpath.PackageFunctions,123,0.06
org.apache.commons.jxpath.ri.model.jdom.JDOMNodePointer,123,0.06
org.apache.commons.jxpath.PackageFunctions,127,0.06
org.apache.commons.jxpath.ri.model.jdom.JDOMNodePointer,148,0.06
org.apache.commons.jxpath.ri.model.jdom.JDOMNodePointer,149,0.06
org.apache.commons.jxpath.ri.model.jdom.JDOMNodePointer,150,0.06
org.apache.commons.jxpath.ri.model.jdom.JDOMNodePointer,154,0.06
org.apache.commons.jxpath.ri.model.jdom.JDOMNodePointer,157,0.06
org.apache.commons.jxpath.ri.model.jdom.JDOMNodePointer,161,0.06
org.apache.commons.jxpath.ri.model.jdom.JDOMNodePointer,177,0.06
org.apache.commons.jxpath.ri.model.jdom.JDOMNodePointer,184,0.06
org.apache.commons.jxpath.ri.model.jdom.JDOMNodePointer,185,0.06
org.apache.commons.jxpath.ri.model.jdom.JDOMNodePointer,186,0.06
org.apache.commons.jxpath.ri.model.jdom.JDOMNodePointer,187,0.06
org.apache.commons.jxpath.ri.model.jdom.JDOMNodePointer,188,0.06
org.apache.commons.jxpath.ri.model.jdom.JDOMNodePointer,191,0.06
org.apache.commons.jxpath.ri.model.jdom.JDOMNodePointer,204,0.06
org.apache.commons.jxpath.ri.parser.XPathParser,207,0.06
org.apache.commons.jxpath.ri.parser.XPathParser,208,0.06
org.apache.commons.jxpath.ri.parser.XPathParser,209,0.06
org.apache.commons.jxpath.util.MethodLookupUtils,227,0.06
org.apache.commons.jxpath.util.MethodLookupUtils,232,0.06
org.apache.commons.jxpath.util.MethodLookupUtils,233,0.06
org.apache.commons.jxpath.util.MethodLookupUtils,236,0.06
org.apache.commons.jxpath.util.MethodLookupUtils,237,0.06
org.apache.commons.jxpath.util.MethodLookupUtils,238,0.06
org.apache.commons.jxpath.util.MethodLookupUtils,256,0.06
org.apache.commons.jxpath.util.MethodLookupUtils,259,0.06
org.apache.commons.jxpath.ri.parser.XPathParserTokenManager,525,0.06
org.apache.commons.jxpath.ri.parser.XPathParserTokenManager,689,0.06
org.apache.commons.jxpath.ri.parser.XPathParserTokenManager,727,0.06
org.apache.commons.jxpath.ri.model.dom.DOMNodePointer,736,0.06
org.apache.commons.jxpath.ri.parser.XPathParserTokenManager,754,0.06
org.apache.commons.jxpath.ri.model.dom.DOMNodePointer,914,0.06
org.apache.commons.jxpath.ri.compiler.Path,207,0.059
org.apache.commons.jxpath.ri.axes.SimplePathInterpreter,283,0.059
org.apache.commons.jxpath.ri.compiler.NodeTypeTest,33,0.059
org.apache.commons.jxpath.ri.compiler.Path,179,0.059
org.apache.commons.jxpath.ri.compiler.Path,203,0.059
org.apache.commons.jxpath.ri.compiler.Path,204,0.059
org.apache.commons.jxpath.ri.compiler.Path,206,0.059
org.apache.commons.jxpath.ri.compiler.Path,256,0.059
org.apache.commons.jxpath.ri.axes.SimplePathInterpreter,277,0.059
org.apache.commons.jxpath.ri.axes.SimplePathInterpreter,279,0.059
org.apache.commons.jxpath.ri.axes.SimplePathInterpreter,281,0.059
org.apache.commons.jxpath.ri.axes.SimplePathInterpreter,282,0.059
org.apache.commons.jxpath.ri.axes.DescendantContext,56,0.058
org.apache.commons.jxpath.ri.model.jdom.JDOMNodeIterator,69,0.058
org.apache.commons.jxpath.ri.model.jdom.JDOMNodeIterator,72,0.058
org.apache.commons.jxpath.ri.model.jdom.JDOMNodePointer,216,0.058
org.apache.commons.jxpath.ri.model.jdom.JDOMNodePointer,217,0.058
org.apache.commons.jxpath.ri.axes.SimplePathInterpreter,274,0.058
org.apache.commons.jxpath.ri.axes.SimplePathInterpreter,275,0.058
org.apache.commons.jxpath.ri.model.jdom.JDOMNodePointer,388,0.058
org.apache.commons.jxpath.ri.model.jdom.JDOMNodePointer,389,0.058
org.apache.commons.jxpath.ri.model.jdom.JDOMNodePointer,391,0.058
org.apache.commons.jxpath.ri.parser.XPathParserTokenManager,554,0.058
org.apache.commons.jxpath.ri.compiler.LocationPath,74,0.058
org.apache.commons.jxpath.ri.axes.SimplePathInterpreter,167,0.058
org.apache.commons.jxpath.ri.axes.SimplePathInterpreter,263,0.058
org.apache.commons.jxpath.ri.axes.SimplePathInterpreter,265,0.058
org.apache.commons.jxpath.ri.axes.SimplePathInterpreter,269,0.058
org.apache.commons.jxpath.ri.axes.SimplePathInterpreter,270,0.058
org.apache.commons.jxpath.ri.axes.SimplePathInterpreter,271,0.058
org.apache.commons.jxpath.ri.axes.SimplePathInterpreter,272,0.058
org.apache.commons.jxpath.ri.axes.SimplePathInterpreter,273,0.058
org.apache.commons.jxpath.ri.axes.SimplePathInterpreter,745,0.058
org.apache.commons.jxpath.ri.axes.SimplePathInterpreter,746,0.058
org.apache.commons.jxpath.ri.axes.SimplePathInterpreter,750,0.058
org.apache.commons.jxpath.ri.axes.SimplePathInterpreter,886,0.058
org.apache.commons.jxpath.ri.axes.SimplePathInterpreter,887,0.058
org.apache.commons.jxpath.ri.axes.SimplePathInterpreter,888,0.058
org.apache.commons.jxpath.ri.axes.SimplePathInterpreter,889,0.058
org.apache.commons.jxpath.ri.axes.SimplePathInterpreter,890,0.058
org.apache.commons.jxpath.ri.axes.SimplePathInterpreter,895,0.058
org.apache.commons.jxpath.ri.model.dom.DOMNodeIterator,61,0.057
org.apache.commons.jxpath.ri.model.container.ContainerPointer,209,0.057
org.apache.commons.jxpath.ri.model.NodePointer,753,0.057
org.apache.commons.jxpath.ri.model.NodePointer,758,0.057
org.apache.commons.jxpath.ri.model.NodePointer,759,0.057
org.apache.commons.jxpath.ri.parser.XPathParser,2748,0.057
org.apache.commons.jxpath.ri.parser.XPathParser,2749,0.057
org.apache.commons.jxpath.ri.parser.XPathParser,3152,0.057
org.apache.commons.jxpath.ri.model.container.ContainerPointer,46,0.057
org.apache.commons.jxpath.ri.model.container.ContainerPointer,47,0.057
org.apache.commons.jxpath.ri.model.container.ContainerPointer,48,0.057
org.apache.commons.jxpath.ri.model.container.ContainerPointer,72,0.056
org.apache.commons.jxpath.ri.model.container.ContainerPointer,79,0.056
org.apache.commons.jxpath.ri.model.container.ContainerPointer,109,0.056
org.apache.commons.jxpath.ri.model.container.ContainerPointer,110,0.056
org.apache.commons.jxpath.ri.model.container.ContainerPointer,128,0.056
org.apache.commons.jxpath.ri.model.container.ContainerPointer,129,0.056
org.apache.commons.jxpath.ri.model.container.ContainerPointer,130,0.056
org.apache.commons.jxpath.ri.model.container.ContainerPointer,132,0.056
org.apache.commons.jxpath.ri.axes.SimplePathInterpreter,166,0.056
org.apache.commons.jxpath.util.BasicTypeConverter,52,0.056
org.apache.commons.jxpath.ri.model.dom.DOMNodeIterator,55,0.056
org.apache.commons.jxpath.util.BasicTypeConverter,55,0.056
org.apache.commons.jxpath.util.BasicTypeConverter,56,0.056
org.apache.commons.jxpath.util.BasicTypeConverter,58,0.056
org.apache.commons.jxpath.util.TypeUtils,66,0.056
org.apache.commons.jxpath.ri.compiler.Expression,97,0.056
org.apache.commons.jxpath.ri.EvalContext,118,0.056
org.apache.commons.jxpath.ri.model.dom.DOMNodePointer,143,0.056
org.apache.commons.jxpath.ri.model.dom.DOMNodePointer,144,0.056
org.apache.commons.jxpath.ri.model.dom.DOMNodePointer,145,0.056
org.apache.commons.jxpath.ri.model.dom.DOMNodePointer,147,0.056
org.apache.commons.jxpath.ri.compiler.Expression,183,0.056
org.apache.commons.jxpath.ri.compiler.Expression,184,0.056
org.apache.commons.jxpath.ri.compiler.Expression,185,0.056
org.apache.commons.jxpath.ri.compiler.Expression,191,0.056
org.apache.commons.jxpath.ri.model.jdom.JDOMNodePointer,355,0.056
org.apache.commons.jxpath.ri.model.dom.DOMNodePointer,371,0.056
org.apache.commons.jxpath.ri.model.NodePointer,703,0.056
org.apache.commons.jxpath.ri.model.NodePointer,704,0.056
org.apache.commons.jxpath.ri.model.NodePointer,705,0.056
org.apache.commons.jxpath.ri.model.NodePointer,706,0.056
org.apache.commons.jxpath.ri.model.NodePointer,707,0.056
org.apache.commons.jxpath.ri.model.NodePointer,708,0.056
org.apache.commons.jxpath.ri.model.NodePointer,709,0.056
org.apache.commons.jxpath.ri.model.NodePointer,710,0.056
org.apache.commons.jxpath.ri.model.NodePointer,713,0.056
org.apache.commons.jxpath.ri.model.NodePointer,714,0.056
org.apache.commons.jxpath.ri.model.NodePointer,715,0.056
org.apache.commons.jxpath.ri.model.NodePointer,716,0.056
org.apache.commons.jxpath.ri.model.NodePointer,717,0.056
org.apache.commons.jxpath.ri.model.NodePointer,718,0.056
org.apache.commons.jxpath.ri.model.NodePointer,719,0.056
org.apache.commons.jxpath.ri.model.NodePointer,720,0.056
org.apache.commons.jxpath.ri.model.NodePointer,724,0.056
org.apache.commons.jxpath.ri.model.NodePointer,741,0.056
org.apache.commons.jxpath.ri.model.NodePointer,745,0.056
org.apache.commons.jxpath.ri.model.NodePointer,750,0.056
org.apache.commons.jxpath.ri.model.NodePointer,751,0.056
org.apache.commons.jxpath.ri.model.NodePointer,686,0.055
org.apache.commons.jxpath.ri.InfoSetUtil,48,0.055
org.apache.commons.jxpath.ri.InfoSetUtil,51,0.055
org.apache.commons.jxpath.ri.InfoSetUtil,54,0.055
org.apache.commons.jxpath.util.BasicTypeConverter,79,0.055
org.apache.commons.jxpath.ri.compiler.Expression,95,0.055
org.apache.commons.jxpath.ri.compiler.Expression,96,0.055
org.apache.commons.jxpath.util.BasicTypeConverter,161,0.055
org.apache.commons.jxpath.util.BasicTypeConverter,164,0.055
org.apache.commons.jxpath.util.BasicTypeConverter,167,0.055
org.apache.commons.jxpath.ri.parser.XPathParser,335,0.055
org.apache.commons.jxpath.ri.model.dom.DOMNodePointer,336,0.055
org.apache.commons.jxpath.ri.parser.XPathParser,341,0.055
org.apache.commons.jxpath.ri.parser.XPathParser,342,0.055
org.apache.commons.jxpath.ri.parser.XPathParser,350,0.055
org.apache.commons.jxpath.ri.JXPathContextReferenceImpl,396,0.055
org.apache.commons.jxpath.ri.JXPathContextReferenceImpl,400,0.055
org.apache.commons.jxpath.ri.parser.XPathParserTokenManager,560,0.055
org.apache.commons.jxpath.ri.parser.XPathParserTokenManager,804,0.055
org.apache.commons.jxpath.ri.model.dom.DOMNodePointer,879,0.055
org.apache.commons.jxpath.ri.model.dom.DOMNodePointer,880,0.055
org.apache.commons.jxpath.ri.model.dom.DOMNodePointer,881,0.055
org.apache.commons.jxpath.ri.model.dom.DOMNodePointer,885,0.055
org.apache.commons.jxpath.ri.model.dom.DOMNodePointer,886,0.055
org.apache.commons.jxpath.ri.model.dom.DOMNodePointer,887,0.055
org.apache.commons.jxpath.ri.model.dom.DOMNodePointer,890,0.055
org.apache.commons.jxpath.ri.model.dom.DOMNodePointer,893,0.055
org.apache.commons.jxpath.ri.model.dom.DOMNodePointer,908,0.055
org.apache.commons.jxpath.ri.model.dom.DOMNodePointer,909,0.055
org.apache.commons.jxpath.ri.model.dom.DOMNodePointer,910,0.055
org.apache.commons.jxpath.ri.model.dom.DOMNodePointer,913,0.055
org.apache.commons.jxpath.ri.model.dom.DOMNodePointer,916,0.055
org.apache.commons.jxpath.ri.parser.XPathParser,1981,0.055
org.apache.commons.jxpath.ri.parser.XPathParser,3486,0.055
org.apache.commons.jxpath.ri.parser.XPathParser,3487,0.055
org.apache.commons.jxpath.util.ValueUtils,487,0.054
org.apache.commons.jxpath.BasicVariables,27,0.053
org.apache.commons.jxpath.BasicVariables,32,0.053
org.apache.commons.jxpath.BasicVariables,73,0.053
org.apache.commons.jxpath.BasicVariables,74,0.053
org.apache.commons.jxpath.JXPathContext,480,0.053
org.apache.commons.jxpath.JXPathContext,481,0.053
org.apache.commons.jxpath.JXPathContext,483,0.053
org.apache.commons.jxpath.ri.model.dom.DOMNodePointer,108,0.053
org.apache.commons.jxpath.ri.compiler.Path,296,0.053
org.apache.commons.jxpath.ri.compiler.Path,298,0.053
org.apache.commons.jxpath.ri.parser.XPathParser,2871,0.053
org.apache.commons.jxpath.ri.parser.XPathParser,2872,0.053
org.apache.commons.jxpath.ri.parser.XPathParser,2895,0.053
org.apache.commons.jxpath.JXPathContext,592,0.053
org.apache.commons.jxpath.JXPathContext,593,0.053
org.apache.commons.jxpath.JXPathContext,594,0.053
org.apache.commons.jxpath.ri.EvalContext,215,0.052
org.apache.commons.jxpath.ri.EvalContext,216,0.052
org.apache.commons.jxpath.ri.model.NodePointer,693,0.052
org.apache.commons.jxpath.ri.model.NodePointer,697,0.052
org.apache.commons.jxpath.ri.model.NodePointer,698,0.052
org.apache.commons.jxpath.ri.parser.XPathParserTokenManager,927,0.052
org.apache.commons.jxpath.ri.parser.XPathParserTokenManager,929,0.052
org.apache.commons.jxpath.ri.parser.XPathParserTokenManager,933,0.052
org.apache.commons.jxpath.ri.parser.XPathParserTokenManager,934,0.052
org.apache.commons.jxpath.util.ValueUtils,144,0.052
org.apache.commons.jxpath.ri.parser.XPathParserTokenManager,764,0.052
org.apache.commons.jxpath.ri.parser.XPathParserTokenManager,768,0.052
org.apache.commons.jxpath.ri.parser.XPathParserTokenManager,769,0.052
org.apache.commons.jxpath.ri.compiler.NodeNameTest,60,0.051
org.apache.commons.jxpath.ri.axes.ChildContext,89,0.051
org.apache.commons.jxpath.ri.EvalContext,135,0.051
org.apache.commons.jxpath.ri.EvalContext,191,0.051
org.apache.commons.jxpath.ri.EvalContext,192,0.051
org.apache.commons.jxpath.ri.EvalContext,193,0.051
org.apache.commons.jxpath.ri.EvalContext,194,0.051
org.apache.commons.jxpath.ri.EvalContext,196,0.051
org.apache.commons.jxpath.ri.EvalContext,202,0.051
org.apache.commons.jxpath.ri.EvalContext,204,0.051
org.apache.commons.jxpath.ri.EvalContext,205,0.051
org.apache.commons.jxpath.ri.InfoSetUtil,98,0.051
org.apache.commons.jxpath.ri.InfoSetUtil,99,0.051
org.apache.commons.jxpath.ri.axes.RootContext,58,0.051
org.apache.commons.jxpath.ri.EvalContext,295,0.051
org.apache.commons.jxpath.ri.EvalContext,296,0.051
org.apache.commons.jxpath.ri.EvalContext,298,0.051
org.apache.commons.jxpath.ri.axes.DescendantContext,132,0.051
org.apache.commons.jxpath.util.MethodLookupUtils,188,0.051
org.apache.commons.jxpath.util.MethodLookupUtils,194,0.051
org.apache.commons.jxpath.util.MethodLookupUtils,198,0.051
org.apache.commons.jxpath.util.MethodLookupUtils,200,0.051
org.apache.commons.jxpath.util.MethodLookupUtils,201,0.051
org.apache.commons.jxpath.util.MethodLookupUtils,202,0.051
org.apache.commons.jxpath.util.MethodLookupUtils,203,0.051
org.apache.commons.jxpath.util.MethodLookupUtils,204,0.051
org.apache.commons.jxpath.util.MethodLookupUtils,216,0.051
org.apache.commons.jxpath.util.MethodLookupUtils,218,0.051
org.apache.commons.jxpath.util.MethodLookupUtils,287,0.051
org.apache.commons.jxpath.ri.model.jdom.JDOMNodePointer,746,0.051
org.apache.commons.jxpath.ri.parser.XPathParser,779,0.051
org.apache.commons.jxpath.ri.parser.XPathParser,780,0.051
org.apache.commons.jxpath.ri.parser.XPathParser,798,0.051
org.apache.commons.jxpath.ri.parser.XPathParser,799,0.051
org.apache.commons.jxpath.ri.parser.XPathParserTokenManager,852,0.051
org.apache.commons.jxpath.ri.parser.XPathParserTokenManager,854,0.051
org.apache.commons.jxpath.ri.parser.XPathParser,857,0.051
org.apache.commons.jxpath.ri.parser.XPathParserTokenManager,858,0.051
org.apache.commons.jxpath.ri.parser.XPathParserTokenManager,859,0.051
org.apache.commons.jxpath.ri.parser.XPathParserTokenManager,891,0.051
org.apache.commons.jxpath.ri.parser.XPathParserTokenManager,893,0.051
org.apache.commons.jxpath.ri.parser.XPathParserTokenManager,897,0.051
org.apache.commons.jxpath.ri.parser.XPathParserTokenManager,898,0.051
org.apache.commons.jxpath.ri.parser.XPathParserTokenManager,945,0.051
org.apache.commons.jxpath.ri.parser.XPathParserTokenManager,398,0.05
org.apache.commons.jxpath.ri.parser.XPathParserTokenManager,400,0.05
org.apache.commons.jxpath.ri.parser.XPathParserTokenManager,411,0.05
org.apache.commons.jxpath.ri.parser.XPathParserTokenManager,413,0.05
org.apache.commons.jxpath.ri.axes.RootContext,62,0.05
org.apache.commons.jxpath.ri.compiler.Path,128,0.05
org.apache.commons.jxpath.ri.model.NodePointer,183,0.05
org.apache.commons.jxpath.ri.JXPathContextReferenceImpl,607,0.05
org.apache.commons.jxpath.ri.JXPathContextReferenceImpl,616,0.05
org.apache.commons.jxpath.ri.axes.ChildContext,61,0.049
org.apache.commons.jxpath.ri.axes.ChildContext,66,0.049
org.apache.commons.jxpath.ri.EvalContext,361,0.049
org.apache.commons.jxpath.ri.parser.XPathParserTokenManager,762,0.049
org.apache.commons.jxpath.ri.compiler.NodeNameTest,42,0.049
org.apache.commons.jxpath.ri.compiler.NodeNameTest,43,0.049
org.apache.commons.jxpath.ri.compiler.NodeNameTest,44,0.049
org.apache.commons.jxpath.ri.compiler.NodeNameTest,45,0.049
org.apache.commons.jxpath.ri.JXPathContextReferenceImpl,653,0.049
org.apache.commons.jxpath.ri.parser.XPathParserTokenManager,396,0.049
org.apache.commons.jxpath.ri.parser.XPathParserTokenManager,397,0.049
org.apache.commons.jxpath.ri.parser.XPathParserTokenManager,399,0.049
org.apache.commons.jxpath.ri.parser.XPathParser,2939,0.049
org.apache.commons.jxpath.ri.parser.XPathParser,2963,0.049
org.apache.commons.jxpath.ri.parser.XPathParser,2981,0.049
org.apache.commons.jxpath.ri.parser.XPathParser,2984,0.049
org.apache.commons.jxpath.ri.parser.XPathParser,2985,0.049
org.apache.commons.jxpath.ri.parser.XPathParser,2989,0.049
org.apache.commons.jxpath.ri.parser.XPathParser,2990,0.049
org.apache.commons.jxpath.ri.parser.XPathParser,2993,0.049
org.apache.commons.jxpath.ri.parser.XPathParser,3033,0.049
org.apache.commons.jxpath.ri.parser.XPathParser,3034,0.049
org.apache.commons.jxpath.ri.parser.XPathParser,3044,0.049
org.apache.commons.jxpath.ri.compiler.Constant,48,0.049
org.apache.commons.jxpath.ri.EvalContext,213,0.048
org.apache.commons.jxpath.ri.EvalContext,222,0.048
org.apache.commons.jxpath.ri.model.jdom.JDOMNodePointer,364,0.048
org.apache.commons.jxpath.ri.model.dom.DOMNodePointer,664,0.048
org.apache.commons.jxpath.ri.model.dom.DOMNodePointer,665,0.048
org.apache.commons.jxpath.ri.parser.XPathParserTokenManager,708,0.048
org.apache.commons.jxpath.ri.axes.ChildContext,99,0.048
org.apache.commons.jxpath.ri.axes.ChildContext,114,0.048
org.apache.commons.jxpath.ri.axes.ChildContext,115,0.048
org.apache.commons.jxpath.ri.axes.ChildContext,116,0.048
org.apache.commons.jxpath.ri.axes.ChildContext,117,0.048
org.apache.commons.jxpath.ri.axes.ChildContext,119,0.048
org.apache.commons.jxpath.ri.parser.XPathParserTokenManager,46,0.047
org.apache.commons.jxpath.ri.parser.XPathParserTokenManager,48,0.047
org.apache.commons.jxpath.ri.parser.XPathParserTokenManager,50,0.047
org.apache.commons.jxpath.ri.parser.XPathParserTokenManager,51,0.047
org.apache.commons.jxpath.ri.parser.XPathParserTokenManager,53,0.047
org.apache.commons.jxpath.functions.MethodFunction,71,0.047
org.apache.commons.jxpath.FunctionLibrary,84,0.047
org.apache.commons.jxpath.FunctionLibrary,85,0.047
org.apache.commons.jxpath.FunctionLibrary,86,0.047
org.apache.commons.jxpath.FunctionLibrary,87,0.047
org.apache.commons.jxpath.FunctionLibrary,88,0.047
org.apache.commons.jxpath.FunctionLibrary,93,0.047
org.apache.commons.jxpath.FunctionLibrary,94,0.047
org.apache.commons.jxpath.ri.EvalContext,121,0.047
org.apache.commons.jxpath.ri.NamespaceResolver,126,0.047
org.apache.commons.jxpath.ri.axes.ChildContext,126,0.047
org.apache.commons.jxpath.ri.NamespaceResolver,127,0.047
org.apache.commons.jxpath.ri.axes.ChildContext,127,0.047
org.apache.commons.jxpath.ri.axes.ChildContext,130,0.047
org.apache.commons.jxpath.ri.axes.ChildContext,131,0.047
org.apache.commons.jxpath.ri.axes.ChildContext,133,0.047
org.apache.commons.jxpath.ri.NamespaceResolver,140,0.047
org.apache.commons.jxpath.ri.NamespaceResolver,141,0.047
org.apache.commons.jxpath.ri.EvalContext,187,0.047
org.apache.commons.jxpath.ri.EvalContext,188,0.047
org.apache.commons.jxpath.ri.EvalContext,189,0.047
org.apache.commons.jxpath.ri.EvalContext,190,0.047
org.apache.commons.jxpath.ri.EvalContext,198,0.047
org.apache.commons.jxpath.ri.model.dom.DOMNodePointer,244,0.047
org.apache.commons.jxpath.ri.model.dom.DOMNodePointer,245,0.047
org.apache.commons.jxpath.ri.model.dom.DOMNodePointer,246,0.047
org.apache.commons.jxpath.ri.model.dom.DOMNodePointer,248,0.047
org.apache.commons.jxpath.util.ValueUtils,282,0.047
org.apache.commons.jxpath.ri.EvalContext,313,0.047
org.apache.commons.jxpath.ri.EvalContext,391,0.047
org.apache.commons.jxpath.ri.EvalContext,392,0.047
org.apache.commons.jxpath.ri.parser.XPathParserTokenManager,465,0.047
org.apache.commons.jxpath.ri.model.dom.DOMNodePointer,729,0.047
org.apache.commons.jxpath.ri.EvalContext,353,0.047
org.apache.commons.jxpath.ri.axes.ChildContext,51,0.047
org.apache.commons.jxpath.ri.axes.ChildContext,52,0.047
org.apache.commons.jxpath.ri.axes.ChildContext,53,0.047
org.apache.commons.jxpath.ri.axes.ChildContext,54,0.047
org.apache.commons.jxpath.ri.axes.ChildContext,55,0.047
org.apache.commons.jxpath.ri.axes.ChildContext,106,0.047
org.apache.commons.jxpath.ri.axes.ChildContext,107,0.047
org.apache.commons.jxpath.ri.axes.ChildContext,108,0.047
org.apache.commons.jxpath.util.ValueUtils,141,0.047
org.apache.commons.jxpath.ri.compiler.Path,310,0.047
org.apache.commons.jxpath.ri.model.jdom.JDOMNodePointer,386,0.047
org.apache.commons.jxpath.ri.JXPathContextReferenceImpl,404,0.047
org.apache.commons.jxpath.ri.model.dom.DOMNodePointer,575,0.047
org.apache.commons.jxpath.ri.parser.XPathParserTokenManager,610,0.047
org.apache.commons.jxpath.ri.QName,50,0.046
org.apache.commons.jxpath.ri.EvalContext,344,0.046
org.apache.commons.jxpath.ri.EvalContext,349,0.046
org.apache.commons.jxpath.ri.EvalContext,350,0.046
org.apache.commons.jxpath.ri.EvalContext,351,0.046
org.apache.commons.jxpath.ri.EvalContext,352,0.046
org.apache.commons.jxpath.ri.axes.InitialContext,66,0.046
org.apache.commons.jxpath.ri.axes.InitialContext,67,0.046
org.apache.commons.jxpath.ri.compiler.Path,255,0.046
org.apache.commons.jxpath.ri.compiler.Path,258,0.046
org.apache.commons.jxpath.ri.compiler.Path,261,0.046
org.apache.commons.jxpath.ri.compiler.Path,262,0.046
org.apache.commons.jxpath.ri.compiler.Path,267,0.046
org.apache.commons.jxpath.ri.compiler.Path,268,0.046
org.apache.commons.jxpath.ri.compiler.Path,269,0.046
org.apache.commons.jxpath.ri.compiler.Path,277,0.046
org.apache.commons.jxpath.ri.compiler.Path,292,0.046
org.apache.commons.jxpath.ri.compiler.Path,293,0.046
org.apache.commons.jxpath.ri.compiler.Path,294,0.046
org.apache.commons.jxpath.ri.compiler.Path,295,0.046
org.apache.commons.jxpath.ri.compiler.Path,302,0.046
org.apache.commons.jxpath.ri.parser.XPathParserTokenManager,495,0.046
org.apache.commons.jxpath.ri.parser.XPathParserTokenManager,526,0.046
org.apache.commons.jxpath.ri.model.dom.DOMNodePointer,573,0.046
org.apache.commons.jxpath.ri.model.dom.DOMNodePointer,577,0.046
org.apache.commons.jxpath.ri.model.dom.DOMNodePointer,578,0.046
org.apache.commons.jxpath.ri.model.dom.DOMNodePointer,579,0.046
org.apache.commons.jxpath.ri.model.dom.DOMNodePointer,580,0.046
org.apache.commons.jxpath.ri.model.dom.DOMNodePointer,581,0.046
org.apache.commons.jxpath.ri.model.dom.DOMNodePointer,582,0.046
org.apache.commons.jxpath.ri.parser.XPathParser,583,0.046
org.apache.commons.jxpath.ri.parser.XPathParser,585,0.046
org.apache.commons.jxpath.ri.parser.XPathParser,586,0.046
org.apache.commons.jxpath.ri.parser.XPathParser,587,0.046
org.apache.commons.jxpath.ri.model.dom.DOMNodePointer,601,0.046
org.apache.commons.jxpath.ri.model.dom.DOMNodePointer,660,0.046
org.apache.commons.jxpath.ri.model.dom.DOMNodePointer,661,0.046
org.apache.commons.jxpath.ri.model.dom.DOMNodePointer,662,0.046
org.apache.commons.jxpath.ri.model.dom.DOMNodePointer,663,0.046
org.apache.commons.jxpath.ri.model.dom.DOMNodePointer,669,0.046
org.apache.commons.jxpath.ri.model.dom.DOMNodePointer,671,0.046
org.apache.commons.jxpath.ri.parser.XPathParserTokenManager,709,0.046
org.apache.commons.jxpath.ri.parser.XPathParserTokenManager,713,0.046
org.apache.commons.jxpath.ri.parser.XPathParserTokenManager,714,0.046
org.apache.commons.jxpath.ri.axes.InitialContext,59,0.045
org.apache.commons.jxpath.ri.axes.InitialContext,63,0.045
org.apache.commons.jxpath.ri.axes.InitialContext,64,0.045
org.apache.commons.jxpath.ri.axes.InitialContext,65,0.045
org.apache.commons.jxpath.ri.axes.InitialContext,75,0.045
org.apache.commons.jxpath.ri.axes.InitialContext,78,0.045
org.apache.commons.jxpath.ri.axes.InitialContext,79,0.045
org.apache.commons.jxpath.ri.model.dom.DOMNodePointer,205,0.045
org.apache.commons.jxpath.ri.parser.XPathParserTokenManager,494,0.045
org.apache.commons.jxpath.ri.model.dom.DOMNodePointer,559,0.045
org.apache.commons.jxpath.ri.model.dom.DOMNodePointer,563,0.045
org.apache.commons.jxpath.ri.model.dom.DOMNodePointer,564,0.045
org.apache.commons.jxpath.ri.model.dom.DOMNodePointer,565,0.045
org.apache.commons.jxpath.ri.model.dom.DOMNodePointer,567,0.045
org.apache.commons.jxpath.ri.model.dom.DOMNodePointer,572,0.045
org.apache.commons.jxpath.ri.model.dom.DOMNodePointer,618,0.045
org.apache.commons.jxpath.ri.EvalContext,305,0.045
org.apache.commons.jxpath.ri.EvalContext,306,0.045
org.apache.commons.jxpath.ri.JXPathContextReferenceImpl,413,0.045
org.apache.commons.jxpath.ri.JXPathContextReferenceImpl,417,0.045
org.apache.commons.jxpath.ri.JXPathContextReferenceImpl,408,0.045
org.apache.commons.jxpath.ri.JXPathContextReferenceImpl,409,0.045
org.apache.commons.jxpath.ri.JXPathContextReferenceImpl,412,0.045
org.apache.commons.jxpath.ri.axes.RootContext,54,0.045
org.apache.commons.jxpath.ri.parser.XPathParserTokenManager,57,0.045
org.apache.commons.jxpath.ri.parser.XPathParserTokenManager,59,0.045
org.apache.commons.jxpath.ri.parser.XPathParserTokenManager,60,0.045
org.apache.commons.jxpath.ri.parser.XPathParserTokenManager,61,0.045
org.apache.commons.jxpath.FunctionLibrary,74,0.045
org.apache.commons.jxpath.FunctionLibrary,75,0.045
org.apache.commons.jxpath.ClassFunctions,76,0.045
org.apache.commons.jxpath.FunctionLibrary,77,0.045
org.apache.commons.jxpath.FunctionLibrary,78,0.045
org.apache.commons.jxpath.ri.EvalContext,80,0.045
org.apache.commons.jxpath.PackageFunctions,90,0.045
org.apache.commons.jxpath.FunctionLibrary,102,0.045
org.apache.commons.jxpath.FunctionLibrary,103,0.045
org.apache.commons.jxpath.FunctionLibrary,104,0.045
org.apache.commons.jxpath.FunctionLibrary,105,0.045
org.apache.commons.jxpath.FunctionLibrary,106,0.045
org.apache.commons.jxpath.FunctionLibrary,107,0.045
org.apache.commons.jxpath.FunctionLibrary,108,0.045
org.apache.commons.jxpath.FunctionLibrary,109,0.045
org.apache.commons.jxpath.FunctionLibrary,110,0.045
org.apache.commons.jxpath.FunctionLibrary,111,0.045
org.apache.commons.jxpath.FunctionLibrary,113,0.045
org.apache.commons.jxpath.FunctionLibrary,114,0.045
org.apache.commons.jxpath.FunctionLibrary,115,0.045
org.apache.commons.jxpath.FunctionLibrary,116,0.045
org.apache.commons.jxpath.FunctionLibrary,117,0.045
org.apache.commons.jxpath.FunctionLibrary,118,0.045
org.apache.commons.jxpath.FunctionLibrary,122,0.045
org.apache.commons.jxpath.FunctionLibrary,124,0.045
org.apache.commons.jxpath.util.MethodLookupUtils,313,0.045
org.apache.commons.jxpath.util.MethodLookupUtils,314,0.045
org.apache.commons.jxpath.ri.parser.XPathParserTokenManager,467,0.045
org.apache.commons.jxpath.ri.parser.XPathParserTokenManager,758,0.045
org.apache.commons.jxpath.util.ValueUtils,276,0.044
org.apache.commons.jxpath.ri.parser.XPathParser,1875,0.044
org.apache.commons.jxpath.ri.parser.XPathParser,1876,0.044
org.apache.commons.jxpath.ri.parser.XPathParser,2052,0.044
org.apache.commons.jxpath.ri.parser.XPathParser,2053,0.044
org.apache.commons.jxpath.ri.parser.XPathParser,2054,0.044
org.apache.commons.jxpath.ri.parser.XPathParser,2055,0.044
org.apache.commons.jxpath.ri.parser.XPathParser,2056,0.044
org.apache.commons.jxpath.ri.parser.XPathParser,2057,0.044
org.apache.commons.jxpath.ri.parser.XPathParser,2066,0.044
org.apache.commons.jxpath.ri.parser.XPathParser,2067,0.044
org.apache.commons.jxpath.ri.parser.XPathParser,2097,0.044
org.apache.commons.jxpath.ri.parser.XPathParser,2098,0.044
org.apache.commons.jxpath.ri.parser.XPathParser,2138,0.044
org.apache.commons.jxpath.ri.parser.XPathParser,2152,0.044
org.apache.commons.jxpath.ri.parser.XPathParser,2166,0.044
org.apache.commons.jxpath.ri.parser.XPathParser,2245,0.044
org.apache.commons.jxpath.ri.parser.XPathParser,2248,0.044
org.apache.commons.jxpath.ri.parser.XPathParser,2249,0.044
org.apache.commons.jxpath.ri.parser.XPathParser,2252,0.044
org.apache.commons.jxpath.ri.parser.XPathParser,2298,0.044
org.apache.commons.jxpath.ri.parser.XPathParser,2366,0.044
org.apache.commons.jxpath.ri.parser.XPathParser,2417,0.044
org.apache.commons.jxpath.ri.parser.XPathParser,2420,0.044
org.apache.commons.jxpath.ri.parser.XPathParser,2421,0.044
org.apache.commons.jxpath.ri.parser.XPathParser,2424,0.044
org.apache.commons.jxpath.ri.parser.XPathParser,2613,0.044
org.apache.commons.jxpath.ri.parser.XPathParser,2614,0.044
org.apache.commons.jxpath.ri.parser.XPathParser,2615,0.044
org.apache.commons.jxpath.ri.parser.XPathParser,2616,0.044
org.apache.commons.jxpath.ri.parser.XPathParser,2617,0.044
org.apache.commons.jxpath.ri.parser.XPathParser,2618,0.044
org.apache.commons.jxpath.ri.parser.XPathParser,2619,0.044
org.apache.commons.jxpath.ri.parser.XPathParser,2620,0.044
org.apache.commons.jxpath.ri.parser.XPathParser,2630,0.044
org.apache.commons.jxpath.ri.parser.XPathParser,2633,0.044
org.apache.commons.jxpath.ri.parser.XPathParser,2634,0.044
org.apache.commons.jxpath.ri.parser.XPathParser,2637,0.044
org.apache.commons.jxpath.ri.parser.XPathParser,2653,0.044
org.apache.commons.jxpath.ri.parser.XPathParser,2672,0.044
org.apache.commons.jxpath.ri.parser.XPathParser,2680,0.044
org.apache.commons.jxpath.ri.parser.XPathParser,2689,0.044
org.apache.commons.jxpath.ri.parser.XPathParser,2690,0.044
org.apache.commons.jxpath.ri.parser.XPathParser,2691,0.044
org.apache.commons.jxpath.ri.parser.XPathParser,2692,0.044
org.apache.commons.jxpath.ri.parser.XPathParser,2699,0.044
org.apache.commons.jxpath.ri.parser.XPathParser,2708,0.044
org.apache.commons.jxpath.ri.parser.XPathParser,2711,0.044
org.apache.commons.jxpath.ri.parser.XPathParser,2712,0.044
org.apache.commons.jxpath.ri.parser.XPathParser,2715,0.044
org.apache.commons.jxpath.ri.parser.XPathParser,2719,0.044
org.apache.commons.jxpath.ri.parser.XPathParser,2727,0.044
org.apache.commons.jxpath.ri.parser.XPathParser,2776,0.044
org.apache.commons.jxpath.ri.parser.XPathParser,2779,0.044
org.apache.commons.jxpath.ri.parser.XPathParser,2780,0.044
org.apache.commons.jxpath.ri.parser.XPathParser,2783,0.044
org.apache.commons.jxpath.ri.parser.XPathParser,2825,0.044
org.apache.commons.jxpath.ri.parser.XPathParser,2853,0.044
org.apache.commons.jxpath.ri.parser.XPathParser,2856,0.044
org.apache.commons.jxpath.ri.parser.XPathParser,2857,0.044
org.apache.commons.jxpath.ri.parser.XPathParser,2860,0.044
org.apache.commons.jxpath.ri.parser.XPathParser,2882,0.044
org.apache.commons.jxpath.ri.parser.XPathParser,2910,0.044
org.apache.commons.jxpath.ri.parser.XPathParser,2913,0.044
org.apache.commons.jxpath.ri.parser.XPathParser,2914,0.044
org.apache.commons.jxpath.ri.parser.XPathParser,2917,0.044
org.apache.commons.jxpath.ri.parser.XPathParser,3045,0.044
org.apache.commons.jxpath.ri.parser.XPathParser,3049,0.044
org.apache.commons.jxpath.ri.parser.XPathParser,3058,0.044
org.apache.commons.jxpath.ri.parser.XPathParser,3061,0.044
org.apache.commons.jxpath.ri.parser.XPathParser,3062,0.044
org.apache.commons.jxpath.ri.parser.XPathParser,3065,0.044
org.apache.commons.jxpath.ri.axes.DescendantContext,129,0.044
org.apache.commons.jxpath.ri.axes.DescendantContext,142,0.044
org.apache.commons.jxpath.ri.axes.DescendantContext,143,0.044
org.apache.commons.jxpath.ri.axes.DescendantContext,144,0.044
org.apache.commons.jxpath.ri.axes.DescendantContext,147,0.044
org.apache.commons.jxpath.ri.parser.XPathParserTokenManager,552,0.044
org.apache.commons.jxpath.ri.QName,46,0.044
org.apache.commons.jxpath.ri.axes.DescendantContext,131,0.043
org.apache.commons.jxpath.ri.parser.XPathParserTokenManager,429,0.043
org.apache.commons.jxpath.ri.compiler.LocationPath,77,0.043
org.apache.commons.jxpath.ri.parser.XPathParserTokenManager,699,0.043
org.apache.commons.jxpath.ri.parser.XPathParser,1874,0.042
org.apache.commons.jxpath.ri.parser.XPathParser,2065,0.042
org.apache.commons.jxpath.ri.parser.XPathParser,2092,0.042
org.apache.commons.jxpath.ri.parser.XPathParser,2093,0.042
org.apache.commons.jxpath.ri.parser.XPathParser,2244,0.042
org.apache.commons.jxpath.ri.parser.XPathParser,2416,0.042
org.apache.commons.jxpath.ri.parser.XPathParser,2629,0.042
org.apache.commons.jxpath.ri.parser.XPathParser,2707,0.042
org.apache.commons.jxpath.ri.parser.XPathParser,2775,0.042
org.apache.commons.jxpath.ri.parser.XPathParser,2852,0.042
org.apache.commons.jxpath.ri.parser.XPathParser,2909,0.042
org.apache.commons.jxpath.ri.parser.XPathParser,2980,0.042
org.apache.commons.jxpath.ri.parser.XPathParser,3032,0.042
org.apache.commons.jxpath.ri.parser.XPathParser,3039,0.042
org.apache.commons.jxpath.ri.parser.XPathParser,3040,0.042
org.apache.commons.jxpath.ri.parser.XPathParser,3057,0.042
org.apache.commons.jxpath.functions.MethodFunction,56,0.042
org.apache.commons.jxpath.functions.MethodFunction,57,0.042
org.apache.commons.jxpath.functions.MethodFunction,60,0.042
org.apache.commons.jxpath.functions.MethodFunction,61,0.042
org.apache.commons.jxpath.functions.MethodFunction,62,0.042
org.apache.commons.jxpath.functions.MethodFunction,66,0.042
org.apache.commons.jxpath.functions.MethodFunction,67,0.042
org.apache.commons.jxpath.functions.MethodFunction,70,0.042
org.apache.commons.jxpath.functions.MethodFunction,74,0.042
org.apache.commons.jxpath.ri.model.jdom.JDOMNodeIterator,79,0.042
org.apache.commons.jxpath.ri.compiler.ExtensionFunction,99,0.042
org.apache.commons.jxpath.ri.compiler.ExtensionFunction,100,0.042
org.apache.commons.jxpath.ri.compiler.ExtensionFunction,101,0.042
org.apache.commons.jxpath.ClassFunctions,119,0.042
org.apache.commons.jxpath.ri.compiler.ExtensionFunction,122,0.042
org.apache.commons.jxpath.ri.model.jdom.JDOMNodeIterator,133,0.042
org.apache.commons.jxpath.util.MethodLookupUtils,155,0.042
org.apache.commons.jxpath.util.MethodLookupUtils,159,0.042
org.apache.commons.jxpath.util.MethodLookupUtils,160,0.042
org.apache.commons.jxpath.util.MethodLookupUtils,161,0.042
org.apache.commons.jxpath.util.MethodLookupUtils,162,0.042
org.apache.commons.jxpath.util.MethodLookupUtils,163,0.042
org.apache.commons.jxpath.util.BasicTypeConverter,240,0.042
org.apache.commons.jxpath.util.BasicTypeConverter,253,0.042
org.apache.commons.jxpath.ri.parser.XPathParser,331,0.042
org.apache.commons.jxpath.ri.parser.XPathParser,332,0.042
org.apache.commons.jxpath.ri.parser.XPathParser,333,0.042
org.apache.commons.jxpath.ri.parser.XPathParser,353,0.042
org.apache.commons.jxpath.JXPathContext,500,0.042
org.apache.commons.jxpath.ri.parser.XPathParserTokenManager,530,0.042
org.apache.commons.jxpath.ri.parser.XPathParser,3134,0.042
org.apache.commons.jxpath.ri.parser.XPathParser,3135,0.042
org.apache.commons.jxpath.ri.axes.SimplePathInterpreter,81,0.042
org.apache.commons.jxpath.ri.axes.SimplePathInterpreter,83,0.042
org.apache.commons.jxpath.ri.compiler.Path,173,0.042
org.apache.commons.jxpath.ri.compiler.Path,174,0.042
org.apache.commons.jxpath.xml.XMLParser2,28,0.042
org.apache.commons.jxpath.xml.XMLParser2,30,0.042
org.apache.commons.jxpath.xml.XMLParser2,31,0.042
org.apache.commons.jxpath.xml.XMLParser2,32,0.042
org.apache.commons.jxpath.xml.XMLParser2,33,0.042
org.apache.commons.jxpath.xml.XMLParser2,34,0.042
org.apache.commons.jxpath.xml.XMLParser2,35,0.042
org.apache.commons.jxpath.xml.XMLParser2,41,0.042
org.apache.commons.jxpath.xml.XMLParser2,42,0.042
org.apache.commons.jxpath.xml.XMLParser2,48,0.042
org.apache.commons.jxpath.xml.XMLParser2,55,0.042
org.apache.commons.jxpath.xml.XMLParser2,62,0.042
org.apache.commons.jxpath.xml.XMLParser2,63,0.042
org.apache.commons.jxpath.xml.XMLParser2,69,0.042
org.apache.commons.jxpath.xml.XMLParser2,70,0.042
org.apache.commons.jxpath.xml.XMLParser2,76,0.042
org.apache.commons.jxpath.xml.XMLParser2,83,0.042
org.apache.commons.jxpath.xml.XMLParser2,90,0.042
org.apache.commons.jxpath.xml.XMLParser2,91,0.042
org.apache.commons.jxpath.xml.XMLParser2,97,0.042
org.apache.commons.jxpath.xml.DocumentContainer,100,0.042
org.apache.commons.jxpath.xml.DocumentContainer,101,0.042
org.apache.commons.jxpath.xml.DocumentContainer,102,0.042
org.apache.commons.jxpath.xml.XMLParser2,104,0.042
org.apache.commons.jxpath.xml.DocumentContainer,105,0.042
org.apache.commons.jxpath.xml.XMLParser2,105,0.042
org.apache.commons.jxpath.xml.DocumentContainer,106,0.042
org.apache.commons.jxpath.xml.XMLParser2,111,0.042
org.apache.commons.jxpath.xml.DocumentContainer,113,0.042
org.apache.commons.jxpath.xml.DocumentContainer,115,0.042
org.apache.commons.jxpath.xml.DocumentContainer,117,0.042
org.apache.commons.jxpath.xml.DocumentContainer,118,0.042
org.apache.commons.jxpath.xml.XMLParser2,118,0.042
org.apache.commons.jxpath.xml.XMLParser2,119,0.042
org.apache.commons.jxpath.xml.DocumentContainer,120,0.042
org.apache.commons.jxpath.xml.DocumentContainer,123,0.042
org.apache.commons.jxpath.xml.DocumentContainer,124,0.042
org.apache.commons.jxpath.xml.DocumentContainer,132,0.042
org.apache.commons.jxpath.xml.DocumentContainer,134,0.042
org.apache.commons.jxpath.xml.DocumentContainer,143,0.042
org.apache.commons.jxpath.xml.DocumentContainer,144,0.042
org.apache.commons.jxpath.xml.DocumentContainer,145,0.042
org.apache.commons.jxpath.xml.DocumentContainer,146,0.042
org.apache.commons.jxpath.xml.DocumentContainer,147,0.042
org.apache.commons.jxpath.xml.DocumentContainer,148,0.042
org.apache.commons.jxpath.xml.DocumentContainer,150,0.042
org.apache.commons.jxpath.xml.DocumentContainer,151,0.042
org.apache.commons.jxpath.xml.DocumentContainer,152,0.042
org.apache.commons.jxpath.xml.DocumentContainer,154,0.042
org.apache.commons.jxpath.xml.DocumentContainer,171,0.042
org.apache.commons.jxpath.xml.DocumentContainer,172,0.042
org.apache.commons.jxpath.xml.DocumentContainer,187,0.042
org.apache.commons.jxpath.ri.axes.InitialContext,32,0.041
org.apache.commons.jxpath.ri.axes.InitialContext,37,0.041
org.apache.commons.jxpath.ri.axes.RootContext,37,0.041
org.apache.commons.jxpath.ri.axes.InitialContext,38,0.041
org.apache.commons.jxpath.ri.axes.InitialContext,40,0.041
org.apache.commons.jxpath.ri.axes.InitialContext,41,0.041
org.apache.commons.jxpath.ri.axes.InitialContext,44,0.041
org.apache.commons.jxpath.ri.axes.RootContext,45,0.041
org.apache.commons.jxpath.ri.axes.RootContext,46,0.041
org.apache.commons.jxpath.ri.axes.RootContext,47,0.041
org.apache.commons.jxpath.ri.axes.RootContext,48,0.041
org.apache.commons.jxpath.ri.axes.RootContext,49,0.041
org.apache.commons.jxpath.ri.axes.RootContext,51,0.041
org.apache.commons.jxpath.ri.EvalContext,54,0.041
org.apache.commons.jxpath.ri.EvalContext,56,0.041
org.apache.commons.jxpath.ri.EvalContext,57,0.041
