org.apache.commons.cli.OptionBuilder,173,0.589
org.apache.commons.cli.OptionBuilder,175,0.589
org.apache.commons.cli.OptionBuilder,235,0.589
org.apache.commons.cli.OptionBuilder,237,0.589
org.apache.commons.cli.PosixParser,280,0.527
org.apache.commons.cli.PosixParser,282,0.527
org.apache.commons.cli.OptionBuilder,196,0.495
org.apache.commons.cli.OptionBuilder,198,0.495
org.apache.commons.cli.Option,436,0.481
org.apache.commons.cli.Option,442,0.481
org.apache.commons.cli.Option,445,0.481
org.apache.commons.cli.Option,448,0.481
org.apache.commons.cli.Option,469,0.481
org.apache.commons.cli.Parser,354,0.481
org.apache.commons.cli.Parser,356,0.481
org.apache.commons.cli.Parser,357,0.481
org.apache.commons.cli.OptionBuilder,222,0.456
org.apache.commons.cli.OptionBuilder,224,0.456
org.apache.commons.cli.Option,369,0.445
org.apache.commons.cli.Option,427,0.445
org.apache.commons.cli.Option,430,0.445
org.apache.commons.cli.Option,433,0.445
org.apache.commons.cli.PosixParser,275,0.445
org.apache.commons.cli.PosixParser,276,0.445
org.apache.commons.cli.PosixParser,278,0.445
org.apache.commons.cli.PosixParser,166,0.435
org.apache.commons.cli.PosixParser,269,0.435
org.apache.commons.cli.PosixParser,271,0.435
org.apache.commons.cli.PosixParser,273,0.435
org.apache.commons.cli.PosixParser,296,0.435
org.apache.commons.cli.PosixParser,150,0.408
org.apache.commons.cli.OptionBuilder,303,0.4
org.apache.commons.cli.OptionBuilder,305,0.4
org.apache.commons.cli.Parser,217,0.379
org.apache.commons.cli.Parser,219,0.379
org.apache.commons.cli.PosixParser,134,0.355
org.apache.commons.cli.PosixParser,136,0.355
org.apache.commons.cli.PosixParser,137,0.355
org.apache.commons.cli.PosixParser,128,0.345
org.apache.commons.cli.PosixParser,142,0.345
org.apache.commons.cli.Options,115,0.336
org.apache.commons.cli.Options,117,0.336
org.apache.commons.cli.PosixParser,119,0.336
org.apache.commons.cli.PosixParser,120,0.336
org.apache.commons.cli.PosixParser,122,0.336
org.apache.commons.cli.PosixParser,124,0.336
org.apache.commons.cli.Parser,345,0.298
org.apache.commons.cli.Parser,346,0.298
org.apache.commons.cli.Options,236,0.273
org.apache.commons.cli.OptionBuilder,109,0.27
org.apache.commons.cli.OptionBuilder,111,0.27
org.apache.commons.cli.PosixParser,171,0.27
org.apache.commons.cli.PosixParser,205,0.264
org.apache.commons.cli.PosixParser,211,0.264
org.apache.commons.cli.PosixParser,212,0.264
org.apache.commons.cli.CommandLine,349,0.259
org.apache.commons.cli.CommandLine,350,0.259
org.apache.commons.cli.Util,44,0.248
org.apache.commons.cli.PosixParser,148,0.241
org.apache.commons.cli.PosixParser,235,0.239
org.apache.commons.cli.PosixParser,228,0.237
org.apache.commons.cli.PosixParser,233,0.237
org.apache.commons.cli.PosixParser,238,0.237
org.apache.commons.cli.PosixParser,239,0.237
org.apache.commons.cli.Options,233,0.227
org.apache.commons.cli.Options,234,0.227
org.apache.commons.cli.Options,238,0.227
org.apache.commons.cli.Option,608,0.226
org.apache.commons.cli.Option,598,0.224
org.apache.commons.cli.Option,603,0.224
org.apache.commons.cli.Option,606,0.224
org.apache.commons.cli.PosixParser,146,0.221
org.apache.commons.cli.PosixParser,144,0.216
org.apache.commons.cli.Options,226,0.215
org.apache.commons.cli.Options,228,0.215
org.apache.commons.cli.Options,230,0.215
org.apache.commons.cli.Options,231,0.215
org.apache.commons.cli.Options,240,0.215
org.apache.commons.cli.Parser,352,0.213
org.apache.commons.cli.Parser,358,0.213
org.apache.commons.cli.Parser,359,0.213
org.apache.commons.cli.Parser,365,0.213
org.apache.commons.cli.Parser,340,0.211
org.apache.commons.cli.Parser,343,0.211
org.apache.commons.cli.OptionBuilder,97,0.207
org.apache.commons.cli.OptionBuilder,99,0.207
org.apache.commons.cli.Parser,338,0.206
org.apache.commons.cli.Parser,361,0.206
org.apache.commons.cli.Parser,395,0.206
org.apache.commons.cli.PosixParser,174,0.204
org.apache.commons.cli.PosixParser,175,0.204
org.apache.commons.cli.PosixParser,187,0.204
org.apache.commons.cli.PosixParser,194,0.204
org.apache.commons.cli.PosixParser,108,0.201
org.apache.commons.cli.PosixParser,111,0.201
org.apache.commons.cli.PosixParser,117,0.201
org.apache.commons.cli.Util,65,0.197
org.apache.commons.cli.Util,66,0.197
org.apache.commons.cli.Util,71,0.197
org.apache.commons.cli.PosixParser,177,0.196
org.apache.commons.cli.Option,531,0.193
org.apache.commons.cli.PosixParser,54,0.193
org.apache.commons.cli.PosixParser,55,0.193
org.apache.commons.cli.PosixParser,56,0.193
org.apache.commons.cli.PosixParser,98,0.193
org.apache.commons.cli.PosixParser,99,0.193
org.apache.commons.cli.PosixParser,102,0.193
org.apache.commons.cli.PosixParser,105,0.193
org.apache.commons.cli.OptionBuilder,319,0.192
org.apache.commons.cli.Option,589,0.191
org.apache.commons.cli.PosixParser,33,0.184
org.apache.commons.cli.PosixParser,36,0.184
org.apache.commons.cli.HelpFormatter,513,0.183
org.apache.commons.cli.Option,380,0.177
org.apache.commons.cli.Option,400,0.177
org.apache.commons.cli.Option,406,0.177
org.apache.commons.cli.Option,408,0.177
org.apache.commons.cli.Option,424,0.177
org.apache.commons.cli.Option,453,0.177
org.apache.commons.cli.Option,454,0.177
org.apache.commons.cli.Option,467,0.177
org.apache.commons.cli.Option,473,0.177
org.apache.commons.cli.Option,474,0.177
org.apache.commons.cli.Option,681,0.173
org.apache.commons.cli.CommandLine,210,0.173
org.apache.commons.cli.Parser,256,0.17
org.apache.commons.cli.Parser,86,0.169
org.apache.commons.cli.Parser,399,0.169
org.apache.commons.cli.Parser,400,0.169
org.apache.commons.cli.Options,185,0.169
org.apache.commons.cli.HelpFormatter,925,0.167
org.apache.commons.cli.Parser,387,0.166
org.apache.commons.cli.Parser,390,0.166
org.apache.commons.cli.Parser,393,0.166
org.apache.commons.cli.Parser,244,0.166
org.apache.commons.cli.Parser,321,0.166
org.apache.commons.cli.Parser,210,0.164
org.apache.commons.cli.Parser,378,0.164
org.apache.commons.cli.Parser,381,0.164
org.apache.commons.cli.Parser,226,0.163
org.apache.commons.cli.Parser,239,0.163
org.apache.commons.cli.Parser,203,0.161
org.apache.commons.cli.Parser,188,0.16
org.apache.commons.cli.Parser,201,0.16
org.apache.commons.cli.Parser,59,0.159
org.apache.commons.cli.Parser,242,0.159
org.apache.commons.cli.Parser,317,0.159
org.apache.commons.cli.Parser,411,0.159
org.apache.commons.cli.Parser,418,0.159
org.apache.commons.cli.Parser,429,0.159
org.apache.commons.cli.Parser,179,0.159
org.apache.commons.cli.Parser,182,0.159
org.apache.commons.cli.Option,198,0.158
org.apache.commons.cli.Option,199,0.158
org.apache.commons.cli.Option,218,0.158
org.apache.commons.cli.Option,219,0.158
org.apache.commons.cli.Option,359,0.158
org.apache.commons.cli.Option,360,0.158
org.apache.commons.cli.OptionBuilder,70,0.158
org.apache.commons.cli.OptionBuilder,72,0.158
org.apache.commons.cli.OptionBuilder,46,0.158
org.apache.commons.cli.OptionBuilder,58,0.158
org.apache.commons.cli.OptionBuilder,63,0.158
org.apache.commons.cli.OptionBuilder,64,0.158
org.apache.commons.cli.OptionBuilder,79,0.158
org.apache.commons.cli.OptionBuilder,80,0.158
org.apache.commons.cli.OptionBuilder,81,0.158
org.apache.commons.cli.OptionBuilder,82,0.158
org.apache.commons.cli.OptionBuilder,83,0.158
org.apache.commons.cli.OptionBuilder,84,0.158
org.apache.commons.cli.OptionBuilder,85,0.158
org.apache.commons.cli.OptionBuilder,86,0.158
org.apache.commons.cli.OptionBuilder,87,0.158
org.apache.commons.cli.OptionBuilder,351,0.158
org.apache.commons.cli.OptionBuilder,355,0.158
org.apache.commons.cli.OptionBuilder,358,0.158
org.apache.commons.cli.OptionBuilder,359,0.158
org.apache.commons.cli.OptionBuilder,360,0.158
org.apache.commons.cli.OptionBuilder,361,0.158
org.apache.commons.cli.OptionBuilder,362,0.158
org.apache.commons.cli.OptionBuilder,363,0.158
org.apache.commons.cli.OptionBuilder,364,0.158
org.apache.commons.cli.OptionBuilder,369,0.158
org.apache.commons.cli.OptionBuilder,370,0.158
org.apache.commons.cli.OptionBuilder,373,0.158
org.apache.commons.cli.Parser,241,0.158
org.apache.commons.cli.Parser,254,0.158
org.apache.commons.cli.Option,229,0.157
org.apache.commons.cli.Option,230,0.157
org.apache.commons.cli.CommandLine,205,0.157
org.apache.commons.cli.CommandLine,202,0.156
org.apache.commons.cli.Options,251,0.156
org.apache.commons.cli.Options,253,0.156
org.apache.commons.cli.Option,348,0.156
org.apache.commons.cli.Option,349,0.156
org.apache.commons.cli.Option,308,0.156
org.apache.commons.cli.Option,309,0.156
org.apache.commons.cli.HelpFormatter,522,0.154
org.apache.commons.cli.HelpFormatter,529,0.154
org.apache.commons.cli.HelpFormatter,715,0.154
org.apache.commons.cli.HelpFormatter,716,0.154
org.apache.commons.cli.Util,48,0.153
org.apache.commons.cli.Option,91,0.153
org.apache.commons.cli.Option,92,0.153
org.apache.commons.cli.Parser,149,0.15
org.apache.commons.cli.Parser,150,0.15
org.apache.commons.cli.Parser,151,0.15
org.apache.commons.cli.Parser,174,0.15
org.apache.commons.cli.Parser,177,0.15
org.apache.commons.cli.Option,658,0.15
org.apache.commons.cli.Option,659,0.15
org.apache.commons.cli.Option,298,0.15
org.apache.commons.cli.Option,299,0.15
org.apache.commons.cli.Parser,48,0.149
org.apache.commons.cli.Parser,49,0.149
org.apache.commons.cli.Parser,50,0.149
org.apache.commons.cli.Parser,54,0.149
org.apache.commons.cli.Parser,147,0.149
org.apache.commons.cli.Parser,154,0.149
org.apache.commons.cli.Parser,161,0.149
org.apache.commons.cli.Parser,163,0.149
org.apache.commons.cli.Parser,165,0.149
org.apache.commons.cli.Parser,167,0.149
org.apache.commons.cli.Parser,172,0.149
org.apache.commons.cli.CommandLine,174,0.148
org.apache.commons.cli.CommandLine,176,0.148
org.apache.commons.cli.CommandLine,178,0.148
org.apache.commons.cli.CommandLine,179,0.148
org.apache.commons.cli.CommandLine,181,0.148
org.apache.commons.cli.CommandLine,183,0.148
org.apache.commons.cli.CommandLine,185,0.148
org.apache.commons.cli.Options,211,0.146
org.apache.commons.cli.Option,540,0.144
org.apache.commons.cli.Option,640,0.144
org.apache.commons.cli.Option,641,0.144
org.apache.commons.cli.Option,642,0.144
org.apache.commons.cli.Option,596,0.144
org.apache.commons.cli.Option,594,0.143
org.apache.commons.cli.CommandLine,359,0.142
org.apache.commons.cli.CommandLine,360,0.142
org.apache.commons.cli.CommandLine,199,0.141
org.apache.commons.cli.CommandLine,200,0.141
org.apache.commons.cli.Util,51,0.139
org.apache.commons.cli.Options,207,0.137
org.apache.commons.cli.Options,209,0.137
org.apache.commons.cli.CommandLine,70,0.137
org.apache.commons.cli.Options,293,0.136
org.apache.commons.cli.Options,46,0.134
org.apache.commons.cli.Options,52,0.134
org.apache.commons.cli.Options,55,0.134
org.apache.commons.cli.Options,58,0.134
org.apache.commons.cli.Options,61,0.134
org.apache.commons.cli.CommandLine,196,0.134
org.apache.commons.cli.CommandLine,197,0.134
org.apache.commons.cli.Option,257,0.131
org.apache.commons.cli.Util,46,0.131
org.apache.commons.cli.Parser,35,0.131
org.apache.commons.cli.Options,195,0.13
org.apache.commons.cli.Options,101,0.13
org.apache.commons.cli.CommandLine,58,0.13
org.apache.commons.cli.CommandLine,49,0.13
org.apache.commons.cli.CommandLine,52,0.13
org.apache.commons.cli.CommandLine,60,0.13
org.apache.commons.cli.Util,42,0.13
org.apache.commons.cli.Util,38,0.13
org.apache.commons.cli.CommandLine,81,0.129
org.apache.commons.cli.HelpFormatter,989,0.129
org.apache.commons.cli.Option,132,0.124
org.apache.commons.cli.Options,132,0.121
org.apache.commons.cli.Options,134,0.121
org.apache.commons.cli.Options,150,0.119
org.apache.commons.cli.HelpFormatter,511,0.118
org.apache.commons.cli.HelpFormatter,520,0.118
org.apache.commons.cli.HelpFormatter,525,0.118
org.apache.commons.cli.HelpFormatter,527,0.118
org.apache.commons.cli.HelpFormatter,531,0.118
org.apache.commons.cli.HelpFormatter,700,0.118
org.apache.commons.cli.HelpFormatter,702,0.118
org.apache.commons.cli.HelpFormatter,703,0.118
org.apache.commons.cli.HelpFormatter,704,0.118
org.apache.commons.cli.Option,208,0.116
org.apache.commons.cli.HelpFormatter,506,0.113
org.apache.commons.cli.HelpFormatter,752,0.113
org.apache.commons.cli.HelpFormatter,753,0.113
org.apache.commons.cli.HelpFormatter,759,0.113
org.apache.commons.cli.HelpFormatter,761,0.113
org.apache.commons.cli.HelpFormatter,763,0.113
org.apache.commons.cli.HelpFormatter,765,0.113
org.apache.commons.cli.HelpFormatter,767,0.113
org.apache.commons.cli.HelpFormatter,805,0.113
org.apache.commons.cli.HelpFormatter,807,0.113
org.apache.commons.cli.HelpFormatter,834,0.113
org.apache.commons.cli.Option,163,0.113
org.apache.commons.cli.Options,145,0.113
org.apache.commons.cli.Options,148,0.113
org.apache.commons.cli.Options,154,0.113
org.apache.commons.cli.Options,163,0.113
org.apache.commons.cli.Options,165,0.113
org.apache.commons.cli.Option,158,0.113
org.apache.commons.cli.Option,247,0.113
org.apache.commons.cli.Option,178,0.112
org.apache.commons.cli.Option,288,0.112
org.apache.commons.cli.OptionValidator,62,0.111
org.apache.commons.cli.OptionValidator,56,0.111
org.apache.commons.cli.OptionValidator,58,0.111
org.apache.commons.cli.OptionValidator,87,0.111
org.apache.commons.cli.OptionValidator,54,0.11
org.apache.commons.cli.OptionValidator,77,0.11
org.apache.commons.cli.OptionValidator,98,0.11
org.apache.commons.cli.Option,122,0.11
org.apache.commons.cli.Option,69,0.11
org.apache.commons.cli.Option,75,0.11
org.apache.commons.cli.Option,124,0.11
org.apache.commons.cli.Option,126,0.11
org.apache.commons.cli.Option,127,0.11
org.apache.commons.cli.Option,130,0.11
org.apache.commons.cli.Option,135,0.11
org.apache.commons.cli.Option,136,0.11
org.apache.commons.cli.OptionValidator,48,0.11
org.apache.commons.cli.HelpFormatter,544,0.109
org.apache.commons.cli.HelpFormatter,547,0.109
org.apache.commons.cli.HelpFormatter,552,0.109
org.apache.commons.cli.HelpFormatter,553,0.109
org.apache.commons.cli.HelpFormatter,555,0.109
org.apache.commons.cli.HelpFormatter,595,0.109
org.apache.commons.cli.HelpFormatter,596,0.109
org.apache.commons.cli.Options,175,0.105
org.apache.commons.cli.HelpFormatter,859,0.102
org.apache.commons.cli.HelpFormatter,861,0.102
org.apache.commons.cli.HelpFormatter,868,0.102
org.apache.commons.cli.HelpFormatter,872,0.102
org.apache.commons.cli.HelpFormatter,873,0.102
org.apache.commons.cli.HelpFormatter,875,0.102
org.apache.commons.cli.HelpFormatter,877,0.102
org.apache.commons.cli.HelpFormatter,879,0.102
org.apache.commons.cli.CommandLine,303,0.094
org.apache.commons.cli.CommandLine,305,0.094
org.apache.commons.cli.CommandLine,307,0.094
org.apache.commons.cli.HelpFormatter,965,0.094
org.apache.commons.cli.HelpFormatter,966,0.094
org.apache.commons.cli.HelpFormatter,968,0.094
org.apache.commons.cli.HelpFormatter,728,0.089
org.apache.commons.cli.HelpFormatter,730,0.089
org.apache.commons.cli.HelpFormatter,731,0.089
org.apache.commons.cli.HelpFormatter,732,0.089
org.apache.commons.cli.HelpFormatter,339,0.087
org.apache.commons.cli.HelpFormatter,855,0.087
org.apache.commons.cli.HelpFormatter,857,0.087
org.apache.commons.cli.HelpFormatter,851,0.077
org.apache.commons.cli.HelpFormatter,853,0.077
org.apache.commons.cli.HelpFormatter,922,0.076
org.apache.commons.cli.HelpFormatter,927,0.076
org.apache.commons.cli.HelpFormatter,929,0.076
org.apache.commons.cli.HelpFormatter,980,0.076
org.apache.commons.cli.HelpFormatter,985,0.076
org.apache.commons.cli.HelpFormatter,987,0.076
org.apache.commons.cli.HelpFormatter,992,0.076
org.apache.commons.cli.HelpFormatter,39,0.072
org.apache.commons.cli.HelpFormatter,78,0.072
org.apache.commons.cli.HelpFormatter,86,0.072
org.apache.commons.cli.HelpFormatter,95,0.072
org.apache.commons.cli.HelpFormatter,103,0.072
org.apache.commons.cli.HelpFormatter,111,0.072
org.apache.commons.cli.HelpFormatter,119,0.072
org.apache.commons.cli.HelpFormatter,127,0.072
org.apache.commons.cli.HelpFormatter,130,0.072
org.apache.commons.cli.HelpFormatter,138,0.072
org.apache.commons.cli.HelpFormatter,145,0.072
org.apache.commons.cli.HelpFormatter,1002,0.072
org.apache.commons.cli.HelpFormatter.OptionComparator,1002,0.072
