org.joda.time.DateTimeZone,215,0.792
org.joda.time.DateTimeZone,216,0.792
org.joda.time.DateTimeZone,219,0.792
org.joda.time.DateTimeZone,220,0.792
org.joda.time.DateTimeZone,604,0.766
org.joda.time.DateTimeZone,618,0.766
org.joda.time.DateTimeZone,670,0.766
org.joda.time.DateTimeZone,671,0.766
org.joda.time.DateTimeZone,675,0.766
org.joda.time.DateTimeZone.1,606,0.766
org.joda.time.DateTimeZone.1,609,0.766
org.joda.time.format.DateTimeFormatterBuilder.TimeZoneOffset,2272,0.48
org.joda.time.format.DateTimeFormatterBuilder.TimeZoneOffset,2271,0.465
org.joda.time.format.DateTimeFormatterBuilder.TimeZoneOffset,2348,0.455
org.joda.time.format.DateTimeFormatterBuilder.TimeZoneOffset,2318,0.447
org.joda.time.format.DateTimeFormatterBuilder.TimeZoneOffset,2319,0.447
org.joda.time.format.DateTimeFormatterBuilder.TimeZoneOffset,2320,0.447
org.joda.time.format.FormatUtils,352,0.445
org.joda.time.format.FormatUtils,353,0.445
org.joda.time.format.DateTimeFormatterBuilder.TimeZoneOffset,2277,0.445
org.joda.time.format.DateTimeFormatterBuilder.TimeZoneOffset,2278,0.445
org.joda.time.format.DateTimeFormatterBuilder.TimeZoneOffset,2292,0.445
org.joda.time.format.DateTimeFormatterBuilder.TimeZoneOffset,2299,0.445
org.joda.time.format.DateTimeFormatterBuilder.TimeZoneOffset,2300,0.445
org.joda.time.format.DateTimeFormatterBuilder.TimeZoneOffset,2303,0.445
org.joda.time.format.DateTimeFormatterBuilder.TimeZoneOffset,2304,0.445
org.joda.time.format.DateTimeFormatterBuilder.TimeZoneOffset,2305,0.445
org.joda.time.format.DateTimeFormatterBuilder.TimeZoneOffset,2311,0.445
org.joda.time.format.DateTimeFormatterBuilder.TimeZoneOffset,2316,0.445
org.joda.time.format.DateTimeFormatterBuilder.TimeZoneOffset,2317,0.445
org.joda.time.format.DateTimeFormatterBuilder.TimeZoneOffset,2329,0.445
org.joda.time.format.DateTimeFormatterBuilder.TimeZoneOffset,2330,0.445
org.joda.time.format.DateTimeFormatterBuilder.TimeZoneOffset,2332,0.445
org.joda.time.format.DateTimeFormatterBuilder.TimeZoneOffset,2337,0.445
org.joda.time.format.DateTimeFormatterBuilder.TimeZoneOffset,2338,0.445
org.joda.time.format.DateTimeFormatterBuilder.TimeZoneOffset,2341,0.445
org.joda.time.format.DateTimeFormatterBuilder.TimeZoneOffset,2342,0.445
org.joda.time.format.DateTimeFormatterBuilder.TimeZoneOffset,2343,0.445
org.joda.time.format.DateTimeFormatterBuilder.TimeZoneOffset,2347,0.445
org.joda.time.format.DateTimeFormatterBuilder.TimeZoneOffset,2406,0.445
org.joda.time.format.DateTimeFormatterBuilder.TimeZoneOffset,2407,0.445
org.joda.time.format.DateTimeFormatterBuilder.TimeZoneOffset,2415,0.445
org.joda.time.format.DateTimeFormatterBuilder.TimeZoneOffset,2416,0.445
org.joda.time.format.DateTimeFormatterBuilder.TimeZoneOffset,2417,0.445
org.joda.time.format.DateTimeFormatterBuilder.TimeZoneOffset,2418,0.445
org.joda.time.format.DateTimeFormatterBuilder.TimeZoneOffset,2419,0.445
org.joda.time.format.DateTimeFormatterBuilder.TimeZoneOffset,2422,0.445
org.joda.time.format.DateTimeFormatterBuilder.TimeZoneOffset,2424,0.445
org.joda.time.DateTimeZone,349,0.433
org.joda.time.DateTimeZone,352,0.433
org.joda.time.DateTimeZone,353,0.433
org.joda.time.DateTimeZone,356,0.433
org.joda.time.DateTimeZone,357,0.433
org.joda.time.DateTimeZone,363,0.433
org.joda.time.DateTimeZone,364,0.433
org.joda.time.DateTimeZone,365,0.433
org.joda.time.format.DateTimeFormatterBuilder.TimeZoneOffset,2268,0.433
org.joda.time.format.DateTimeFormatterBuilder.TimeZoneOffset,2269,0.433
org.joda.time.DateTimeZone,633,0.426
org.joda.time.DateTimeZone,631,0.422
org.joda.time.DateTimeZone,632,0.422
org.joda.time.DateTimeZone,639,0.422
org.joda.time.DateTimeZone,640,0.422
org.joda.time.DateTimeZone,641,0.422
org.joda.time.DateTimeZone,643,0.422
org.joda.time.DateTimeZone,644,0.422
org.joda.time.DateTimeZone,645,0.422
org.joda.time.DateTimeZone,646,0.422
org.joda.time.DateTimeZone,647,0.422
org.joda.time.DateTimeZone,648,0.422
org.joda.time.format.DateTimeParserBucket,194,0.375
org.joda.time.format.DateTimeParserBucket,195,0.375
org.joda.time.format.DateTimeParserBucket,196,0.375
org.joda.time.format.DateTimeParserBucket,380,0.375
org.joda.time.format.DateTimeFormatterBuilder.TimeZoneOffset,2263,0.362
org.joda.time.format.DateTimeFormatter,746,0.345
org.joda.time.format.DateTimeFormatterBuilder.TimeZoneOffset,2240,0.321
org.joda.time.format.DateTimeFormatterBuilder.TimeZoneOffset,2243,0.321
org.joda.time.format.DateTimeFormatter,745,0.315
org.joda.time.format.DateTimeFormatter,941,0.3
org.joda.time.format.DateTimeFormatter,259,0.299
org.joda.time.format.DateTimeFormatter,739,0.287
org.joda.time.format.DateTimeFormatter,741,0.287
org.joda.time.format.DateTimeFormatter,742,0.287
org.joda.time.format.DateTimeFormatter,743,0.287
org.joda.time.format.DateTimeFormatter,744,0.287
org.joda.time.format.DateTimeFormatter,256,0.28
org.joda.time.format.DateTimeParserBucket,368,0.249
org.joda.time.format.DateTimeParserBucket,394,0.244
org.joda.time.format.DateTimeParserBucket,344,0.243
org.joda.time.format.DateTimeParserBucket,345,0.243
org.joda.time.format.DateTimeParserBucket,346,0.243
org.joda.time.format.DateTimeParserBucket,350,0.243
org.joda.time.format.DateTimeParserBucket,351,0.243
org.joda.time.format.DateTimeParserBucket,362,0.243
org.joda.time.format.DateTimeParserBucket,364,0.243
org.joda.time.format.DateTimeParserBucket,367,0.243
org.joda.time.format.DateTimeParserBucket,377,0.243
org.joda.time.format.DateTimeParserBucket,379,0.243
org.joda.time.format.DateTimeParserBucket,416,0.243
org.joda.time.format.DateTimeParserBucket,419,0.243
org.joda.time.format.DateTimeParserBucket,427,0.243
org.joda.time.format.DateTimeFormatter,924,0.229
org.joda.time.format.DateTimeFormatter,925,0.229
org.joda.time.format.DateTimeFormatter,928,0.229
org.joda.time.format.DateTimeParserBucket,119,0.229
org.joda.time.format.DateTimeParserBucket,72,0.229
org.joda.time.format.DateTimeParserBucket,120,0.229
org.joda.time.format.DateTimeParserBucket,121,0.229
org.joda.time.format.DateTimeParserBucket,122,0.229
org.joda.time.format.DateTimeParserBucket,123,0.229
org.joda.time.format.DateTimeParserBucket,124,0.229
org.joda.time.format.DateTimeParserBucket,125,0.229
org.joda.time.format.DateTimeParserBucket,126,0.229
org.joda.time.format.DateTimeParserBucket,127,0.229
org.joda.time.field.FieldUtils,140,0.213
org.joda.time.format.DateTimeFormatter,127,0.199
org.joda.time.format.DateTimeFormatter,128,0.199
org.joda.time.format.DateTimeFormatter,129,0.199
org.joda.time.format.DateTimeFormatter,130,0.199
org.joda.time.format.DateTimeFormatter,131,0.199
org.joda.time.format.DateTimeFormatter,132,0.199
org.joda.time.format.DateTimeFormatter,133,0.199
org.joda.time.format.DateTimeFormatter,134,0.199
org.joda.time.format.DateTimeFormatter,135,0.199
org.joda.time.format.DateTimeFormatter,136,0.199
org.joda.time.format.FormatUtils,64,0.186
org.joda.time.format.FormatUtils,63,0.186
org.joda.time.format.FormatUtils,66,0.186
org.joda.time.format.DateTimeFormatterBuilder,1053,0.177
org.joda.time.format.DateTimeFormatterBuilder.TimeZoneOffset,2083,0.176
org.joda.time.format.DateTimeFormatterBuilder.TimeZoneOffset,2084,0.176
org.joda.time.format.DateTimeFormatterBuilder.TimeZoneOffset,2085,0.176
org.joda.time.format.DateTimeFormatterBuilder.TimeZoneOffset,2086,0.176
org.joda.time.format.DateTimeFormatterBuilder.TimeZoneOffset,2087,0.176
org.joda.time.format.DateTimeFormatterBuilder.TimeZoneOffset,2090,0.176
org.joda.time.format.DateTimeFormatterBuilder.TimeZoneOffset,2094,0.176
org.joda.time.format.DateTimeFormatterBuilder.TimeZoneOffset,2095,0.176
org.joda.time.format.DateTimeFormatterBuilder.TimeZoneOffset,2096,0.176
org.joda.time.format.FormatUtils,50,0.172
org.joda.time.format.FormatUtils,62,0.172
org.joda.time.format.FormatUtils,92,0.172
org.joda.time.format.DateTimeFormatter,939,0.16
org.joda.time.format.DateTimeFormatter,940,0.16
org.joda.time.format.DateTimeFormatter,943,0.16
org.joda.time.format.DateTimeFormatter,946,0.16
org.joda.time.format.FormatUtils,31,0.151
org.joda.time.format.DateTimeFormatterBuilder,1141,0.147
org.joda.time.format.DateTimeFormatterBuilder,1131,0.147
org.joda.time.format.DateTimeFormatterBuilder,1104,0.147
org.joda.time.format.DateTimeFormatterBuilder,1105,0.147
org.joda.time.format.DateTimeFormatterBuilder,1107,0.147
org.joda.time.format.DateTimeFormatterBuilder,1108,0.147
org.joda.time.format.DateTimeFormatterBuilder,1109,0.147
org.joda.time.format.DateTimeFormatterBuilder,104,0.137
org.joda.time.format.DateTimeFormatterBuilder,105,0.137
org.joda.time.format.DateTimeFormatterBuilder,106,0.137
org.joda.time.format.DateTimeFormatterBuilder,107,0.137
org.joda.time.format.DateTimeFormatterBuilder,109,0.137
org.joda.time.format.DateTimeFormatterBuilder,110,0.137
org.joda.time.format.DateTimeFormatterBuilder,111,0.137
org.joda.time.format.DateTimeFormatterBuilder,113,0.137
org.joda.time.format.DateTimeFormatterBuilder,114,0.137
org.joda.time.format.DateTimeFormatter,108,0.137
org.joda.time.format.DateTimeFormatter,109,0.137
org.joda.time.format.DateTimeFormatter,110,0.137
org.joda.time.format.DateTimeFormatter,111,0.137
org.joda.time.format.DateTimeFormatter,112,0.137
org.joda.time.format.DateTimeFormatter,113,0.137
org.joda.time.format.DateTimeFormatter,114,0.137
org.joda.time.format.DateTimeFormatter,115,0.137
org.joda.time.format.DateTimeFormatter,116,0.137
org.joda.time.format.DateTimeFormatter,117,0.137
org.joda.time.format.DateTimeFormatterBuilder,336,0.136
org.joda.time.format.DateTimeFormatterBuilder,338,0.136
org.joda.time.format.DateTimeFormatterBuilder,339,0.136
org.joda.time.format.DateTimeFormatterBuilder,340,0.136
org.joda.time.format.DateTimeFormatterBuilder,1127,0.136
org.joda.time.format.DateTimeFormatterBuilder,1128,0.136
org.joda.time.format.DateTimeFormatterBuilder,1137,0.136
org.joda.time.format.DateTimeFormatterBuilder,1138,0.136
org.joda.time.format.DateTimeFormatterBuilder,1100,0.136
org.joda.time.format.DateTimeFormatterBuilder,1102,0.136
org.joda.time.format.DateTimeFormatterBuilder,1103,0.136
org.joda.time.format.DateTimeFormatterBuilder,1116,0.136
org.joda.time.format.DateTimeFormatterBuilder,1120,0.136
org.joda.time.format.DateTimeFormatterBuilder,1123,0.136
org.joda.time.format.DateTimeFormatterBuilder,83,0.136
org.joda.time.format.DateTimeFormatterBuilder,84,0.136
org.joda.time.format.DateTimeFormatterBuilder,85,0.136
org.joda.time.Days,92,0.107
org.joda.time.Months,102,0.107
org.joda.time.base.BaseSingleFieldPeriod,155,0.102
org.joda.time.base.BaseSingleFieldPeriod,156,0.102
org.joda.time.base.BaseSingleFieldPeriod,157,0.102
org.joda.time.format.PeriodFormatter,187,0.102
org.joda.time.format.PeriodFormatter,190,0.102
org.joda.time.format.PeriodFormatter,105,0.101
org.joda.time.format.PeriodFormatter,106,0.101
org.joda.time.format.PeriodFormatter,107,0.101
org.joda.time.format.PeriodFormatter,108,0.101
org.joda.time.format.PeriodFormatter,109,0.101
org.joda.time.format.PeriodFormatter,110,0.101
org.joda.time.Hours,94,0.095
org.joda.time.format.ISOPeriodFormat,65,0.092
org.joda.time.format.ISOPeriodFormat,66,0.092
org.joda.time.format.ISOPeriodFormat,85,0.092
org.joda.time.format.PeriodFormatterBuilder,500,0.091
org.joda.time.format.PeriodFormatterBuilder,501,0.091
org.joda.time.format.PeriodFormatterBuilder,555,0.091
org.joda.time.format.PeriodFormatterBuilder,652,0.091
org.joda.time.format.PeriodFormatterBuilder,552,0.09
org.joda.time.format.PeriodFormatterBuilder.Separator,1602,0.09
org.joda.time.format.PeriodFormatterBuilder.SimpleAffix,859,0.09
org.joda.time.format.PeriodFormatterBuilder.SimpleAffix,860,0.09
org.joda.time.format.PeriodFormatterBuilder.SimpleAffix,861,0.09
org.joda.time.format.PeriodFormatterBuilder,228,0.089
org.joda.time.format.PeriodFormatterBuilder,231,0.089
org.joda.time.format.PeriodFormatterBuilder,232,0.089
org.joda.time.format.PeriodFormatterBuilder,233,0.089
org.joda.time.format.PeriodFormatterBuilder,234,0.089
org.joda.time.format.PeriodFormatterBuilder.Literal,1544,0.089
org.joda.time.format.PeriodFormatterBuilder.Literal,1545,0.089
org.joda.time.format.PeriodFormatterBuilder.Literal,1546,0.089
org.joda.time.format.PeriodFormatterBuilder.Literal,1541,0.089
org.joda.time.convert.ReadableDurationConverter,72,0.087
org.joda.time.convert.ReadableDurationConverter,73,0.087
org.joda.time.convert.ReadableDurationConverter,74,0.087
org.joda.time.convert.ReadableDurationConverter,75,0.087
org.joda.time.convert.ReadableDurationConverter,76,0.087
org.joda.time.convert.ReadableDurationConverter,77,0.087
org.joda.time.convert.ReadableDurationConverter,79,0.087
org.joda.time.DateTimeUtils,255,0.086
org.joda.time.format.PeriodFormatterBuilder,592,0.084
org.joda.time.format.PeriodFormatterBuilder,593,0.084
org.joda.time.format.PeriodFormatterBuilder,605,0.084
org.joda.time.format.PeriodFormatterBuilder,606,0.084
org.joda.time.format.PeriodFormatterBuilder,607,0.084
org.joda.time.format.PeriodFormatterBuilder,608,0.084
org.joda.time.format.PeriodFormatterBuilder,609,0.084
org.joda.time.format.PeriodFormatterBuilder,611,0.084
org.joda.time.format.PeriodFormatterBuilder.FieldFormatter,1064,0.084
org.joda.time.format.PeriodFormatterBuilder.FieldFormatter,1065,0.084
org.joda.time.format.PeriodFormatterBuilder.FieldFormatter,1066,0.084
org.joda.time.format.PeriodFormatterBuilder.FieldFormatter,1067,0.084
org.joda.time.format.PeriodFormatterBuilder.FieldFormatter,1068,0.084
org.joda.time.format.PeriodFormatterBuilder.FieldFormatter,1069,0.084
org.joda.time.format.PeriodFormatterBuilder.FieldFormatter,1070,0.084
org.joda.time.format.PeriodFormatterBuilder.FieldFormatter,1071,0.084
org.joda.time.format.PeriodFormatterBuilder.FieldFormatter,1072,0.084
org.joda.time.format.PeriodFormatterBuilder.FieldFormatter,1075,0.084
org.joda.time.format.PeriodFormatterBuilder.FieldFormatter,1076,0.084
org.joda.time.format.PeriodFormatterBuilder.FieldFormatter,1531,0.084
org.joda.time.format.PeriodFormatterBuilder,463,0.084
org.joda.time.format.PeriodFormatterBuilder,464,0.084
org.joda.time.format.PeriodFormatterBuilder,591,0.084
org.joda.time.format.PeriodFormatterBuilder,599,0.084
org.joda.time.format.PeriodFormatterBuilder,730,0.084
org.joda.time.format.PeriodFormatterBuilder,734,0.084
org.joda.time.format.PeriodFormatterBuilder,737,0.084
org.joda.time.format.PeriodFormatterBuilder,738,0.084
org.joda.time.format.PeriodFormatterBuilder,750,0.084
org.joda.time.format.PeriodFormatterBuilder,751,0.084
org.joda.time.format.PeriodFormatterBuilder,752,0.084
org.joda.time.format.PeriodFormatterBuilder,757,0.084
org.joda.time.format.PeriodFormatterBuilder,761,0.084
org.joda.time.format.PeriodFormatterBuilder,764,0.084
org.joda.time.format.PeriodFormatterBuilder,765,0.084
org.joda.time.format.PeriodFormatterBuilder,766,0.084
org.joda.time.format.PeriodFormatterBuilder,770,0.084
org.joda.time.format.PeriodFormatterBuilder,771,0.084
org.joda.time.format.PeriodFormatterBuilder,774,0.084
org.joda.time.format.PeriodFormatterBuilder,800,0.084
org.joda.time.format.PeriodFormatterBuilder,801,0.084
org.joda.time.format.PeriodFormatterBuilder,802,0.084
org.joda.time.format.PeriodFormatterBuilder,803,0.084
org.joda.time.format.PeriodFormatterBuilder,804,0.084
org.joda.time.format.PeriodFormatterBuilder.Separator,1595,0.084
org.joda.time.format.PeriodFormatterBuilder.Separator,1596,0.084
org.joda.time.format.PeriodFormatterBuilder.Separator,1597,0.084
org.joda.time.format.PeriodFormatterBuilder.Separator,1599,0.084
org.joda.time.format.PeriodFormatterBuilder.Separator,1618,0.084
org.joda.time.format.PeriodFormatterBuilder.Separator,1619,0.084
org.joda.time.format.PeriodFormatterBuilder.Separator,1620,0.084
org.joda.time.format.PeriodFormatterBuilder.Separator,1621,0.084
org.joda.time.format.PeriodFormatterBuilder.Separator,1622,0.084
org.joda.time.format.PeriodFormatterBuilder.Separator,1750,0.084
org.joda.time.format.PeriodFormatterBuilder.Separator,1751,0.084
org.joda.time.format.PeriodFormatterBuilder.Separator,1752,0.084
org.joda.time.format.PeriodFormatterBuilder,437,0.083
org.joda.time.format.PeriodFormatterBuilder,438,0.083
org.joda.time.format.PeriodFormatterBuilder,411,0.083
org.joda.time.format.PeriodFormatterBuilder,412,0.083
org.joda.time.format.PeriodFormatterBuilder,424,0.083
org.joda.time.format.PeriodFormatterBuilder,425,0.083
org.joda.time.format.PeriodFormatterBuilder,450,0.083
org.joda.time.format.PeriodFormatterBuilder,451,0.083
org.joda.time.format.PeriodFormatter,146,0.083
org.joda.time.format.PeriodFormatterBuilder,779,0.082
org.joda.time.format.PeriodFormatterBuilder,782,0.082
org.joda.time.format.PeriodFormatterBuilder,783,0.082
org.joda.time.format.PeriodFormatterBuilder,398,0.081
org.joda.time.format.PeriodFormatterBuilder,399,0.081
org.joda.time.DateTimeUtils,252,0.081
org.joda.time.format.PeriodFormatterBuilder,530,0.079
org.joda.time.format.PeriodFormatterBuilder,531,0.079
org.joda.time.format.PeriodFormatterBuilder,534,0.079
org.joda.time.format.PeriodFormatterBuilder,536,0.079
org.joda.time.format.PeriodFormatterBuilder,537,0.079
org.joda.time.format.PeriodFormatterBuilder,538,0.079
org.joda.time.format.PeriodFormatterBuilder,539,0.079
org.joda.time.format.PeriodFormatterBuilder.FieldFormatter,1053,0.079
org.joda.time.format.PeriodFormatterBuilder.FieldFormatter,1054,0.079
org.joda.time.format.PeriodFormatterBuilder.FieldFormatter,1055,0.079
org.joda.time.format.PeriodFormatterBuilder.FieldFormatter,1056,0.079
org.joda.time.format.PeriodFormatterBuilder.FieldFormatter,1057,0.079
org.joda.time.format.PeriodFormatterBuilder.FieldFormatter,1058,0.079
org.joda.time.format.PeriodFormatterBuilder.FieldFormatter,1059,0.079
org.joda.time.format.PeriodFormatterBuilder.FieldFormatter,1060,0.079
org.joda.time.format.PeriodFormatterBuilder.FieldFormatter,1061,0.079
org.joda.time.format.PeriodFormatterBuilder.FieldFormatter,1062,0.079
org.joda.time.format.PeriodFormatter,128,0.079
org.joda.time.format.PeriodFormatterBuilder,123,0.079
org.joda.time.format.PeriodFormatterBuilder,124,0.079
org.joda.time.format.PeriodFormatterBuilder,125,0.079
org.joda.time.format.PeriodFormatterBuilder,786,0.079
org.joda.time.format.PeriodFormatterBuilder,787,0.079
org.joda.time.format.PeriodFormatterBuilder,788,0.079
org.joda.time.format.PeriodFormatterBuilder,789,0.079
org.joda.time.format.PeriodFormatterBuilder,790,0.079
org.joda.time.format.PeriodFormatterBuilder,795,0.079
org.joda.time.format.PeriodFormatterBuilder,798,0.079
org.joda.time.format.PeriodFormatterBuilder,799,0.079
org.joda.time.format.PeriodFormatterBuilder,807,0.079
org.joda.time.format.PeriodFormatterBuilder,808,0.079
org.joda.time.format.PeriodFormatterBuilder,810,0.079
org.joda.time.format.PeriodFormatterBuilder,813,0.079
org.joda.time.format.PeriodFormatterBuilder,818,0.079
org.joda.time.format.PeriodFormatterBuilder,824,0.079
org.joda.time.format.PeriodFormatterBuilder,825,0.079
org.joda.time.format.PeriodFormatterBuilder.Composite,1766,0.079
org.joda.time.format.PeriodFormatterBuilder.Composite,1767,0.079
org.joda.time.format.PeriodFormatterBuilder.Composite,1768,0.079
org.joda.time.format.PeriodFormatterBuilder.Composite,1770,0.079
org.joda.time.format.PeriodFormatterBuilder.Composite,1772,0.079
org.joda.time.format.PeriodFormatterBuilder.Composite,1775,0.079
org.joda.time.format.PeriodFormatterBuilder.Composite,1779,0.079
org.joda.time.format.PeriodFormatterBuilder.Composite,1782,0.079
org.joda.time.format.PeriodFormatterBuilder.Composite,1785,0.079
org.joda.time.format.PeriodFormatterBuilder.Composite,1837,0.079
org.joda.time.format.PeriodFormatterBuilder.Composite,1838,0.079
org.joda.time.format.PeriodFormatterBuilder.Composite,1839,0.079
org.joda.time.format.PeriodFormatterBuilder.Composite,1840,0.079
org.joda.time.format.PeriodFormatterBuilder.Composite,1841,0.079
org.joda.time.format.PeriodFormatterBuilder.Composite,1844,0.079
org.joda.time.format.PeriodFormatterBuilder.Composite,1848,0.079
org.joda.time.format.PeriodFormatterBuilder.Composite,1849,0.079
org.joda.time.format.PeriodFormatterBuilder.Composite,1850,0.079
org.joda.time.format.PeriodFormatterBuilder.Composite,1853,0.079
org.joda.time.format.PeriodFormatterBuilder.Composite,1857,0.079
org.joda.time.format.PeriodFormatter,87,0.079
org.joda.time.format.PeriodFormatter,88,0.079
org.joda.time.format.PeriodFormatter,89,0.079
org.joda.time.format.PeriodFormatter,90,0.079
org.joda.time.format.PeriodFormatter,91,0.079
org.joda.time.format.PeriodFormatter,92,0.079
org.joda.time.Chronology,63,0.078
org.joda.time.chrono.BaseChronology,54,0.078
org.joda.time.chrono.BaseChronology,55,0.078
org.joda.time.DateTimeZone,214,0.078
org.joda.time.tz.ZoneInfoProvider,142,0.078
org.joda.time.format.PeriodFormatterBuilder,101,0.078
org.joda.time.format.PeriodFormatterBuilder,102,0.078
org.joda.time.format.PeriodFormatterBuilder,103,0.078
org.joda.time.format.PeriodFormatterBuilder,171,0.078
org.joda.time.format.PeriodFormatterBuilder,172,0.078
org.joda.time.format.PeriodFormatterBuilder,173,0.078
org.joda.time.format.PeriodFormatterBuilder,174,0.078
org.joda.time.format.PeriodFormatterBuilder,175,0.078
org.joda.time.format.PeriodFormatterBuilder,176,0.078
org.joda.time.format.PeriodFormatterBuilder,177,0.078
org.joda.time.format.PeriodFormatterBuilder,181,0.078
org.joda.time.format.PeriodFormatterBuilder,182,0.078
org.joda.time.format.PeriodFormatterBuilder,183,0.078
org.joda.time.format.PeriodFormatterBuilder,184,0.078
org.joda.time.DateTimeUtils,35,0.077
org.joda.time.DateTimeUtils,37,0.077
org.joda.time.DateTimeUtils.SystemMillisProvider,393,0.077
org.joda.time.PeriodType,595,0.077
org.joda.time.PeriodType,596,0.077
org.joda.time.PeriodType,597,0.077
org.joda.time.PeriodType,598,0.077
org.joda.time.PeriodType,599,0.077
org.joda.time.PeriodType,56,0.077
org.joda.time.PeriodType,58,0.077
org.joda.time.PeriodType,59,0.077
org.joda.time.PeriodType,60,0.077
org.joda.time.PeriodType,61,0.077
org.joda.time.PeriodType,62,0.077
org.joda.time.PeriodType,63,0.077
org.joda.time.PeriodType,64,0.077
org.joda.time.PeriodType,65,0.077
org.joda.time.MutableDateTime,380,0.075
org.joda.time.MutableDateTime,382,0.075
org.joda.time.base.BasePeriod,603,0.075
org.joda.time.base.BasePeriod,604,0.075
org.joda.time.MutablePeriod,445,0.075
org.joda.time.MutablePeriod,446,0.075
org.joda.time.DateTimeZone,204,0.075
org.joda.time.DateTimeZone,207,0.075
org.joda.time.DateTimeZone,210,0.075
org.joda.time.DateTimeZone,211,0.075
org.joda.time.DateTimeZone,689,0.074
org.joda.time.DateTimeZone,690,0.074
org.joda.time.DateTimeZone,693,0.074
org.joda.time.DateTimeZone,694,0.074
org.joda.time.DateTimeZone,95,0.074
org.joda.time.DateTimeZone,115,0.074
org.joda.time.DateTimeZone,116,0.074
org.joda.time.DateTimeZone,117,0.074
org.joda.time.DateTimeZone,415,0.074
org.joda.time.DateTimeZone,416,0.074
org.joda.time.DateTimeZone,418,0.074
org.joda.time.DateTimeZone,419,0.074
org.joda.time.DateTimeZone,423,0.074
org.joda.time.DateTimeZone,426,0.074
org.joda.time.DateTimeZone,429,0.074
org.joda.time.DateTimeZone,430,0.074
org.joda.time.DateTimeZone,431,0.074
org.joda.time.DateTimeZone,443,0.074
org.joda.time.DateTimeZone,446,0.074
org.joda.time.DateTimeZone,448,0.074
org.joda.time.DateTimeZone,458,0.074
org.joda.time.DateTimeZone,460,0.074
org.joda.time.DateTimeZone,462,0.074
org.joda.time.DateTimeZone,466,0.074
org.joda.time.DateTimeZone,469,0.074
org.joda.time.DateTimeZone,473,0.074
org.joda.time.DateTimeZone,514,0.074
org.joda.time.DateTimeZone,515,0.074
org.joda.time.DateTimeZone,517,0.074
org.joda.time.DateTimeZone,518,0.074
org.joda.time.DateTimeZone,529,0.074
org.joda.time.DateTimeZone,531,0.074
org.joda.time.DateTimeZone,532,0.074
org.joda.time.DateTimeZone,542,0.074
org.joda.time.DateTimeZone,544,0.074
org.joda.time.DateTimeZone,545,0.074
org.joda.time.DateTimeZone,548,0.074
org.joda.time.tz.FixedDateTimeZone,38,0.074
org.joda.time.tz.FixedDateTimeZone,39,0.074
org.joda.time.tz.FixedDateTimeZone,40,0.074
org.joda.time.tz.FixedDateTimeZone,41,0.074
org.joda.time.tz.FixedDateTimeZone,42,0.074
org.joda.time.tz.FixedDateTimeZone,88,0.074
org.joda.time.tz.FixedDateTimeZone,89,0.074
org.joda.time.tz.ZoneInfoProvider,82,0.074
org.joda.time.tz.ZoneInfoProvider,83,0.074
org.joda.time.tz.ZoneInfoProvider,106,0.074
org.joda.time.tz.ZoneInfoProvider,107,0.074
org.joda.time.tz.ZoneInfoProvider,110,0.074
org.joda.time.tz.ZoneInfoProvider,111,0.074
org.joda.time.tz.ZoneInfoProvider,114,0.074
org.joda.time.tz.ZoneInfoProvider,115,0.074
org.joda.time.tz.ZoneInfoProvider,117,0.074
org.joda.time.tz.ZoneInfoProvider,118,0.074
org.joda.time.tz.ZoneInfoProvider,121,0.074
org.joda.time.tz.ZoneInfoProvider,123,0.074
org.joda.time.tz.ZoneInfoProvider,124,0.074
org.joda.time.tz.ZoneInfoProvider,136,0.074
org.joda.time.tz.ZoneInfoProvider,140,0.074
org.joda.time.tz.ZoneInfoProvider,141,0.074
org.joda.time.tz.ZoneInfoProvider,145,0.074
org.joda.time.tz.ZoneInfoProvider,150,0.074
org.joda.time.tz.ZoneInfoProvider,152,0.074
org.joda.time.tz.ZoneInfoProvider,153,0.074
org.joda.time.tz.ZoneInfoProvider,154,0.074
org.joda.time.tz.ZoneInfoProvider,155,0.074
org.joda.time.tz.ZoneInfoProvider,174,0.074
org.joda.time.tz.ZoneInfoProvider,196,0.074
org.joda.time.tz.ZoneInfoProvider,199,0.074
org.joda.time.tz.ZoneInfoProvider,200,0.074
org.joda.time.tz.ZoneInfoProvider,201,0.074
org.joda.time.tz.ZoneInfoProvider,205,0.074
org.joda.time.tz.ZoneInfoProvider,214,0.074
org.joda.time.tz.ZoneInfoProvider,252,0.074
org.joda.time.tz.ZoneInfoProvider,253,0.074
org.joda.time.tz.ZoneInfoProvider,255,0.074
org.joda.time.tz.ZoneInfoProvider,258,0.074
org.joda.time.tz.ZoneInfoProvider,260,0.074
org.joda.time.tz.ZoneInfoProvider,262,0.074
org.joda.time.tz.ZoneInfoProvider,263,0.074
org.joda.time.tz.ZoneInfoProvider,274,0.074
org.joda.time.tz.ZoneInfoProvider,275,0.074
org.joda.time.tz.ZoneInfoProvider,276,0.074
org.joda.time.tz.ZoneInfoProvider,277,0.074
org.joda.time.tz.ZoneInfoProvider,281,0.074
org.joda.time.tz.ZoneInfoProvider,282,0.074
org.joda.time.tz.ZoneInfoProvider,284,0.074
org.joda.time.tz.ZoneInfoProvider,287,0.074
org.joda.time.tz.ZoneInfoProvider,289,0.074
org.joda.time.tz.DefaultNameProvider,39,0.074
org.joda.time.tz.DefaultNameProvider,37,0.074
org.joda.time.tz.DefaultNameProvider,40,0.074
org.joda.time.tz.DefaultNameProvider,99,0.074
org.joda.time.DurationFieldType,94,0.067
org.joda.time.DurationFieldType,95,0.067
org.joda.time.DurationFieldType,96,0.067
org.joda.time.DurationFieldType,60,0.067
org.joda.time.DurationFieldType,62,0.067
org.joda.time.DurationFieldType,64,0.067
org.joda.time.DurationFieldType,66,0.067
org.joda.time.DurationFieldType,68,0.067
org.joda.time.DurationFieldType,70,0.067
org.joda.time.DurationFieldType,72,0.067
org.joda.time.DurationFieldType,74,0.067
org.joda.time.DurationFieldType,76,0.067
org.joda.time.DurationFieldType,78,0.067
org.joda.time.DurationFieldType,80,0.067
org.joda.time.DurationFieldType,82,0.067
org.joda.time.DurationFieldType.StandardDurationFieldType,259,0.067
org.joda.time.DurationFieldType.StandardDurationFieldType,260,0.067
org.joda.time.DurationFieldType.StandardDurationFieldType,261,0.067
org.joda.time.MonthDay,334,0.066
org.joda.time.MonthDay,335,0.066
org.joda.time.LocalDateTime,422,0.062
org.joda.time.LocalDateTime,424,0.062
org.joda.time.chrono.BasicGJChronology,129,0.059
org.joda.time.chrono.BasicDayOfMonthDateTimeField,89,0.059
org.joda.time.field.FieldUtils,138,0.059
org.joda.time.tz.FixedDateTimeZone,57,0.053
org.joda.time.MonthDay,352,0.052
org.joda.time.MonthDay,353,0.052
org.joda.time.MonthDay,410,0.051
org.joda.time.MonthDay,412,0.051
org.joda.time.MonthDay,408,0.051
org.joda.time.DurationFieldType,178,0.047
org.joda.time.DurationFieldType,187,0.047
org.joda.time.DurationFieldType,160,0.047
org.joda.time.DurationFieldType,132,0.047
org.joda.time.DurationFieldType,151,0.047
org.joda.time.DurationFieldType,114,0.047
org.joda.time.DurationFieldType,123,0.047
org.joda.time.Months,90,0.047
org.joda.time.Years,86,0.047
org.joda.time.MutablePeriod,102,0.045
org.joda.time.MutablePeriod,103,0.045
org.joda.time.Weeks,86,0.045
org.joda.time.Months,211,0.045
org.joda.time.Months,212,0.045
org.joda.time.Months,45,0.045
org.joda.time.Months,47,0.045
org.joda.time.Months,49,0.045
org.joda.time.Months,51,0.045
org.joda.time.Months,53,0.045
org.joda.time.Months,55,0.045
org.joda.time.Months,57,0.045
org.joda.time.Months,59,0.045
org.joda.time.Months,61,0.045
org.joda.time.Months,63,0.045
org.joda.time.Months,65,0.045
org.joda.time.Months,67,0.045
org.joda.time.Months,69,0.045
org.joda.time.Months,71,0.045
org.joda.time.Months,73,0.045
org.joda.time.Months,76,0.045
org.joda.time.MonthDay,426,0.045
org.joda.time.Years,72,0.044
org.joda.time.MonthDay,395,0.044
org.joda.time.DurationFieldType,105,0.044
org.joda.time.Years,175,0.044
org.joda.time.Years,176,0.044
org.joda.time.Years,45,0.044
org.joda.time.Years,47,0.044
org.joda.time.Years,49,0.044
org.joda.time.Years,51,0.044
org.joda.time.Years,53,0.044
org.joda.time.Years,55,0.044
org.joda.time.Years,58,0.044
org.joda.time.MonthDay,79,0.043
org.joda.time.MonthDay,84,0.043
org.joda.time.DateTimeZone,706,0.042
org.joda.time.chrono.ISOChronology,122,0.042
org.joda.time.chrono.ISOChronology,123,0.042
org.joda.time.chrono.ISOChronology,63,0.042
org.joda.time.chrono.ISOChronology,65,0.042
org.joda.time.chrono.ISOChronology,66,0.042
org.joda.time.chrono.ISOChronology,67,0.042
org.joda.time.chrono.ISOChronology,68,0.042
org.joda.time.chrono.ISOChronology,169,0.042
org.joda.time.chrono.ISOChronology,171,0.042
org.joda.time.chrono.ISOChronology,173,0.042
org.joda.time.chrono.ISOChronology,175,0.042
org.joda.time.chrono.ISOChronology,178,0.042
org.joda.time.chrono.ISOChronology,180,0.042
org.joda.time.chrono.ISOYearOfEraDateTimeField,46,0.042
org.joda.time.chrono.ISOYearOfEraDateTimeField,47,0.042
org.joda.time.chrono.ISOYearOfEraDateTimeField,40,0.042
org.joda.time.chrono.ISOYearOfEraDateTimeField,87,0.042
org.joda.time.chrono.ISOYearOfEraDateTimeField,91,0.042
org.joda.time.chrono.GregorianChronology,81,0.042
org.joda.time.chrono.BasicChronology,146,0.042
org.joda.time.field.FieldUtils,142,0.042
org.joda.time.field.FieldUtils,144,0.042
org.joda.time.field.FieldUtils,145,0.042
org.joda.time.field.FieldUtils,148,0.042
org.joda.time.chrono.BasicChronology,143,0.042
org.joda.time.chrono.GregorianChronology,148,0.041
org.joda.time.chrono.GregorianChronology,149,0.041
org.joda.time.chrono.GregorianChronology,68,0.041
org.joda.time.chrono.GregorianChronology,71,0.041
org.joda.time.chrono.GregorianChronology,72,0.041
org.joda.time.chrono.GregorianChronology,100,0.041
org.joda.time.chrono.GregorianChronology,111,0.041
org.joda.time.chrono.GregorianChronology,115,0.041
org.joda.time.chrono.GregorianChronology,116,0.041
org.joda.time.chrono.GregorianChronology,117,0.041
org.joda.time.chrono.GregorianChronology,118,0.041
org.joda.time.chrono.GregorianChronology,119,0.041
org.joda.time.chrono.GregorianChronology,122,0.041
org.joda.time.chrono.GregorianChronology,126,0.041
org.joda.time.chrono.GregorianChronology,127,0.041
org.joda.time.chrono.GregorianChronology,128,0.041
org.joda.time.chrono.GregorianChronology,129,0.041
org.joda.time.chrono.GregorianChronology,135,0.041
org.joda.time.chrono.GregorianChronology,137,0.041
org.joda.time.chrono.GregorianChronology,138,0.041
org.joda.time.chrono.GregorianChronology,191,0.041
org.joda.time.chrono.GregorianChronology,192,0.041
org.joda.time.chrono.GregorianChronology,194,0.041
org.joda.time.chrono.GregorianChronology,225,0.041
org.joda.time.chrono.GregorianChronology,229,0.041
org.joda.time.chrono.GregorianChronology,237,0.041
org.joda.time.chrono.BasicChronology,691,0.041
org.joda.time.chrono.BasicGJChronology,75,0.041
org.joda.time.chrono.BasicGJChronology,76,0.041
org.joda.time.chrono.BasicGJChronology,42,0.041
org.joda.time.chrono.BasicGJChronology,45,0.041
org.joda.time.chrono.BasicGJChronology,53,0.041
org.joda.time.chrono.BasicGJChronology,54,0.041
org.joda.time.chrono.BasicGJChronology,56,0.041
org.joda.time.chrono.BasicGJChronology,57,0.041
org.joda.time.chrono.BasicGJChronology,58,0.041
org.joda.time.chrono.BasicGJChronology,59,0.041
org.joda.time.chrono.BasicGJChronology,61,0.041
org.joda.time.chrono.BasicGJChronology,62,0.041
org.joda.time.chrono.BasicGJChronology,64,0.041
org.joda.time.chrono.BasicGJChronology,66,0.041
org.joda.time.chrono.BasicGJChronology,67,0.041
org.joda.time.chrono.BasicGJChronology,69,0.041
org.joda.time.chrono.AssembledChronology,321,0.041
org.joda.time.chrono.AssembledChronology,372,0.041
org.joda.time.chrono.AssembledChronology,156,0.041
org.joda.time.chrono.AssembledChronology,160,0.041
org.joda.time.chrono.AssembledChronology,164,0.041
org.joda.time.chrono.AssembledChronology,168,0.041
org.joda.time.chrono.AssembledChronology,172,0.041
org.joda.time.chrono.AssembledChronology,176,0.041
org.joda.time.chrono.AssembledChronology,180,0.041
org.joda.time.chrono.AssembledChronology,184,0.041
org.joda.time.chrono.AssembledChronology,188,0.041
org.joda.time.chrono.AssembledChronology,192,0.041
org.joda.time.chrono.AssembledChronology,196,0.041
org.joda.time.chrono.AssembledChronology,200,0.041
org.joda.time.chrono.AssembledChronology,204,0.041
org.joda.time.chrono.AssembledChronology,208,0.041
org.joda.time.chrono.AssembledChronology,212,0.041
org.joda.time.chrono.AssembledChronology,216,0.041
org.joda.time.chrono.AssembledChronology,220,0.041
org.joda.time.chrono.AssembledChronology,224,0.041
org.joda.time.chrono.AssembledChronology,228,0.041
org.joda.time.chrono.AssembledChronology,232,0.041
org.joda.time.chrono.AssembledChronology,236,0.041
org.joda.time.chrono.AssembledChronology,240,0.041
org.joda.time.chrono.AssembledChronology,244,0.041
org.joda.time.chrono.AssembledChronology,248,0.041
org.joda.time.chrono.AssembledChronology,252,0.041
org.joda.time.chrono.AssembledChronology,256,0.041
org.joda.time.chrono.AssembledChronology,260,0.041
org.joda.time.chrono.AssembledChronology,264,0.041
org.joda.time.chrono.AssembledChronology,272,0.041
org.joda.time.chrono.AssembledChronology,276,0.041
org.joda.time.chrono.AssembledChronology,280,0.041
org.joda.time.chrono.AssembledChronology,284,0.041
org.joda.time.chrono.AssembledChronology,288,0.041
org.joda.time.chrono.AssembledChronology,292,0.041
org.joda.time.chrono.AssembledChronology.Fields,445,0.041
org.joda.time.chrono.AssembledChronology.Fields,446,0.041
org.joda.time.chrono.AssembledChronology.Fields,448,0.041
org.joda.time.chrono.AssembledChronology.Fields,449,0.041
org.joda.time.chrono.AssembledChronology.Fields,451,0.041
org.joda.time.chrono.AssembledChronology.Fields,452,0.041
org.joda.time.chrono.AssembledChronology.Fields,454,0.041
org.joda.time.chrono.AssembledChronology.Fields,455,0.041
org.joda.time.chrono.AssembledChronology.Fields,457,0.041
org.joda.time.chrono.AssembledChronology.Fields,458,0.041
org.joda.time.chrono.AssembledChronology.Fields,460,0.041
org.joda.time.chrono.AssembledChronology.Fields,461,0.041
org.joda.time.chrono.AssembledChronology.Fields,463,0.041
org.joda.time.chrono.AssembledChronology.Fields,464,0.041
org.joda.time.chrono.AssembledChronology.Fields,466,0.041
org.joda.time.chrono.AssembledChronology.Fields,467,0.041
org.joda.time.chrono.AssembledChronology.Fields,469,0.041
org.joda.time.chrono.AssembledChronology.Fields,470,0.041
org.joda.time.chrono.AssembledChronology.Fields,472,0.041
org.joda.time.chrono.AssembledChronology.Fields,473,0.041
org.joda.time.chrono.AssembledChronology.Fields,475,0.041
org.joda.time.chrono.AssembledChronology.Fields,476,0.041
org.joda.time.chrono.AssembledChronology.Fields,478,0.041
org.joda.time.chrono.AssembledChronology.Fields,485,0.041
org.joda.time.chrono.AssembledChronology.Fields,486,0.041
org.joda.time.chrono.AssembledChronology.Fields,488,0.041
org.joda.time.chrono.AssembledChronology.Fields,489,0.041
org.joda.time.chrono.AssembledChronology.Fields,491,0.041
org.joda.time.chrono.AssembledChronology.Fields,492,0.041
org.joda.time.chrono.AssembledChronology.Fields,494,0.041
org.joda.time.chrono.AssembledChronology.Fields,495,0.041
org.joda.time.chrono.AssembledChronology.Fields,497,0.041
org.joda.time.chrono.AssembledChronology.Fields,498,0.041
org.joda.time.chrono.AssembledChronology.Fields,500,0.041
org.joda.time.chrono.AssembledChronology.Fields,501,0.041
org.joda.time.chrono.AssembledChronology.Fields,503,0.041
org.joda.time.chrono.AssembledChronology.Fields,504,0.041
org.joda.time.chrono.AssembledChronology.Fields,506,0.041
org.joda.time.chrono.AssembledChronology.Fields,507,0.041
org.joda.time.chrono.AssembledChronology.Fields,509,0.041
org.joda.time.chrono.AssembledChronology.Fields,510,0.041
org.joda.time.chrono.AssembledChronology.Fields,512,0.041
org.joda.time.chrono.AssembledChronology.Fields,513,0.041
org.joda.time.chrono.AssembledChronology.Fields,515,0.041
org.joda.time.chrono.AssembledChronology.Fields,516,0.041
org.joda.time.chrono.AssembledChronology.Fields,518,0.041
org.joda.time.chrono.AssembledChronology.Fields,519,0.041
org.joda.time.chrono.AssembledChronology.Fields,521,0.041
org.joda.time.chrono.AssembledChronology.Fields,522,0.041
org.joda.time.chrono.AssembledChronology.Fields,524,0.041
org.joda.time.chrono.AssembledChronology.Fields,525,0.041
org.joda.time.chrono.AssembledChronology.Fields,527,0.041
org.joda.time.chrono.AssembledChronology.Fields,528,0.041
org.joda.time.chrono.AssembledChronology.Fields,530,0.041
org.joda.time.chrono.AssembledChronology.Fields,531,0.041
org.joda.time.chrono.AssembledChronology.Fields,533,0.041
org.joda.time.chrono.AssembledChronology.Fields,534,0.041
org.joda.time.chrono.AssembledChronology.Fields,536,0.041
org.joda.time.chrono.AssembledChronology.Fields,537,0.041
org.joda.time.chrono.AssembledChronology.Fields,539,0.041
org.joda.time.chrono.AssembledChronology.Fields,540,0.041
org.joda.time.chrono.AssembledChronology.Fields,542,0.041
org.joda.time.chrono.AssembledChronology.Fields,543,0.041
org.joda.time.chrono.AssembledChronology.Fields,545,0.041
org.joda.time.chrono.AssembledChronology.Fields,546,0.041
org.joda.time.chrono.AssembledChronology.Fields,548,0.041
org.joda.time.chrono.AssembledChronology.Fields,549,0.041
org.joda.time.chrono.AssembledChronology.Fields,551,0.041
org.joda.time.chrono.AssembledChronology.Fields,552,0.041
org.joda.time.chrono.AssembledChronology.Fields,555,0.041
org.joda.time.chrono.AssembledChronology.Fields,558,0.041
org.joda.time.chrono.AssembledChronology.Fields,562,0.041
org.joda.time.field.UnsupportedDurationField,92,0.041
org.joda.time.chrono.AssembledChronology,268,0.041
org.joda.time.field.UnsupportedDurationField,53,0.041
org.joda.time.DateTimeFieldType,164,0.041
org.joda.time.DateTimeFieldType,173,0.041
org.joda.time.DateTimeFieldType,209,0.041
org.joda.time.DateTimeFieldType,218,0.041
org.joda.time.DateTimeFieldType,236,0.041
org.joda.time.DateTimeFieldType,245,0.041
org.joda.time.DateTimeFieldType,254,0.041
org.joda.time.DateTimeFieldType,264,0.041
org.joda.time.DateTimeFieldType,282,0.041
org.joda.time.DateTimeFieldType,291,0.041
org.joda.time.DateTimeFieldType,300,0.041
org.joda.time.DateTimeFieldType,309,0.041
org.joda.time.DateTimeFieldType,318,0.041
org.joda.time.DateTimeFieldType,336,0.041
org.joda.time.DateTimeFieldType,345,0.041
org.joda.time.DateTimeFieldType,354,0.041
org.joda.time.DateTimeFieldType,363,0.041
org.joda.time.DateTimeFieldType.StandardDateTimeFieldType,452,0.041
org.joda.time.DateTimeFieldType.StandardDateTimeFieldType,457,0.041
org.joda.time.chrono.BaseChronology,660,0.041
org.joda.time.chrono.AssembledChronology,99,0.041
org.joda.time.chrono.AssembledChronology,100,0.041
org.joda.time.chrono.AssembledChronology,101,0.041
org.joda.time.chrono.AssembledChronology,102,0.041
org.joda.time.chrono.AssembledChronology,103,0.041
org.joda.time.chrono.AssembledChronology,308,0.041
org.joda.time.chrono.AssembledChronology,319,0.041
org.joda.time.chrono.AssembledChronology,320,0.041
org.joda.time.chrono.AssembledChronology,323,0.041
org.joda.time.chrono.AssembledChronology,327,0.041
org.joda.time.chrono.AssembledChronology,328,0.041
org.joda.time.chrono.AssembledChronology,329,0.041
org.joda.time.chrono.AssembledChronology,330,0.041
org.joda.time.chrono.AssembledChronology,331,0.041
org.joda.time.chrono.AssembledChronology,332,0.041
org.joda.time.chrono.AssembledChronology,333,0.041
org.joda.time.chrono.AssembledChronology,334,0.041
org.joda.time.chrono.AssembledChronology,335,0.041
org.joda.time.chrono.AssembledChronology,336,0.041
org.joda.time.chrono.AssembledChronology,337,0.041
org.joda.time.chrono.AssembledChronology,338,0.041
org.joda.time.chrono.AssembledChronology,343,0.041
org.joda.time.chrono.AssembledChronology,344,0.041
org.joda.time.chrono.AssembledChronology,345,0.041
org.joda.time.chrono.AssembledChronology,346,0.041
org.joda.time.chrono.AssembledChronology,347,0.041
org.joda.time.chrono.AssembledChronology,348,0.041
org.joda.time.chrono.AssembledChronology,349,0.041
org.joda.time.chrono.AssembledChronology,350,0.041
org.joda.time.chrono.AssembledChronology,351,0.041
org.joda.time.chrono.AssembledChronology,352,0.041
org.joda.time.chrono.AssembledChronology,353,0.041
org.joda.time.chrono.AssembledChronology,354,0.041
org.joda.time.chrono.AssembledChronology,355,0.041
org.joda.time.chrono.AssembledChronology,356,0.041
org.joda.time.chrono.AssembledChronology,357,0.041
org.joda.time.chrono.AssembledChronology,358,0.041
org.joda.time.chrono.AssembledChronology,359,0.041
org.joda.time.chrono.AssembledChronology,360,0.041
org.joda.time.chrono.AssembledChronology,361,0.041
org.joda.time.chrono.AssembledChronology,362,0.041
org.joda.time.chrono.AssembledChronology,363,0.041
org.joda.time.chrono.AssembledChronology,364,0.041
org.joda.time.chrono.AssembledChronology,365,0.041
org.joda.time.chrono.AssembledChronology,369,0.041
org.joda.time.chrono.AssembledChronology,370,0.041
org.joda.time.chrono.AssembledChronology,385,0.041
org.joda.time.chrono.AssembledChronology,386,0.041
org.joda.time.chrono.BasicChronology,131,0.041
org.joda.time.chrono.BasicChronology,126,0.041
org.joda.time.chrono.BasicChronology,133,0.041
org.joda.time.chrono.BasicChronology,138,0.041
org.joda.time.chrono.BasicChronology,139,0.041
org.joda.time.chrono.BasicChronology,76,0.041
org.joda.time.chrono.BasicChronology,77,0.041
org.joda.time.chrono.BasicChronology,79,0.041
org.joda.time.chrono.BasicChronology,81,0.041
org.joda.time.chrono.BasicChronology,83,0.041
org.joda.time.chrono.BasicChronology,85,0.041
org.joda.time.chrono.BasicChronology,87,0.041
org.joda.time.chrono.BasicChronology,90,0.041
org.joda.time.chrono.BasicChronology,93,0.041
org.joda.time.chrono.BasicChronology,96,0.041
org.joda.time.chrono.BasicChronology,99,0.041
org.joda.time.chrono.BasicChronology,102,0.041
org.joda.time.chrono.BasicChronology,105,0.041
org.joda.time.chrono.BasicChronology,108,0.041
org.joda.time.chrono.BasicChronology,111,0.041
org.joda.time.chrono.BasicChronology,114,0.041
org.joda.time.chrono.BasicChronology,117,0.041
org.joda.time.chrono.BasicChronology,120,0.041
org.joda.time.chrono.BasicChronology,121,0.041
org.joda.time.chrono.BasicChronology,241,0.041
org.joda.time.chrono.BasicChronology,242,0.041
org.joda.time.chrono.BasicChronology,243,0.041
org.joda.time.chrono.BasicChronology,244,0.041
org.joda.time.chrono.BasicChronology,245,0.041
org.joda.time.chrono.BasicChronology,246,0.041
org.joda.time.chrono.BasicChronology,247,0.041
org.joda.time.chrono.BasicChronology,249,0.041
org.joda.time.chrono.BasicChronology,250,0.041
org.joda.time.chrono.BasicChronology,251,0.041
org.joda.time.chrono.BasicChronology,252,0.041
org.joda.time.chrono.BasicChronology,253,0.041
org.joda.time.chrono.BasicChronology,254,0.041
org.joda.time.chrono.BasicChronology,255,0.041
org.joda.time.chrono.BasicChronology,256,0.041
org.joda.time.chrono.BasicChronology,257,0.041
org.joda.time.chrono.BasicChronology,258,0.041
org.joda.time.chrono.BasicChronology,259,0.041
org.joda.time.chrono.BasicChronology,264,0.041
org.joda.time.chrono.BasicChronology,265,0.041
org.joda.time.chrono.BasicChronology,268,0.041
org.joda.time.chrono.BasicChronology,270,0.041
org.joda.time.chrono.BasicChronology,273,0.041
org.joda.time.chrono.BasicChronology,275,0.041
org.joda.time.chrono.BasicChronology,278,0.041
org.joda.time.chrono.BasicChronology,279,0.041
org.joda.time.chrono.BasicChronology,280,0.041
org.joda.time.chrono.BasicChronology,281,0.041
org.joda.time.chrono.BasicChronology,282,0.041
org.joda.time.chrono.BasicChronology,283,0.041
org.joda.time.chrono.BasicChronology,284,0.041
org.joda.time.chrono.BasicChronology,286,0.041
org.joda.time.chrono.BasicChronology,288,0.041
org.joda.time.chrono.BasicChronology,294,0.041
org.joda.time.chrono.BasicChronology,295,0.041
org.joda.time.chrono.BasicChronology,296,0.041
org.joda.time.chrono.BasicChronology,297,0.041
org.joda.time.chrono.BasicChronology,298,0.041
org.joda.time.field.DecoratedDateTimeField,54,0.041
org.joda.time.field.DecoratedDateTimeField,55,0.041
org.joda.time.field.DecoratedDateTimeField,58,0.041
org.joda.time.field.DecoratedDateTimeField,61,0.041
org.joda.time.field.DecoratedDateTimeField,62,0.041
org.joda.time.field.DecoratedDateTimeField,70,0.041
org.joda.time.field.DecoratedDateTimeField,86,0.041
org.joda.time.field.ZeroIsMaxDateTimeField,45,0.041
org.joda.time.field.ZeroIsMaxDateTimeField,46,0.041
org.joda.time.field.ZeroIsMaxDateTimeField,49,0.041
org.joda.time.chrono.BasicChronology.HalfdayField,750,0.041
org.joda.time.chrono.BasicChronology.HalfdayField,751,0.041
org.joda.time.chrono.AssembledChronology.Fields,436,0.041
org.joda.time.chrono.AssembledChronology.Fields,437,0.041
org.joda.time.field.ImpreciseDateTimeField,55,0.041
org.joda.time.field.ImpreciseDateTimeField,56,0.041
org.joda.time.field.ImpreciseDateTimeField,57,0.041
org.joda.time.field.ImpreciseDateTimeField,58,0.041
org.joda.time.field.ImpreciseDateTimeField,137,0.041
org.joda.time.chrono.BasicYearDateTimeField,45,0.041
org.joda.time.chrono.BasicYearDateTimeField,46,0.041
org.joda.time.chrono.BasicYearDateTimeField,47,0.041
org.joda.time.chrono.BasicYearDateTimeField,119,0.041
org.joda.time.field.ImpreciseDateTimeField.LinkedDurationField,151,0.041
org.joda.time.field.ImpreciseDateTimeField.LinkedDurationField,152,0.041
org.joda.time.field.ImpreciseDateTimeField.LinkedDurationField,153,0.041
org.joda.time.chrono.GJYearOfEraDateTimeField,40,0.041
org.joda.time.chrono.GJYearOfEraDateTimeField,41,0.041
org.joda.time.chrono.GJYearOfEraDateTimeField,42,0.041
org.joda.time.chrono.GJYearOfEraDateTimeField,93,0.041
org.joda.time.chrono.GJYearOfEraDateTimeField,97,0.041
org.joda.time.field.OffsetDateTimeField,46,0.041
org.joda.time.field.OffsetDateTimeField,47,0.041
org.joda.time.field.OffsetDateTimeField,58,0.041
org.joda.time.field.OffsetDateTimeField,59,0.041
org.joda.time.field.OffsetDateTimeField,73,0.041
org.joda.time.field.OffsetDateTimeField,75,0.041
org.joda.time.field.OffsetDateTimeField,79,0.041
org.joda.time.field.OffsetDateTimeField,81,0.041
org.joda.time.field.OffsetDateTimeField,82,0.041
org.joda.time.field.OffsetDateTimeField,86,0.041
org.joda.time.field.OffsetDateTimeField,87,0.041
org.joda.time.field.OffsetDateTimeField,91,0.041
org.joda.time.field.OffsetDateTimeField,174,0.041
org.joda.time.field.OffsetDateTimeField,183,0.041
org.joda.time.field.DividedDateTimeField,56,0.041
org.joda.time.field.DividedDateTimeField,58,0.041
org.joda.time.field.DividedDateTimeField,62,0.041
org.joda.time.field.DividedDateTimeField,63,0.041
org.joda.time.field.DividedDateTimeField,66,0.041
org.joda.time.field.DividedDateTimeField,70,0.041
org.joda.time.field.DividedDateTimeField,72,0.041
org.joda.time.field.DividedDateTimeField,73,0.041
org.joda.time.field.DividedDateTimeField,75,0.041
org.joda.time.field.DividedDateTimeField,76,0.041
org.joda.time.field.DividedDateTimeField,78,0.041
org.joda.time.field.DividedDateTimeField,79,0.041
org.joda.time.field.DividedDateTimeField,80,0.041
org.joda.time.field.DividedDateTimeField,182,0.041
org.joda.time.field.RemainderDateTimeField,52,0.041
org.joda.time.field.RemainderDateTimeField,54,0.041
org.joda.time.field.RemainderDateTimeField,58,0.041
org.joda.time.field.RemainderDateTimeField,59,0.041
org.joda.time.field.RemainderDateTimeField,62,0.041
org.joda.time.field.RemainderDateTimeField,66,0.041
org.joda.time.field.RemainderDateTimeField,67,0.041
org.joda.time.field.RemainderDateTimeField,76,0.041
org.joda.time.field.RemainderDateTimeField,77,0.041
org.joda.time.field.RemainderDateTimeField,87,0.041
org.joda.time.field.RemainderDateTimeField,88,0.041
org.joda.time.field.RemainderDateTimeField,89,0.041
org.joda.time.field.RemainderDateTimeField,90,0.041
org.joda.time.field.RemainderDateTimeField,148,0.041
org.joda.time.field.RemainderDateTimeField,158,0.041
org.joda.time.chrono.GJEraDateTimeField,46,0.041
org.joda.time.chrono.GJEraDateTimeField,47,0.041
org.joda.time.chrono.GJEraDateTimeField,48,0.041
org.joda.time.chrono.GJDayOfWeekDateTimeField,45,0.041
org.joda.time.chrono.GJDayOfWeekDateTimeField,46,0.041
org.joda.time.chrono.GJDayOfWeekDateTimeField,47,0.041
org.joda.time.chrono.BasicDayOfMonthDateTimeField,41,0.041
org.joda.time.chrono.BasicDayOfMonthDateTimeField,42,0.041
org.joda.time.chrono.BasicDayOfMonthDateTimeField,43,0.041
org.joda.time.chrono.BasicDayOfYearDateTimeField,41,0.041
org.joda.time.chrono.BasicDayOfYearDateTimeField,42,0.041
org.joda.time.chrono.BasicDayOfYearDateTimeField,43,0.041
org.joda.time.chrono.BasicMonthOfYearDateTimeField,51,0.041
org.joda.time.chrono.BasicMonthOfYearDateTimeField,52,0.041
org.joda.time.chrono.BasicMonthOfYearDateTimeField,53,0.041
org.joda.time.chrono.BasicMonthOfYearDateTimeField,54,0.041
org.joda.time.chrono.BasicMonthOfYearDateTimeField,55,0.041
org.joda.time.chrono.GJMonthOfYearDateTimeField,37,0.041
org.joda.time.chrono.GJMonthOfYearDateTimeField,38,0.041
org.joda.time.chrono.BasicWeekyearDateTimeField,44,0.041
org.joda.time.chrono.BasicWeekyearDateTimeField,45,0.041
org.joda.time.chrono.BasicWeekyearDateTimeField,46,0.041
org.joda.time.chrono.BasicWeekOfWeekyearDateTimeField,42,0.041
org.joda.time.chrono.BasicWeekOfWeekyearDateTimeField,43,0.041
org.joda.time.chrono.BasicWeekOfWeekyearDateTimeField,44,0.041
org.joda.time.DateTimeFieldType,227,0.041
org.joda.time.DateTimeFieldType,273,0.041
org.joda.time.DateTimeFieldType,327,0.041
org.joda.time.field.PreciseDurationField,54,0.041
org.joda.time.field.UnsupportedDurationField,70,0.041
org.joda.time.field.UnsupportedDurationField,71,0.041
org.joda.time.field.UnsupportedDurationField,72,0.041
org.joda.time.field.UnsupportedDurationField,49,0.041
org.joda.time.field.UnsupportedDurationField,50,0.041
org.joda.time.field.UnsupportedDurationField,51,0.041
org.joda.time.field.UnsupportedDurationField,55,0.041
org.joda.time.field.UnsupportedDurationField,56,0.041
org.joda.time.field.UnsupportedDurationField,57,0.041
org.joda.time.field.UnsupportedDurationField,59,0.041
org.joda.time.tz.FixedDateTimeZone,102,0.041
org.joda.time.DateTimeFieldType,200,0.041
org.joda.time.field.MillisDurationField,71,0.041
org.joda.time.field.BaseDurationField,66,0.041
org.joda.time.field.MillisDurationField,80,0.041
org.joda.time.field.BaseDateTimeField,69,0.041
org.joda.time.field.PreciseDurationField,63,0.041
org.joda.time.DateTimeFieldType,191,0.041
org.joda.time.field.BaseDateTimeField,58,0.041
org.joda.time.field.PreciseDurationDateTimeField,150,0.041
org.joda.time.field.MillisDurationField,62,0.041
org.joda.time.field.PreciseDurationField,43,0.041
org.joda.time.field.PreciseDurationField,44,0.041
org.joda.time.field.PreciseDurationField,45,0.041
org.joda.time.field.DecoratedDurationField,52,0.041
org.joda.time.field.DecoratedDurationField,53,0.041
org.joda.time.field.DecoratedDurationField,56,0.041
org.joda.time.field.DecoratedDurationField,59,0.041
org.joda.time.field.DecoratedDurationField,60,0.041
org.joda.time.field.ScaledDurationField,47,0.041
org.joda.time.field.ScaledDurationField,48,0.041
org.joda.time.field.ScaledDurationField,51,0.041
org.joda.time.field.ScaledDurationField,52,0.041
org.joda.time.field.PreciseDurationDateTimeField,154,0.041
org.joda.time.field.PreciseDateTimeField,57,0.041
org.joda.time.field.PreciseDateTimeField,59,0.041
org.joda.time.field.PreciseDateTimeField,63,0.041
org.joda.time.field.PreciseDateTimeField,64,0.041
org.joda.time.field.PreciseDateTimeField,65,0.041
org.joda.time.field.PreciseDateTimeField,69,0.041
org.joda.time.field.PreciseDateTimeField,70,0.041
org.joda.time.DurationFieldType.StandardDurationFieldType,278,0.041
org.joda.time.chrono.ISOChronology,133,0.041
org.joda.time.field.MillisDurationField,44,0.041
org.joda.time.field.MillisDurationField,45,0.041
org.joda.time.field.MillisDurationField,38,0.041
org.joda.time.field.PreciseDurationDateTimeField,48,0.041
org.joda.time.field.PreciseDurationDateTimeField,50,0.041
org.joda.time.field.PreciseDurationDateTimeField,54,0.041
org.joda.time.field.PreciseDurationDateTimeField,55,0.041
org.joda.time.field.PreciseDurationDateTimeField,59,0.041
org.joda.time.field.PreciseDurationDateTimeField,60,0.041
org.joda.time.DateTimeFieldType,182,0.04
org.joda.time.field.BaseDateTimeField,50,0.04
org.joda.time.field.BaseDateTimeField,51,0.04
org.joda.time.field.BaseDateTimeField,54,0.04
org.joda.time.field.BaseDateTimeField,55,0.04
org.joda.time.DateTimeField,33,0.04
org.joda.time.DateTimeFieldType,153,0.04
org.joda.time.DateTimeFieldType,154,0.04
org.joda.time.DateTimeFieldType,155,0.04
org.joda.time.DateTimeFieldType,73,0.04
org.joda.time.DateTimeFieldType,76,0.04
org.joda.time.DateTimeFieldType,79,0.04
org.joda.time.DateTimeFieldType,82,0.04
org.joda.time.DateTimeFieldType,85,0.04
org.joda.time.DateTimeFieldType,88,0.04
org.joda.time.DateTimeFieldType,91,0.04
org.joda.time.DateTimeFieldType,94,0.04
org.joda.time.DateTimeFieldType,97,0.04
org.joda.time.DateTimeFieldType,100,0.04
org.joda.time.DateTimeFieldType,103,0.04
org.joda.time.DateTimeFieldType,106,0.04
org.joda.time.DateTimeFieldType,110,0.04
org.joda.time.DateTimeFieldType,113,0.04
org.joda.time.DateTimeFieldType,116,0.04
org.joda.time.DateTimeFieldType,119,0.04
org.joda.time.DateTimeFieldType,122,0.04
org.joda.time.DateTimeFieldType,125,0.04
org.joda.time.DateTimeFieldType,128,0.04
org.joda.time.DateTimeFieldType,131,0.04
org.joda.time.DateTimeFieldType,134,0.04
org.joda.time.DateTimeFieldType,137,0.04
org.joda.time.DateTimeFieldType,140,0.04
org.joda.time.DateTimeFieldType.StandardDateTimeFieldType,444,0.04
org.joda.time.DateTimeFieldType.StandardDateTimeFieldType,445,0.04
org.joda.time.DateTimeFieldType.StandardDateTimeFieldType,446,0.04
org.joda.time.DateTimeFieldType.StandardDateTimeFieldType,447,0.04
org.joda.time.DateTimeFieldType.StandardDateTimeFieldType,448,0.04
org.joda.time.DurationFieldType,141,0.04
org.joda.time.DurationFieldType,169,0.04
org.joda.time.DurationFieldType,205,0.04
org.joda.time.DurationFieldType,196,0.04
org.joda.time.field.BaseDurationField,47,0.04
org.joda.time.field.BaseDurationField,48,0.04
org.joda.time.field.BaseDurationField,51,0.04
org.joda.time.field.BaseDurationField,52,0.04
org.joda.time.DurationField,30,0.04
org.joda.time.format.DateTimeFormat,555,0.04
org.joda.time.format.DateTimeFormat,557,0.04
org.joda.time.PeriodType,134,0.04
org.joda.time.PeriodType,135,0.04
org.joda.time.PeriodType,136,0.04
org.joda.time.PeriodType,146,0.04
org.joda.time.PeriodType,148,0.04
org.joda.time.PeriodType,372,0.039
org.joda.time.PeriodType,373,0.039
org.joda.time.PeriodType,374,0.039
org.joda.time.PeriodType,379,0.039
org.joda.time.PeriodType,381,0.039
org.joda.time.Minutes,86,0.039
org.joda.time.DateMidnight,344,0.039
org.joda.time.chrono.BasicMonthOfYearDateTimeField,333,0.038
org.joda.time.chrono.BasicMonthOfYearDateTimeField,338,0.038
org.joda.time.PeriodType,354,0.038
org.joda.time.PeriodType,355,0.038
org.joda.time.PeriodType,356,0.038
org.joda.time.PeriodType,361,0.038
org.joda.time.PeriodType,363,0.038
org.joda.time.Seconds,86,0.038
org.joda.time.DateMidnight,343,0.037
org.joda.time.Weeks,72,0.037
org.joda.time.format.ISODateTimeFormat,595,0.036
org.joda.time.format.ISODateTimeFormat,596,0.036
org.joda.time.format.ISODateTimeFormat,598,0.036
org.joda.time.base.AbstractPartial,54,0.036
org.joda.time.base.AbstractPartial,55,0.036
org.joda.time.chrono.BasicDayOfMonthDateTimeField,82,0.036
org.joda.time.chrono.BasicDayOfMonthDateTimeField,83,0.036
org.joda.time.chrono.BasicDayOfMonthDateTimeField,84,0.036
org.joda.time.Minutes,72,0.036
org.joda.time.Seconds,72,0.036
org.joda.time.Weeks,198,0.036
org.joda.time.Weeks,199,0.036
org.joda.time.Weeks,45,0.036
org.joda.time.Weeks,47,0.036
org.joda.time.Weeks,49,0.036
org.joda.time.Weeks,51,0.036
org.joda.time.Weeks,53,0.036
org.joda.time.Weeks,55,0.036
org.joda.time.Weeks,58,0.036
org.joda.time.Duration,176,0.036
org.joda.time.Duration,177,0.036
org.joda.time.Duration,43,0.036
org.joda.time.base.AbstractDuration,44,0.036
org.joda.time.base.AbstractDuration,45,0.036
org.joda.time.base.BaseDuration,61,0.036
org.joda.time.base.BaseDuration,62,0.036
org.joda.time.base.BaseDuration,63,0.036
org.joda.time.Days,80,0.036
org.joda.time.Minutes,198,0.036
org.joda.time.Minutes,199,0.036
org.joda.time.Minutes,45,0.036
org.joda.time.Minutes,47,0.036
org.joda.time.Minutes,49,0.036
org.joda.time.Minutes,51,0.036
org.joda.time.Minutes,53,0.036
org.joda.time.Minutes,55,0.036
org.joda.time.Minutes,58,0.036
org.joda.time.Seconds,198,0.036
org.joda.time.Seconds,199,0.036
org.joda.time.Seconds,45,0.036
org.joda.time.Seconds,47,0.036
org.joda.time.Seconds,49,0.036
org.joda.time.Seconds,51,0.036
org.joda.time.Seconds,53,0.036
org.joda.time.Seconds,55,0.036
org.joda.time.Seconds,58,0.036
org.joda.time.Hours,82,0.036
org.joda.time.Days,216,0.035
org.joda.time.Days,217,0.035
org.joda.time.Days,45,0.035
org.joda.time.Days,47,0.035
org.joda.time.Days,49,0.035
org.joda.time.Days,51,0.035
org.joda.time.Days,53,0.035
org.joda.time.Days,55,0.035
org.joda.time.Days,57,0.035
org.joda.time.Days,59,0.035
org.joda.time.Days,61,0.035
org.joda.time.Days,63,0.035
org.joda.time.Days,66,0.035
org.joda.time.Hours,218,0.035
org.joda.time.Hours,219,0.035
org.joda.time.Hours,45,0.035
org.joda.time.Hours,47,0.035
org.joda.time.Hours,49,0.035
org.joda.time.Hours,51,0.035
org.joda.time.Hours,53,0.035
org.joda.time.Hours,55,0.035
org.joda.time.Hours,57,0.035
org.joda.time.Hours,59,0.035
org.joda.time.Hours,61,0.035
org.joda.time.Hours,63,0.035
org.joda.time.Hours,65,0.035
org.joda.time.Hours,68,0.035
org.joda.time.chrono.BasicDayOfMonthDateTimeField,79,0.035
org.joda.time.chrono.BasicDayOfMonthDateTimeField,80,0.035
org.joda.time.chrono.BasicDayOfMonthDateTimeField,81,0.035
org.joda.time.YearMonth,326,0.033
org.joda.time.YearMonth,327,0.033
org.joda.time.chrono.ISOChronology,96,0.033
org.joda.time.chrono.ISOChronology,99,0.033
org.joda.time.chrono.ISOChronology,100,0.033
org.joda.time.chrono.ISOChronology,101,0.033
org.joda.time.chrono.ISOChronology,104,0.033
org.joda.time.chrono.ISOChronology,105,0.033
org.joda.time.chrono.ISOChronology,106,0.033
org.joda.time.chrono.ISOChronology,110,0.033
org.joda.time.chrono.ISOChronology,111,0.033
org.joda.time.chrono.ISOChronology,112,0.033
org.joda.time.tz.FixedDateTimeZone,49,0.033
org.joda.time.PeriodType,390,0.033
org.joda.time.PeriodType,391,0.033
org.joda.time.PeriodType,392,0.033
org.joda.time.PeriodType,397,0.033
org.joda.time.PeriodType,399,0.033
org.joda.time.format.DateTimeFormat,486,0.032
org.joda.time.format.DateTimeFormat,488,0.032
org.joda.time.format.DateTimeFormat,490,0.032
org.joda.time.format.DateTimeFormat,491,0.032
org.joda.time.PeriodType,444,0.032
org.joda.time.PeriodType,445,0.032
org.joda.time.PeriodType,446,0.032
org.joda.time.PeriodType,451,0.032
org.joda.time.PeriodType,453,0.032
org.joda.time.PeriodType,462,0.032
org.joda.time.PeriodType,463,0.032
org.joda.time.PeriodType,464,0.032
org.joda.time.PeriodType,469,0.032
org.joda.time.PeriodType,471,0.032
org.joda.time.chrono.BasicChronology,565,0.032
org.joda.time.PeriodType,426,0.032
org.joda.time.PeriodType,427,0.032
org.joda.time.PeriodType,428,0.032
org.joda.time.PeriodType,433,0.032
org.joda.time.PeriodType,435,0.032
org.joda.time.DateTimeUtils,289,0.032
org.joda.time.PeriodType,408,0.031
org.joda.time.PeriodType,409,0.031
org.joda.time.PeriodType,410,0.031
org.joda.time.PeriodType,415,0.031
org.joda.time.PeriodType,417,0.031
org.joda.time.format.DateTimeFormat,479,0.03
org.joda.time.base.BasePartial,184,0.03
org.joda.time.base.BasePartial,185,0.03
org.joda.time.base.BasePartial,180,0.03
org.joda.time.base.BasePartial,181,0.03
org.joda.time.base.BasePartial,182,0.03
org.joda.time.base.BasePartial,183,0.03
org.joda.time.field.FieldUtils,136,0.03
org.joda.time.format.DateTimeFormat,551,0.029
org.joda.time.chrono.BasicDayOfMonthDateTimeField,59,0.029
org.joda.time.format.DateTimeFormat,613,0.029
org.joda.time.format.DateTimeFormat,614,0.029
org.joda.time.format.DateTimeFormat,549,0.029
org.joda.time.format.DateTimeFormat,550,0.029
org.joda.time.format.DateTimeFormat,596,0.029
org.joda.time.format.DateTimeFormat,598,0.029
org.joda.time.format.DateTimeFormat,600,0.029
org.joda.time.format.DateTimeFormat,601,0.029
org.joda.time.format.DateTimeFormat,603,0.029
org.joda.time.format.DateTimeFormat,611,0.029
org.joda.time.format.DateTimeFormat,616,0.029
org.joda.time.MutablePeriod,131,0.029
org.joda.time.MutablePeriod,132,0.029
org.joda.time.format.DateTimeFormat,588,0.029
org.joda.time.format.DateTimeFormat,589,0.029
org.joda.time.format.DateTimeFormat,593,0.029
org.joda.time.chrono.GregorianChronology,221,0.029
org.joda.time.chrono.AssembledChronology,133,0.028
org.joda.time.DateTimeUtils,253,0.028
org.joda.time.format.DateTimeFormat,586,0.028
org.joda.time.format.DateTimeFormat,587,0.028
org.joda.time.format.DateTimeFormatter,300,0.028
org.joda.time.base.BasePartial,249,0.028
org.joda.time.base.BasePeriod,308,0.027
org.joda.time.DateTimeUtils,286,0.027
org.joda.time.format.DateTimeFormat,683,0.027
org.joda.time.format.DateTimeFormat,685,0.027
org.joda.time.format.DateTimeFormat,688,0.027
org.joda.time.YearMonth,344,0.027
org.joda.time.YearMonth,345,0.027
org.joda.time.format.DateTimeFormat,170,0.027
org.joda.time.format.DateTimeFormat,674,0.027
org.joda.time.format.DateTimeFormat,677,0.027
org.joda.time.format.DateTimeFormat,678,0.027
org.joda.time.format.DateTimeFormat,679,0.027
org.joda.time.format.DateTimeFormat,680,0.027
org.joda.time.format.DateTimeFormat,681,0.027
org.joda.time.format.DateTimeFormat,682,0.027
org.joda.time.format.DateTimeFormat,687,0.027
org.joda.time.base.BaseLocal,47,0.027
org.joda.time.base.BaseLocal,48,0.027
org.joda.time.base.AbstractPeriod,45,0.027
org.joda.time.base.AbstractPeriod,46,0.027
org.joda.time.base.AbstractPeriod,56,0.027
org.joda.time.base.BasePeriod,57,0.027
org.joda.time.base.BasePeriod,318,0.027
org.joda.time.format.DateTimeFormatterBuilder.Composite,2577,0.027
org.joda.time.format.DateTimeFormatterBuilder.Composite,2578,0.027
org.joda.time.format.DateTimeFormatter,320,0.027
org.joda.time.format.DateTimeFormatter,323,0.027
org.joda.time.format.DateTimeFormat,563,0.027
org.joda.time.format.DateTimeFormat,583,0.027
org.joda.time.format.DateTimeFormat,585,0.027
org.joda.time.format.DateTimeFormat,400,0.027
org.joda.time.format.DateTimeFormat,401,0.027
org.joda.time.format.DateTimeFormat,403,0.027
org.joda.time.format.DateTimeFormat,404,0.027
org.joda.time.format.DateTimeFormat,405,0.027
org.joda.time.format.DateTimeFormat,406,0.027
org.joda.time.format.DateTimeFormat,408,0.027
org.joda.time.format.DateTimeFormat,409,0.027
org.joda.time.format.DateTimeFormat,412,0.027
org.joda.time.format.DateTimeFormat,414,0.027
org.joda.time.format.DateTimeFormat,574,0.027
org.joda.time.format.DateTimeFormat,576,0.027
org.joda.time.format.DateTimeFormat,577,0.027
org.joda.time.format.DateTimeFormat,579,0.027
org.joda.time.format.DateTimeFormat,580,0.027
org.joda.time.format.DateTimeFormat,621,0.027
org.joda.time.format.DateTimeFormat,622,0.027
org.joda.time.YearMonth,402,0.027
org.joda.time.YearMonth,404,0.027
org.joda.time.field.BaseDateTimeField,818,0.027
org.joda.time.field.BaseDateTimeField,804,0.027
org.joda.time.chrono.BaseChronology,213,0.027
org.joda.time.format.DateTimeFormat,147,0.026
org.joda.time.format.DateTimeFormat,149,0.026
org.joda.time.chrono.BaseChronology,199,0.026
org.joda.time.chrono.BaseChronology,200,0.026
org.joda.time.chrono.BaseChronology,201,0.026
org.joda.time.chrono.BaseChronology,202,0.026
org.joda.time.chrono.BaseChronology,207,0.026
org.joda.time.chrono.BaseChronology,192,0.026
org.joda.time.field.BaseDateTimeField,758,0.026
org.joda.time.field.BaseDateTimeField,772,0.026
org.joda.time.YearMonth,400,0.026
org.joda.time.chrono.BaseChronology,183,0.026
org.joda.time.chrono.BaseChronology,184,0.026
org.joda.time.chrono.BaseChronology,185,0.026
org.joda.time.chrono.BaseChronology,186,0.026
org.joda.time.chrono.BaseChronology,187,0.026
org.joda.time.PeriodType,617,0.026
org.joda.time.field.ImpreciseDateTimeField.LinkedDurationField,156,0.026
org.joda.time.base.AbstractPartial,105,0.026
org.joda.time.base.BasePeriod,94,0.026
org.joda.time.base.BasePeriod,90,0.026
org.joda.time.base.BasePeriod,91,0.026
org.joda.time.base.BasePeriod,92,0.026
org.joda.time.base.BasePeriod,93,0.026
org.joda.time.base.BasePeriod,457,0.026
org.joda.time.base.BasePeriod,458,0.026
org.joda.time.base.BasePeriod,459,0.026
org.joda.time.base.BasePeriod,460,0.026
org.joda.time.base.BasePeriod,461,0.026
org.joda.time.base.BasePeriod,462,0.026
org.joda.time.base.BasePeriod,455,0.025
org.joda.time.base.BasePeriod,456,0.025
org.joda.time.format.DateTimeFormatterBuilder,1133,0.025
org.joda.time.format.ISODateTimeFormat,613,0.025
org.joda.time.format.ISODateTimeFormat,614,0.025
org.joda.time.format.ISODateTimeFormat,636,0.025
org.joda.time.base.BasePeriod,453,0.025
org.joda.time.base.BasePeriod,454,0.025
org.joda.time.format.ISODateTimeFormat,1643,0.025
org.joda.time.format.ISODateTimeFormat,1644,0.025
org.joda.time.format.ISODateTimeFormat,1649,0.025
org.joda.time.chrono.ZonedChronology,147,0.025
org.joda.time.format.ISODateTimeFormat,1633,0.025
org.joda.time.format.ISODateTimeFormat,1634,0.025
org.joda.time.format.ISODateTimeFormat,1639,0.025
org.joda.time.format.ISODateTimeFormat,1623,0.025
org.joda.time.format.ISODateTimeFormat,1624,0.025
org.joda.time.format.ISODateTimeFormat,1629,0.025
org.joda.time.format.DateTimeFormatterBuilder,747,0.025
org.joda.time.chrono.ZonedChronology,139,0.025
org.joda.time.chrono.ZonedChronology,140,0.025
org.joda.time.chrono.ZonedChronology,141,0.025
org.joda.time.chrono.ZonedChronology,142,0.025
org.joda.time.chrono.ZonedChronology,119,0.025
org.joda.time.format.ISODateTimeFormat,1614,0.025
org.joda.time.format.ISODateTimeFormat,1615,0.025
org.joda.time.format.ISODateTimeFormat,1619,0.025
org.joda.time.format.DateTimeFormatterBuilder,727,0.025
org.joda.time.LocalDate,423,0.025
org.joda.time.LocalDate,424,0.025
org.joda.time.chrono.BasicGJChronology,123,0.025
org.joda.time.format.DateTimeFormatterBuilder.StringLiteral,1261,0.024
org.joda.time.format.DateTimeFormatterBuilder,370,0.024
org.joda.time.format.DateTimeFormatterBuilder,373,0.024
org.joda.time.format.DateTimeFormatterBuilder,379,0.024
org.joda.time.format.DateTimeFormatterBuilder,757,0.024
org.joda.time.format.DateTimeFormatterBuilder,769,0.024
org.joda.time.format.DateTimeFormatterBuilder.StringLiteral,1232,0.024
org.joda.time.format.DateTimeFormatterBuilder.StringLiteral,1233,0.024
org.joda.time.format.DateTimeFormatterBuilder.StringLiteral,1234,0.024
org.joda.time.format.DateTimeFormatterBuilder.StringLiteral,1237,0.024
org.joda.time.chrono.BasicGJChronology,142,0.024
org.joda.time.base.BasePeriod,397,0.024
org.joda.time.base.BasePeriod,399,0.024
org.joda.time.base.BasePeriod,390,0.024
org.joda.time.base.BasePeriod,391,0.024
org.joda.time.chrono.BasicGJChronology,120,0.024
org.joda.time.chrono.BasicGJChronology,139,0.024
org.joda.time.chrono.BasicChronology,605,0.024
org.joda.time.chrono.BasicChronology,606,0.024
org.joda.time.chrono.BasicChronology,603,0.024
org.joda.time.chrono.BasicChronology,604,0.024
org.joda.time.chrono.BasicChronology,682,0.024
org.joda.time.field.FieldUtils,237,0.024
org.joda.time.field.FieldUtils,232,0.024
org.joda.time.chrono.GregorianChronology,202,0.024
org.joda.time.chrono.GregorianChronology,203,0.024
org.joda.time.chrono.GregorianChronology,211,0.024
org.joda.time.chrono.GregorianChronology,212,0.024
org.joda.time.chrono.GregorianChronology,217,0.024
org.joda.time.chrono.GregorianChronology,197,0.023
org.joda.time.format.DateTimeFormatterBuilder.UnpaddedNumber,1367,0.023
org.joda.time.format.DateTimeFormatterBuilder,273,0.023
org.joda.time.format.DateTimeFormatterBuilder,276,0.023
org.joda.time.format.DateTimeFormatterBuilder,279,0.023
org.joda.time.format.DateTimeFormatterBuilder,280,0.023
org.joda.time.format.DateTimeFormatterBuilder,287,0.023
org.joda.time.format.DateTimeFormatterBuilder,289,0.023
org.joda.time.format.DateTimeFormatterBuilder,290,0.023
org.joda.time.format.DateTimeFormatterBuilder,294,0.023
org.joda.time.format.DateTimeFormatterBuilder,296,0.023
org.joda.time.format.DateTimeFormatterBuilder,307,0.023
org.joda.time.format.DateTimeFormatterBuilder,308,0.023
org.joda.time.format.DateTimeFormatterBuilder,309,0.023
org.joda.time.format.DateTimeFormatterBuilder,319,0.023
org.joda.time.format.DateTimeFormatterBuilder,322,0.023
org.joda.time.format.DateTimeFormatterBuilder,1112,0.023
org.joda.time.format.DateTimeFormatterBuilder.Composite,2684,0.023
org.joda.time.format.DateTimeFormatterBuilder.MatchingParser,2752,0.023
org.joda.time.format.DateTimeFormatterBuilder.MatchingParser,2753,0.023
org.joda.time.format.DateTimeFormatterBuilder.MatchingParser,2754,0.023
org.joda.time.format.DateTimeFormatterBuilder.MatchingParser,2755,0.023
org.joda.time.format.DateTimeFormatterBuilder.MatchingParser,2756,0.023
org.joda.time.format.DateTimeFormatterBuilder.MatchingParser,2757,0.023
org.joda.time.format.DateTimeFormatterBuilder.MatchingParser,2758,0.023
org.joda.time.format.DateTimeFormatterBuilder.MatchingParser,2759,0.023
org.joda.time.format.DateTimeFormatterBuilder.MatchingParser,2760,0.023
org.joda.time.format.DateTimeFormatterBuilder.MatchingParser,2763,0.023
org.joda.time.format.DateTimeFormatterBuilder.MatchingParser,2764,0.023
org.joda.time.format.DateTimeFormatterBuilder.MatchingParser,2765,0.023
org.joda.time.format.DateTimeFormatterBuilder.MatchingParser,2768,0.023
org.joda.time.chrono.ISOChronology,86,0.023
org.joda.time.format.DateTimeFormatterBuilder,152,0.023
org.joda.time.format.DateTimeFormatterBuilder,153,0.023
org.joda.time.format.DateTimeFormatterBuilder,154,0.023
org.joda.time.format.DateTimeFormatterBuilder,406,0.023
org.joda.time.format.DateTimeFormatterBuilder.UnpaddedNumber,1363,0.023
org.joda.time.format.DateTimeFormatterBuilder.UnpaddedNumber,1364,0.023
org.joda.time.PeriodType,650,0.023
org.joda.time.base.AbstractPeriod,137,0.023
org.joda.time.PeriodType,648,0.023
org.joda.time.PeriodType,649,0.023
org.joda.time.chrono.BasicChronology,385,0.023
org.joda.time.chrono.BasicChronology,386,0.023
org.joda.time.chrono.BasicChronology,387,0.023
org.joda.time.YearMonth,387,0.022
org.joda.time.chrono.BasicChronology,360,0.022
org.joda.time.chrono.BasicChronology,738,0.022
org.joda.time.chrono.BasicChronology,739,0.022
org.joda.time.chrono.BasicChronology,740,0.022
org.joda.time.chrono.BasicChronology,741,0.022
org.joda.time.chrono.BasicChronology,743,0.022
org.joda.time.chrono.BasicChronology.YearInfo,770,0.022
org.joda.time.chrono.BasicChronology.YearInfo,771,0.022
org.joda.time.chrono.BasicChronology.YearInfo,772,0.022
org.joda.time.chrono.BasicChronology.YearInfo,773,0.022
org.joda.time.YearMonth,75,0.022
org.joda.time.DateTimeZone,307,0.021
org.joda.time.chrono.BaseChronology,284,0.021
org.joda.time.chrono.BaseChronology,285,0.021
org.joda.time.chrono.AssembledChronology,131,0.021
org.joda.time.chrono.BaseChronology,279,0.021
org.joda.time.chrono.BaseChronology,280,0.021
org.joda.time.chrono.BaseChronology,281,0.021
org.joda.time.chrono.BaseChronology,282,0.021
org.joda.time.chrono.BaseChronology,283,0.021
org.joda.time.chrono.BasicChronology,167,0.02
org.joda.time.chrono.BasicChronology,172,0.02
org.joda.time.chrono.BasicChronology,173,0.02
org.joda.time.chrono.BasicChronology,174,0.02
org.joda.time.chrono.BasicChronology,175,0.02
org.joda.time.chrono.BasicChronology,177,0.02
org.joda.time.base.BasePeriod,254,0.02
org.joda.time.base.BasePeriod,255,0.02
org.joda.time.base.BasePeriod,256,0.02
org.joda.time.base.BasePeriod,257,0.02
org.joda.time.base.BasePeriod,258,0.02
org.joda.time.base.BasePeriod,259,0.02
org.joda.time.MutablePeriod,755,0.02
org.joda.time.chrono.AssembledChronology,120,0.019
org.joda.time.chrono.BaseChronology,276,0.019
org.joda.time.chrono.BaseChronology,277,0.019
org.joda.time.chrono.BaseChronology,278,0.019
org.joda.time.chrono.BaseChronology,289,0.019
org.joda.time.chrono.AssembledChronology,118,0.019
org.joda.time.MutablePeriod,764,0.019
org.joda.time.MutablePeriod,773,0.019
org.joda.time.MutablePeriod,746,0.019
org.joda.time.base.BaseDuration,115,0.019
org.joda.time.DateTimeZone,133,0.019
org.joda.time.DateTimeZone,134,0.019
org.joda.time.DateTimeZone,135,0.019
org.joda.time.DateTimeZone,136,0.019
org.joda.time.DateTimeZone,137,0.019
org.joda.time.DateTimeZone,138,0.019
org.joda.time.DateTimeZone,141,0.019
org.joda.time.DateTimeZone,142,0.019
org.joda.time.DateTimeZone,143,0.019
org.joda.time.DateTimeZone,145,0.019
org.joda.time.DateTimeZone,148,0.019
org.joda.time.DateTimeZone,149,0.019
org.joda.time.DateTimeZone,153,0.019
org.joda.time.DateTimeZone,154,0.019
org.joda.time.DateTimeZone,157,0.019
org.joda.time.DateTimeZone,159,0.019
org.joda.time.DateTimeZone,161,0.019
org.joda.time.DateTimeZone,223,0.019
org.joda.time.DateTimeZone,302,0.019
org.joda.time.DateTimeZone,305,0.019
org.joda.time.DateTimeZone,306,0.019
org.joda.time.chrono.JulianChronology,104,0.019
org.joda.time.LocalDateTime,496,0.019
org.joda.time.LocalDateTime,497,0.019
org.joda.time.LocalDateTime,498,0.019
org.joda.time.LocalDateTime,500,0.019
org.joda.time.LocalDateTime,501,0.019
org.joda.time.LocalDateTime,502,0.019
org.joda.time.chrono.ISOChronology,107,0.018
org.joda.time.chrono.ISOChronology,108,0.018
org.joda.time.PeriodType,102,0.018
org.joda.time.PeriodType,103,0.018
org.joda.time.PeriodType,104,0.018
org.joda.time.PeriodType,114,0.018
org.joda.time.PeriodType,116,0.018
org.joda.time.LocalDate,442,0.018
org.joda.time.LocalDate,443,0.018
org.joda.time.LocalDate,444,0.018
org.joda.time.LocalDate,445,0.018
org.joda.time.LocalDate,446,0.018
org.joda.time.LocalDate,447,0.018
org.joda.time.DateMidnight,354,0.018
org.joda.time.chrono.GJEraDateTimeField,127,0.017
org.joda.time.chrono.GJEraDateTimeField,131,0.017
org.joda.time.field.MillisDurationField,125,0.017
org.joda.time.field.UnsupportedDurationField,218,0.017
org.joda.time.chrono.ZonedChronology,82,0.017
org.joda.time.chrono.ZonedChronology,83,0.017
org.joda.time.chrono.ZonedChronology,56,0.017
org.joda.time.chrono.ZonedChronology,59,0.017
org.joda.time.chrono.ZonedChronology,60,0.017
org.joda.time.chrono.ZonedChronology,63,0.017
org.joda.time.chrono.ZonedChronology,66,0.017
org.joda.time.chrono.ZonedChronology,72,0.017
org.joda.time.chrono.ZonedChronology,86,0.017
org.joda.time.chrono.ZonedChronology,153,0.017
org.joda.time.chrono.ZonedChronology,157,0.017
org.joda.time.chrono.ZonedChronology,158,0.017
org.joda.time.chrono.ZonedChronology,159,0.017
org.joda.time.chrono.ZonedChronology,160,0.017
org.joda.time.chrono.ZonedChronology,161,0.017
org.joda.time.chrono.ZonedChronology,162,0.017
org.joda.time.chrono.ZonedChronology,163,0.017
org.joda.time.chrono.ZonedChronology,165,0.017
org.joda.time.chrono.ZonedChronology,166,0.017
org.joda.time.chrono.ZonedChronology,167,0.017
org.joda.time.chrono.ZonedChronology,168,0.017
org.joda.time.chrono.ZonedChronology,169,0.017
org.joda.time.chrono.ZonedChronology,173,0.017
org.joda.time.chrono.ZonedChronology,174,0.017
org.joda.time.chrono.ZonedChronology,175,0.017
org.joda.time.chrono.ZonedChronology,176,0.017
org.joda.time.chrono.ZonedChronology,177,0.017
org.joda.time.chrono.ZonedChronology,178,0.017
org.joda.time.chrono.ZonedChronology,179,0.017
org.joda.time.chrono.ZonedChronology,180,0.017
org.joda.time.chrono.ZonedChronology,181,0.017
org.joda.time.chrono.ZonedChronology,182,0.017
org.joda.time.chrono.ZonedChronology,183,0.017
org.joda.time.chrono.ZonedChronology,184,0.017
org.joda.time.chrono.ZonedChronology,186,0.017
org.joda.time.chrono.ZonedChronology,187,0.017
org.joda.time.chrono.ZonedChronology,188,0.017
org.joda.time.chrono.ZonedChronology,189,0.017
org.joda.time.chrono.ZonedChronology,190,0.017
org.joda.time.chrono.ZonedChronology,191,0.017
org.joda.time.chrono.ZonedChronology,192,0.017
org.joda.time.chrono.ZonedChronology,193,0.017
org.joda.time.chrono.ZonedChronology,194,0.017
org.joda.time.chrono.ZonedChronology,195,0.017
org.joda.time.chrono.ZonedChronology,196,0.017
org.joda.time.chrono.ZonedChronology,197,0.017
org.joda.time.chrono.ZonedChronology,200,0.017
org.joda.time.chrono.ZonedChronology,201,0.017
org.joda.time.chrono.ZonedChronology,203,0.017
org.joda.time.chrono.ZonedChronology,204,0.017
org.joda.time.chrono.ZonedChronology,206,0.017
org.joda.time.chrono.ZonedChronology,207,0.017
org.joda.time.chrono.ZonedChronology,208,0.017
org.joda.time.chrono.ZonedChronology,212,0.017
org.joda.time.chrono.ZonedChronology,215,0.017
org.joda.time.chrono.ZonedChronology,218,0.017
org.joda.time.chrono.ZonedChronology,223,0.017
org.joda.time.chrono.ZonedChronology,224,0.017
org.joda.time.chrono.ZonedChronology.ZonedDurationField,284,0.017
org.joda.time.chrono.ZonedChronology.ZonedDurationField,285,0.017
org.joda.time.chrono.ZonedChronology.ZonedDurationField,288,0.017
org.joda.time.chrono.ZonedChronology.ZonedDurationField,289,0.017
org.joda.time.chrono.ZonedChronology.ZonedDurationField,290,0.017
org.joda.time.chrono.ZonedChronology.ZonedDurationField,291,0.017
org.joda.time.chrono.ZonedChronology.ZonedDurationField,298,0.017
org.joda.time.chrono.ZonedChronology.ZonedDateTimeField,389,0.017
org.joda.time.chrono.ZonedChronology.ZonedDateTimeField,390,0.017
org.joda.time.chrono.ZonedChronology.ZonedDateTimeField,393,0.017
org.joda.time.chrono.ZonedChronology.ZonedDateTimeField,394,0.017
org.joda.time.chrono.ZonedChronology.ZonedDateTimeField,395,0.017
org.joda.time.chrono.ZonedChronology.ZonedDateTimeField,396,0.017
org.joda.time.chrono.ZonedChronology.ZonedDateTimeField,397,0.017
org.joda.time.chrono.ZonedChronology.ZonedDateTimeField,398,0.017
org.joda.time.chrono.ZonedChronology.ZonedDateTimeField,399,0.017
org.joda.time.field.ScaledDurationField,109,0.017
org.joda.time.format.ISODateTimeFormat,1604,0.017
org.joda.time.format.ISODateTimeFormat,1605,0.017
org.joda.time.format.ISODateTimeFormat,1610,0.017
org.joda.time.chrono.AssembledChronology,315,0.017
org.joda.time.format.ISODateTimeFormat,1594,0.017
org.joda.time.format.ISODateTimeFormat,1595,0.017
org.joda.time.format.ISODateTimeFormat,1600,0.017
org.joda.time.field.ImpreciseDateTimeField.LinkedDurationField,160,0.016
org.joda.time.field.ZeroIsMaxDateTimeField,101,0.016
org.joda.time.chrono.BasicYearDateTimeField,111,0.016
org.joda.time.chrono.BasicMonthOfYearDateTimeField,328,0.016
org.joda.time.chrono.BasicWeekyearDateTimeField,220,0.016
org.joda.time.format.ISODateTimeFormat,1585,0.016
org.joda.time.format.ISODateTimeFormat,1586,0.016
org.joda.time.format.ISODateTimeFormat,1590,0.016
org.joda.time.field.MillisDurationField,155,0.016
org.joda.time.field.ScaledDurationField,147,0.016
org.joda.time.field.ScaledDurationField,148,0.016
org.joda.time.field.ScaledDurationField,149,0.016
org.joda.time.field.ScaledDurationField,150,0.016
org.joda.time.field.ScaledDurationField,151,0.016
org.joda.time.field.PreciseDurationField,142,0.016
org.joda.time.field.PreciseDurationField,143,0.016
org.joda.time.field.PreciseDurationField,144,0.016
org.joda.time.field.PreciseDurationField,145,0.016
org.joda.time.field.BaseDateTimeField,726,0.016
org.joda.time.field.MillisDurationField,49,0.016
org.joda.time.chrono.GJDayOfWeekDateTimeField,94,0.016
org.joda.time.field.DecoratedDurationField,69,0.016
org.joda.time.field.DecoratedDateTimeField,90,0.016
org.joda.time.field.RemainderDateTimeField,139,0.016
org.joda.time.chrono.BasicDayOfYearDateTimeField,56,0.016
org.joda.time.chrono.BasicWeekyearDateTimeField,208,0.016
org.joda.time.chrono.BasicWeekOfWeekyearDateTimeField,58,0.016
org.joda.time.chrono.ZonedChronology.ZonedDateTimeField,526,0.016
org.joda.time.chrono.ZonedChronology.ZonedDateTimeField,527,0.016
org.joda.time.chrono.ZonedChronology.ZonedDateTimeField,528,0.016
org.joda.time.field.BaseDurationField,55,0.016
org.joda.time.chrono.BasicYearDateTimeField,95,0.016
org.joda.time.chrono.BasicDayOfMonthDateTimeField,51,0.016
org.joda.time.chrono.BasicMonthOfYearDateTimeField,309,0.016
org.joda.time.LocalTime,482,0.016
org.joda.time.LocalTime,484,0.016
org.joda.time.LocalTime,504,0.016
org.joda.time.LocalTime,505,0.016
org.joda.time.LocalTime,506,0.016
org.joda.time.LocalTime,508,0.016
org.joda.time.LocalTime,509,0.016
org.joda.time.LocalTime,510,0.016
org.joda.time.LocalTime,84,0.016
org.joda.time.LocalTime,95,0.016
org.joda.time.LocalTime,97,0.016
org.joda.time.LocalTime,98,0.016
org.joda.time.LocalTime,99,0.016
org.joda.time.LocalTime,100,0.016
org.joda.time.LocalTime,101,0.016
org.joda.time.chrono.BaseChronology,164,0.016
org.joda.time.chrono.BaseChronology,165,0.016
org.joda.time.chrono.BaseChronology,166,0.016
org.joda.time.format.DateTimeFormatterBuilder,779,0.016
org.joda.time.field.PreciseDateTimeField,122,0.016
org.joda.time.chrono.BaseChronology,163,0.016
org.joda.time.chrono.AssembledChronology,146,0.016
org.joda.time.chrono.AssembledChronology,148,0.016
org.joda.time.chrono.AssembledChronology,151,0.016
org.joda.time.field.PreciseDurationDateTimeField,141,0.016
org.joda.time.format.DateTimeFormatterBuilder,737,0.016
org.joda.time.Period,329,0.016
org.joda.time.Period,330,0.016
org.joda.time.format.DateTimeFormatterBuilder,791,0.016
org.joda.time.format.DateTimeFormatterBuilder,448,0.015
org.joda.time.format.DateTimeFormatterBuilder,451,0.015
org.joda.time.format.DateTimeFormatterBuilder,454,0.015
org.joda.time.format.DateTimeFormatterBuilder,457,0.015
org.joda.time.format.DateTimeFormatterBuilder,460,0.015
org.joda.time.format.DateTimeFormatterBuilder.Composite,2718,0.015
org.joda.time.format.DateTimeFormatterBuilder.Composite,2727,0.015
org.joda.time.format.DateTimeFormatterBuilder.Composite,2736,0.015
org.joda.time.format.DateTimeFormatterBuilder.Composite,2737,0.015
org.joda.time.format.DateTimeFormatterBuilder.Composite,2738,0.015
org.joda.time.format.DateTimeFormatterBuilder.Composite,2741,0.015
org.joda.time.field.PreciseDurationField,114,0.015
org.joda.time.field.PreciseDurationField,115,0.015
org.joda.time.format.DateTimeFormatterBuilder,209,0.015
org.joda.time.format.DateTimeFormatterBuilder,212,0.015
org.joda.time.format.DateTimeFormatter,172,0.015
org.joda.time.field.BaseDurationField,141,0.015
org.joda.time.DurationFieldType.StandardDurationFieldType,292,0.015
org.joda.time.format.DateTimeFormatterBuilder,345,0.015
org.joda.time.format.DateTimeFormatterBuilder,346,0.015
org.joda.time.format.DateTimeFormatterBuilder,347,0.015
org.joda.time.format.DateTimeFormatterBuilder,348,0.015
org.joda.time.format.DateTimeFormatter,154,0.015
org.joda.time.LocalDate,95,0.015
org.joda.time.LocalDate,97,0.015
org.joda.time.LocalDate,98,0.015
org.joda.time.LocalDate,99,0.015
org.joda.time.LocalDate,100,0.015
org.joda.time.LocalDate,101,0.015
org.joda.time.LocalDate,102,0.015
org.joda.time.LocalDate,104,0.015
org.joda.time.LocalDate,105,0.015
org.joda.time.chrono.ZonedChronology.ZonedDateTimeField,521,0.015
org.joda.time.base.BaseDateTime,256,0.014
org.joda.time.base.BaseDateTime,257,0.014
org.joda.time.base.BaseDateTime,252,0.014
org.joda.time.base.BaseDateTime,253,0.014
org.joda.time.base.BaseDateTime,254,0.014
org.joda.time.DurationFieldType.StandardDurationFieldType,308,0.014
org.joda.time.format.DateTimeFormatterBuilder,408,0.014
org.joda.time.format.DateTimeFormatterBuilder,396,0.014
org.joda.time.format.DateTimeFormatterBuilder,399,0.014
org.joda.time.format.DateTimeFormatterBuilder,402,0.014
org.joda.time.format.DateTimeFormatterBuilder,405,0.014
org.joda.time.chrono.ISOChronology,77,0.014
org.joda.time.field.FieldUtils,100,0.014
org.joda.time.field.FieldUtils,102,0.014
org.joda.time.field.FieldUtils,106,0.014
org.joda.time.DurationFieldType.StandardDurationFieldType,306,0.014
org.joda.time.format.DateTimeFormatterBuilder.CharacterLiteral,1174,0.014
org.joda.time.format.DateTimeFormatterBuilder.CharacterLiteral,1198,0.014
org.joda.time.format.DateTimeFormatterBuilder.NumberFormatter,1288,0.014
org.joda.time.format.DateTimeFormatterBuilder,359,0.014
org.joda.time.format.DateTimeFormatterBuilder.CharacterLiteral,1169,0.014
org.joda.time.format.DateTimeFormatterBuilder.CharacterLiteral,1170,0.014
org.joda.time.format.DateTimeFormatterBuilder.CharacterLiteral,1171,0.014
org.joda.time.format.DateTimeFormatterBuilder.Composite,2580,0.014
org.joda.time.format.DateTimeFormatterBuilder.Composite,2581,0.014
org.joda.time.format.DateTimeFormatterBuilder.Composite,2582,0.014
org.joda.time.format.DateTimeFormatterBuilder.Composite,2583,0.014
org.joda.time.format.DateTimeFormatterBuilder.Composite,2584,0.014
org.joda.time.format.DateTimeFormatterBuilder.Composite,2585,0.014
org.joda.time.format.DateTimeFormatterBuilder.Composite,2586,0.014
org.joda.time.format.DateTimeFormatterBuilder.Composite,2588,0.014
org.joda.time.format.DateTimeFormatterBuilder.Composite,2595,0.014
org.joda.time.format.DateTimeFormatterBuilder.Composite,2596,0.014
org.joda.time.format.DateTimeFormatterBuilder.Composite,2597,0.014
org.joda.time.format.DateTimeFormatterBuilder.Composite,2598,0.014
org.joda.time.format.DateTimeFormatterBuilder.Composite,2599,0.014
org.joda.time.format.DateTimeFormatterBuilder.Composite,2600,0.014
org.joda.time.format.DateTimeFormatterBuilder.Composite,2601,0.014
org.joda.time.format.DateTimeFormatterBuilder.Composite,2603,0.014
org.joda.time.format.DateTimeFormatterBuilder.Composite,2715,0.014
org.joda.time.format.DateTimeFormatterBuilder.Composite,2716,0.014
org.joda.time.format.DateTimeFormatterBuilder.Composite,2717,0.014
org.joda.time.format.DateTimeFormatterBuilder.Composite,2720,0.014
org.joda.time.format.DateTimeFormatterBuilder.Composite,2724,0.014
org.joda.time.format.DateTimeFormatterBuilder.Composite,2725,0.014
org.joda.time.format.DateTimeFormatterBuilder.Composite,2726,0.014
org.joda.time.format.DateTimeFormatterBuilder.Composite,2729,0.014
org.joda.time.format.DateTimeFormatterBuilder.PaddedNumber,1430,0.014
org.joda.time.format.DateTimeFormatterBuilder.PaddedNumber,1425,0.014
org.joda.time.format.DateTimeFormatterBuilder.PaddedNumber,1426,0.014
org.joda.time.format.DateTimeFormatterBuilder.PaddedNumber,1427,0.014
org.joda.time.format.DateTimeFormatterBuilder.NumberFormatter,1281,0.014
org.joda.time.format.DateTimeFormatterBuilder.NumberFormatter,1282,0.014
org.joda.time.format.DateTimeFormatterBuilder.NumberFormatter,1283,0.014
org.joda.time.format.DateTimeFormatterBuilder.NumberFormatter,1284,0.014
org.joda.time.format.DateTimeFormatterBuilder.NumberFormatter,1285,0.014
org.joda.time.format.DateTimeFormatterBuilder,1129,0.014
org.joda.time.format.DateTimeFormatterBuilder,1139,0.014
org.joda.time.format.DateTimeFormatterBuilder.Composite,2701,0.014
org.joda.time.format.DateTimeFormatterBuilder.Composite,2705,0.014
org.joda.time.format.DateTimeFormatterBuilder,1117,0.014
org.joda.time.format.DateTimeFormatterBuilder.Composite,2569,0.014
org.joda.time.format.DateTimeFormatterBuilder.Composite,2571,0.014
org.joda.time.format.DateTimeFormatterBuilder.Composite,2572,0.014
org.joda.time.format.DateTimeFormatterBuilder.Composite,2574,0.014
org.joda.time.format.DateTimeFormatterBuilder.Composite,2576,0.014
org.joda.time.format.DateTimeFormatterBuilder.Composite,2591,0.014
org.joda.time.format.DateTimeFormatterBuilder.Composite,2605,0.014
org.joda.time.format.DateTimeFormatterBuilder.Composite,2713,0.014
org.joda.time.format.DateTimeFormatterBuilder.Composite,2714,0.014
org.joda.time.format.DateTimeFormatterBuilder.Composite,2733,0.014
org.joda.time.base.BaseDateTime,270,0.013
org.joda.time.base.AbstractDateTime,51,0.013
org.joda.time.base.AbstractDateTime,52,0.013
org.joda.time.base.AbstractInstant,61,0.013
org.joda.time.base.AbstractInstant,62,0.013
org.joda.time.PeriodType,674,0.013
org.joda.time.PeriodType,675,0.013
org.joda.time.DurationFieldType.StandardDurationFieldType,304,0.013
org.joda.time.field.FieldUtils,185,0.013
org.joda.time.field.FieldUtils,184,0.012
org.joda.time.DurationFieldType.StandardDurationFieldType,302,0.012
org.joda.time.base.AbstractPeriod,68,0.012
org.joda.time.PeriodType,628,0.011
org.joda.time.chrono.BasicYearDateTimeField,115,0.011
org.joda.time.Period,298,0.01
org.joda.time.Period,299,0.01
org.joda.time.Period,65,0.01
org.joda.time.chrono.BasicDayOfMonthDateTimeField,55,0.01
org.joda.time.convert.ReadableDurationConverter,42,0.01
org.joda.time.convert.ReadableDurationConverter,43,0.01
org.joda.time.convert.ReadableDurationConverter,36,0.01
org.joda.time.DateTimeUtils,287,0.01
org.joda.time.DurationFieldType.StandardDurationFieldType,294,0.01
org.joda.time.base.BasePeriod,329,0.01
org.joda.time.DurationFieldType.StandardDurationFieldType,298,0.01
org.joda.time.field.PreciseDurationDateTimeField,93,0.01
org.joda.time.convert.AbstractConverter,38,0.009
org.joda.time.convert.AbstractConverter,39,0.009
org.joda.time.base.BaseDateTime,284,0.009
org.joda.time.DurationFieldType.StandardDurationFieldType,282,0.008
org.joda.time.DurationFieldType.StandardDurationFieldType,284,0.008
org.joda.time.DateTimeZone,212,0.007
org.joda.time.tz.ZoneInfoProvider,147,0.007
org.joda.time.tz.ZoneInfoProvider,224,0.007
org.joda.time.tz.ZoneInfoProvider,226,0.007
org.joda.time.tz.ZoneInfoProvider,227,0.007
org.joda.time.tz.ZoneInfoProvider,228,0.007
org.joda.time.tz.ZoneInfoProvider,229,0.007
org.joda.time.tz.ZoneInfoProvider,236,0.007
org.joda.time.tz.ZoneInfoProvider,237,0.007
org.joda.time.tz.ZoneInfoProvider,240,0.007
org.joda.time.tz.DateTimeZoneBuilder,119,0.007
org.joda.time.tz.DateTimeZoneBuilder,192,0.007
org.joda.time.tz.DateTimeZoneBuilder,193,0.007
org.joda.time.tz.DateTimeZoneBuilder,194,0.007
org.joda.time.tz.DateTimeZoneBuilder,195,0.007
org.joda.time.tz.DateTimeZoneBuilder,196,0.007
org.joda.time.tz.DateTimeZoneBuilder,200,0.007
org.joda.time.tz.DateTimeZoneBuilder,201,0.007
org.joda.time.tz.DateTimeZoneBuilder,202,0.007
org.joda.time.tz.DateTimeZoneBuilder,203,0.007
org.joda.time.tz.DateTimeZoneBuilder,204,0.007
org.joda.time.tz.DateTimeZoneBuilder,205,0.007
org.joda.time.tz.DateTimeZoneBuilder,209,0.007
org.joda.time.tz.DateTimeZoneBuilder.PrecalculatedZone,1341,0.007
org.joda.time.tz.DateTimeZoneBuilder.PrecalculatedZone,1342,0.007
org.joda.time.tz.DateTimeZoneBuilder.PrecalculatedZone,1343,0.007
org.joda.time.tz.DateTimeZoneBuilder.PrecalculatedZone,1344,0.007
org.joda.time.tz.DateTimeZoneBuilder.PrecalculatedZone,1347,0.007
org.joda.time.tz.DateTimeZoneBuilder.PrecalculatedZone,1348,0.007
org.joda.time.tz.DateTimeZoneBuilder.PrecalculatedZone,1349,0.007
org.joda.time.tz.DateTimeZoneBuilder.PrecalculatedZone,1350,0.007
org.joda.time.tz.DateTimeZoneBuilder.PrecalculatedZone,1351,0.007
org.joda.time.tz.DateTimeZoneBuilder.PrecalculatedZone,1353,0.007
org.joda.time.tz.DateTimeZoneBuilder.PrecalculatedZone,1354,0.007
org.joda.time.tz.DateTimeZoneBuilder.PrecalculatedZone,1355,0.007
org.joda.time.tz.DateTimeZoneBuilder.PrecalculatedZone,1356,0.007
org.joda.time.tz.DateTimeZoneBuilder.PrecalculatedZone,1359,0.007
org.joda.time.tz.DateTimeZoneBuilder.PrecalculatedZone,1360,0.007
org.joda.time.tz.DateTimeZoneBuilder.PrecalculatedZone,1364,0.007
org.joda.time.tz.DateTimeZoneBuilder.PrecalculatedZone,1367,0.007
org.joda.time.tz.DateTimeZoneBuilder.PrecalculatedZone,1370,0.007
org.joda.time.tz.DateTimeZoneBuilder.PrecalculatedZone,1371,0.007
org.joda.time.tz.DateTimeZoneBuilder.PrecalculatedZone,1372,0.007
org.joda.time.tz.DateTimeZoneBuilder.PrecalculatedZone,1375,0.007
org.joda.time.tz.DateTimeZoneBuilder.DSTZone,1166,0.007
org.joda.time.tz.DateTimeZoneBuilder.Recurrence,740,0.007
org.joda.time.tz.DateTimeZoneBuilder.OfYear,482,0.007
org.joda.time.tz.DateTimeZoneBuilder,95,0.007
org.joda.time.tz.DateTimeZoneBuilder,98,0.007
org.joda.time.tz.DateTimeZoneBuilder,110,0.007
org.joda.time.tz.DateTimeZoneBuilder,183,0.007
org.joda.time.tz.DateTimeZoneBuilder,184,0.007
org.joda.time.tz.DateTimeZoneBuilder,187,0.007
org.joda.time.tz.DateTimeZoneBuilder,188,0.007
org.joda.time.tz.DateTimeZoneBuilder.PrecalculatedZone,1500,0.007
org.joda.time.tz.DateTimeZoneBuilder.PrecalculatedZone,1501,0.007
org.joda.time.tz.DateTimeZoneBuilder.PrecalculatedZone,1502,0.007
org.joda.time.tz.DateTimeZoneBuilder.PrecalculatedZone,1503,0.007
org.joda.time.tz.DateTimeZoneBuilder.PrecalculatedZone,1504,0.007
org.joda.time.tz.DateTimeZoneBuilder.PrecalculatedZone,1505,0.007
org.joda.time.tz.DateTimeZoneBuilder.PrecalculatedZone,1506,0.007
org.joda.time.tz.DateTimeZoneBuilder.DSTZone,1176,0.007
org.joda.time.tz.DateTimeZoneBuilder.DSTZone,1177,0.007
org.joda.time.tz.DateTimeZoneBuilder.DSTZone,1178,0.007
org.joda.time.tz.DateTimeZoneBuilder.DSTZone,1179,0.007
org.joda.time.tz.DateTimeZoneBuilder.DSTZone,1180,0.007
org.joda.time.tz.DateTimeZoneBuilder.Recurrence,747,0.007
org.joda.time.tz.DateTimeZoneBuilder.Recurrence,748,0.007
org.joda.time.tz.DateTimeZoneBuilder.Recurrence,749,0.007
org.joda.time.tz.DateTimeZoneBuilder.Recurrence,750,0.007
org.joda.time.tz.DateTimeZoneBuilder.Recurrence,751,0.007
org.joda.time.tz.DateTimeZoneBuilder.OfYear,504,0.007
org.joda.time.tz.DateTimeZoneBuilder.OfYear,505,0.007
org.joda.time.tz.DateTimeZoneBuilder.OfYear,509,0.007
org.joda.time.tz.DateTimeZoneBuilder.OfYear,510,0.007
org.joda.time.tz.DateTimeZoneBuilder.OfYear,511,0.007
org.joda.time.tz.DateTimeZoneBuilder.OfYear,512,0.007
org.joda.time.tz.DateTimeZoneBuilder.OfYear,513,0.007
org.joda.time.tz.DateTimeZoneBuilder.OfYear,514,0.007
org.joda.time.tz.DateTimeZoneBuilder.OfYear,515,0.007
org.joda.time.tz.CachedDateTimeZone,87,0.007
org.joda.time.tz.CachedDateTimeZone,84,0.007
org.joda.time.tz.CachedDateTimeZone,88,0.007
org.joda.time.tz.CachedDateTimeZone,89,0.007
org.joda.time.tz.CachedDateTimeZone,39,0.007
org.joda.time.tz.CachedDateTimeZone,42,0.007
org.joda.time.tz.CachedDateTimeZone,45,0.007
org.joda.time.tz.CachedDateTimeZone,48,0.007
org.joda.time.tz.CachedDateTimeZone,61,0.007
org.joda.time.tz.CachedDateTimeZone,62,0.007
org.joda.time.tz.CachedDateTimeZone,68,0.007
org.joda.time.tz.CachedDateTimeZone,71,0.007
org.joda.time.field.MillisDurationField,117,0.007
org.joda.time.DateTimeZone,955,0.007
org.joda.time.field.PreciseDurationField,104,0.007
org.joda.time.field.PreciseDurationField,105,0.007
org.joda.time.DateTimeZone,951,0.007
org.joda.time.DateTimeZone,952,0.007
org.joda.time.DateTimeZone,953,0.007
org.joda.time.DateTimeZone,954,0.007
org.joda.time.chrono.BasicChronology,153,0.007
org.joda.time.chrono.BasicChronology,157,0.007
org.joda.time.chrono.BasicChronology,159,0.007
org.joda.time.field.FieldUtils,82,0.006
org.joda.time.field.FieldUtils,84,0.006
org.joda.time.field.FieldUtils,88,0.006
org.joda.time.chrono.JulianChronology,162,0.006
org.joda.time.chrono.JulianChronology,163,0.006
org.joda.time.chrono.JulianChronology,71,0.006
org.joda.time.chrono.JulianChronology,74,0.006
org.joda.time.chrono.JulianChronology,75,0.006
org.joda.time.chrono.JulianChronology,114,0.006
org.joda.time.chrono.JulianChronology,125,0.006
org.joda.time.chrono.JulianChronology,129,0.006
org.joda.time.chrono.JulianChronology,130,0.006
org.joda.time.chrono.JulianChronology,131,0.006
org.joda.time.chrono.JulianChronology,132,0.006
org.joda.time.chrono.JulianChronology,133,0.006
org.joda.time.chrono.JulianChronology,136,0.006
org.joda.time.chrono.JulianChronology,140,0.006
org.joda.time.chrono.JulianChronology,141,0.006
org.joda.time.chrono.JulianChronology,142,0.006
org.joda.time.chrono.JulianChronology,143,0.006
org.joda.time.chrono.JulianChronology,149,0.006
org.joda.time.chrono.JulianChronology,151,0.006
org.joda.time.chrono.JulianChronology,152,0.006
org.joda.time.chrono.JulianChronology,241,0.006
org.joda.time.chrono.JulianChronology,245,0.006
org.joda.time.chrono.JulianChronology,249,0.006
org.joda.time.chrono.JulianChronology,257,0.006
org.joda.time.chrono.JulianChronology,265,0.006
org.joda.time.chrono.JulianChronology,266,0.006
org.joda.time.chrono.JulianChronology,268,0.006
org.joda.time.chrono.JulianChronology,269,0.006
org.joda.time.chrono.JulianChronology,271,0.006
org.joda.time.DateTimeZone,924,0.006
org.joda.time.DateTimeZone,925,0.006
org.joda.time.DateTimeZone,927,0.006
org.joda.time.DateTimeZone,930,0.006
org.joda.time.field.PreciseDurationDateTimeField,92,0.006
org.joda.time.chrono.ISOChronology,102,0.006
org.joda.time.DateTime,518,0.006
org.joda.time.DateTime,516,0.006
org.joda.time.field.PreciseDateTimeField,80,0.006
org.joda.time.field.SkipDateTimeField,54,0.005
org.joda.time.field.SkipDateTimeField,55,0.005
org.joda.time.field.DelegatedDateTimeField,212,0.005
org.joda.time.field.SkipDateTimeField,65,0.005
org.joda.time.field.SkipDateTimeField,66,0.005
org.joda.time.field.SkipDateTimeField,67,0.005
org.joda.time.field.SkipDateTimeField,68,0.005
org.joda.time.field.SkipDateTimeField,69,0.005
org.joda.time.field.SkipDateTimeField,75,0.005
org.joda.time.field.SkipDateTimeField,76,0.005
org.joda.time.chrono.BasicWeekyearDateTimeField,224,0.005
org.joda.time.field.DelegatedDateTimeField,52,0.005
org.joda.time.field.DelegatedDateTimeField,53,0.005
org.joda.time.field.DelegatedDateTimeField,62,0.005
org.joda.time.field.DelegatedDateTimeField,63,0.005
org.joda.time.field.DelegatedDateTimeField,66,0.005
org.joda.time.field.DelegatedDateTimeField,67,0.005
org.joda.time.field.DelegatedDateTimeField,68,0.005
org.joda.time.field.PreciseDateTimeField,111,0.005
org.joda.time.field.PreciseDateTimeField,112,0.005
org.joda.time.field.FieldUtils,219,0.005
org.joda.time.field.FieldUtils,214,0.005
org.joda.time.field.PreciseDateTimeField,131,0.005
org.joda.time.chrono.AssembledChronology,107,0.005
org.joda.time.chrono.AssembledChronology,108,0.005
org.joda.time.field.PreciseDateTimeField,79,0.005
org.joda.time.tz.CachedDateTimeZone,123,0.004
org.joda.time.DateTimeZone,1250,0.004
