org.apache.commons.lang3.concurrent.BasicThreadFactory.Builder,253,0.82
org.apache.commons.lang3.SystemUtils,1673,0.289
org.apache.commons.lang3.SystemUtils,1717,0.204
org.apache.commons.lang3.SystemUtils,104,0.018
org.apache.commons.lang3.SystemUtils,127,0.018
org.apache.commons.lang3.SystemUtils,146,0.018
org.apache.commons.lang3.SystemUtils,165,0.018
org.apache.commons.lang3.SystemUtils,184,0.018
org.apache.commons.lang3.SystemUtils,206,0.018
org.apache.commons.lang3.SystemUtils,225,0.018
org.apache.commons.lang3.SystemUtils,244,0.018
org.apache.commons.lang3.SystemUtils,263,0.018
org.apache.commons.lang3.SystemUtils,283,0.018
org.apache.commons.lang3.SystemUtils,302,0.018
org.apache.commons.lang3.SystemUtils,321,0.018
org.apache.commons.lang3.SystemUtils,340,0.018
org.apache.commons.lang3.SystemUtils,359,0.018
org.apache.commons.lang3.SystemUtils,378,0.018
org.apache.commons.lang3.SystemUtils,398,0.018
org.apache.commons.lang3.SystemUtils,418,0.018
org.apache.commons.lang3.SystemUtils,437,0.018
org.apache.commons.lang3.SystemUtils,456,0.018
org.apache.commons.lang3.SystemUtils,475,0.018
org.apache.commons.lang3.SystemUtils,495,0.018
org.apache.commons.lang3.SystemUtils,514,0.018
org.apache.commons.lang3.SystemUtils,533,0.018
org.apache.commons.lang3.SystemUtils,552,0.018
org.apache.commons.lang3.SystemUtils,572,0.018
org.apache.commons.lang3.SystemUtils,591,0.018
org.apache.commons.lang3.SystemUtils,610,0.018
org.apache.commons.lang3.SystemUtils,629,0.018
org.apache.commons.lang3.SystemUtils,648,0.018
org.apache.commons.lang3.SystemUtils,667,0.018
org.apache.commons.lang3.SystemUtils,686,0.018
org.apache.commons.lang3.SystemUtils,705,0.018
org.apache.commons.lang3.SystemUtils,724,0.018
org.apache.commons.lang3.SystemUtils,743,0.018
org.apache.commons.lang3.SystemUtils,762,0.018
org.apache.commons.lang3.SystemUtils,781,0.018
org.apache.commons.lang3.SystemUtils,802,0.018
org.apache.commons.lang3.SystemUtils,822,0.018
org.apache.commons.lang3.SystemUtils,841,0.018
org.apache.commons.lang3.SystemUtils,861,0.018
org.apache.commons.lang3.SystemUtils,880,0.018
org.apache.commons.lang3.SystemUtils,899,0.018
org.apache.commons.lang3.SystemUtils,917,0.018
org.apache.commons.lang3.SystemUtils,943,0.018
org.apache.commons.lang3.SystemUtils,964,0.018
org.apache.commons.lang3.SystemUtils,980,0.018
org.apache.commons.lang3.SystemUtils,991,0.018
org.apache.commons.lang3.SystemUtils,1002,0.018
org.apache.commons.lang3.SystemUtils,1013,0.018
org.apache.commons.lang3.SystemUtils,1024,0.018
org.apache.commons.lang3.SystemUtils,1035,0.018
org.apache.commons.lang3.SystemUtils,1048,0.018
org.apache.commons.lang3.SystemUtils,1069,0.018
org.apache.commons.lang3.SystemUtils,1082,0.018
org.apache.commons.lang3.SystemUtils,1095,0.018
org.apache.commons.lang3.SystemUtils,1108,0.018
org.apache.commons.lang3.SystemUtils,1121,0.018
org.apache.commons.lang3.SystemUtils,1134,0.018
org.apache.commons.lang3.SystemUtils,1147,0.018
org.apache.commons.lang3.SystemUtils,1160,0.018
org.apache.commons.lang3.SystemUtils,1173,0.018
org.apache.commons.lang3.SystemUtils,1186,0.018
org.apache.commons.lang3.SystemUtils,1200,0.018
org.apache.commons.lang3.SystemUtils,1213,0.018
org.apache.commons.lang3.SystemUtils,1226,0.018
org.apache.commons.lang3.SystemUtils,1240,0.018
org.apache.commons.lang3.SystemUtils,1254,0.018
org.apache.commons.lang3.SystemUtils,1268,0.018
org.apache.commons.lang3.SystemUtils,1282,0.018
org.apache.commons.lang3.SystemUtils,1296,0.018
org.apache.commons.lang3.SystemUtils,1309,0.018
org.apache.commons.lang3.SystemUtils,1364,0.018
org.apache.commons.lang3.SystemUtils,1388,0.018
org.apache.commons.lang3.SystemUtils,1401,0.018
org.apache.commons.lang3.SystemUtils,1410,0.018
org.apache.commons.lang3.SystemUtils,1411,0.018
org.apache.commons.lang3.SystemUtils,1412,0.018
org.apache.commons.lang3.SystemUtils,1413,0.018
org.apache.commons.lang3.SystemUtils,1414,0.018
org.apache.commons.lang3.SystemUtils,1431,0.018
org.apache.commons.lang3.SystemUtils,1442,0.018
org.apache.commons.lang3.SystemUtils,1462,0.018
org.apache.commons.lang3.SystemUtils,1574,0.018
org.apache.commons.lang3.SystemUtils,1577,0.018
org.apache.commons.lang3.SystemUtils,1597,0.018
org.apache.commons.lang3.SystemUtils,1600,0.018
org.apache.commons.lang3.SystemUtils,1616,0.018
org.apache.commons.lang3.SystemUtils,1619,0.018
org.apache.commons.lang3.SystemUtils,1716,0.018
org.apache.commons.lang3.SystemUtils,1719,0.018
org.apache.commons.lang3.SystemUtils,1720,0.018
org.apache.commons.lang3.SystemUtils,1721,0.018
org.apache.commons.lang3.SystemUtils,1722,0.018
org.apache.commons.lang3.SystemUtils,1723,0.018
org.apache.commons.lang3.SystemUtils,1724,0.018
org.apache.commons.lang3.SystemUtils,1725,0.018
org.apache.commons.lang3.SystemUtils,1728,0.018
org.apache.commons.lang3.SystemUtils,1752,0.018
org.apache.commons.lang3.SystemUtils,1755,0.018
org.apache.commons.lang3.SystemUtils,1758,0.018
org.apache.commons.lang3.SystemUtils,1759,0.018
org.apache.commons.lang3.SystemUtils,1760,0.018
org.apache.commons.lang3.SystemUtils,1761,0.018
org.apache.commons.lang3.SystemUtils,1762,0.018
org.apache.commons.lang3.SystemUtils,1765,0.018
org.apache.commons.lang3.SystemUtils,1792,0.018
org.apache.commons.lang3.SystemUtils,1795,0.018
org.apache.commons.lang3.SystemUtils,1796,0.018
org.apache.commons.lang3.SystemUtils,1797,0.018
org.apache.commons.lang3.SystemUtils,1798,0.018
org.apache.commons.lang3.SystemUtils,1800,0.018
org.apache.commons.lang3.SystemUtils,1801,0.018
org.apache.commons.lang3.SystemUtils,1803,0.018
org.apache.commons.lang3.SystemUtils,1804,0.018
org.apache.commons.lang3.SystemUtils,1806,0.018
org.apache.commons.lang3.ArrayUtils,56,0.016
org.apache.commons.lang3.ArrayUtils,60,0.016
org.apache.commons.lang3.ArrayUtils,64,0.016
org.apache.commons.lang3.ArrayUtils,68,0.016
org.apache.commons.lang3.ArrayUtils,72,0.016
org.apache.commons.lang3.ArrayUtils,76,0.016
org.apache.commons.lang3.ArrayUtils,80,0.016
org.apache.commons.lang3.ArrayUtils,84,0.016
org.apache.commons.lang3.ArrayUtils,88,0.016
org.apache.commons.lang3.ArrayUtils,92,0.016
org.apache.commons.lang3.ArrayUtils,96,0.016
org.apache.commons.lang3.ArrayUtils,100,0.016
org.apache.commons.lang3.ArrayUtils,104,0.016
org.apache.commons.lang3.ArrayUtils,108,0.016
org.apache.commons.lang3.ArrayUtils,112,0.016
org.apache.commons.lang3.ArrayUtils,116,0.016
org.apache.commons.lang3.ArrayUtils,120,0.016
org.apache.commons.lang3.ArrayUtils,124,0.016
org.apache.commons.lang3.ArrayUtils,128,0.016
