org.jsoup.safety.Cleaner,74,0.667
org.jsoup.safety.Cleaner,76,0.667
org.jsoup.safety.Cleaner,77,0.667
org.jsoup.safety.Cleaner,78,0.667
org.jsoup.safety.Whitelist,513,0.577
org.jsoup.safety.Whitelist,514,0.577
org.jsoup.safety.Whitelist,515,0.577
org.jsoup.safety.Whitelist,516,0.577
org.jsoup.nodes.Entities,121,0.577
org.jsoup.nodes.Entities,122,0.577
org.jsoup.nodes.Entities,124,0.577
org.jsoup.nodes.Entities,125,0.577
org.jsoup.nodes.Entities,126,0.577
org.jsoup.parser.HtmlTreeBuilderState.7,320,0.577
org.jsoup.parser.HtmlTreeBuilderState.7,322,0.577
org.jsoup.parser.HtmlTreeBuilderState.7,323,0.577
org.jsoup.parser.HtmlTreeBuilderState.7,334,0.577
org.jsoup.parser.HtmlTreeBuilderState.18,1324,0.577
org.jsoup.parser.Token.Tag,151,0.516
org.jsoup.Jsoup,250,0.408
org.jsoup.parser.HtmlTreeBuilderState.7,677,0.408
org.jsoup.parser.HtmlTreeBuilderState.7,678,0.408
org.jsoup.parser.HtmlTreeBuilderState.7,330,0.333
org.jsoup.parser.HtmlTreeBuilderState.7,331,0.333
org.jsoup.parser.HtmlTreeBuilderState.7,332,0.333
org.jsoup.safety.Cleaner.CleaningVisitor,118,0.289
org.jsoup.safety.Whitelist,411,0.236
org.jsoup.safety.Whitelist,412,0.236
org.jsoup.safety.Whitelist,413,0.236
org.jsoup.safety.Whitelist,415,0.236
org.jsoup.safety.Whitelist,416,0.236
org.jsoup.safety.Whitelist,420,0.236
org.jsoup.safety.Whitelist,423,0.236
org.jsoup.safety.Whitelist,424,0.236
org.jsoup.safety.Whitelist,426,0.236
org.jsoup.safety.Whitelist,429,0.236
org.jsoup.safety.Whitelist,430,0.236
org.jsoup.safety.Whitelist,432,0.236
org.jsoup.safety.Whitelist,433,0.236
org.jsoup.safety.Whitelist,434,0.236
org.jsoup.safety.Whitelist,435,0.236
org.jsoup.safety.Whitelist,437,0.236
org.jsoup.safety.Whitelist,511,0.236
org.jsoup.safety.Whitelist,512,0.236
org.jsoup.safety.Whitelist,520,0.236
org.jsoup.safety.Whitelist,560,0.236
org.jsoup.safety.Whitelist,561,0.236
org.jsoup.safety.Whitelist,562,0.236
org.jsoup.safety.Whitelist,563,0.236
org.jsoup.safety.Whitelist.Protocol,602,0.236
org.jsoup.safety.Whitelist.Protocol,603,0.236
org.jsoup.safety.Whitelist.Protocol,606,0.236
org.jsoup.safety.Cleaner.CleaningVisitor,110,0.236
org.jsoup.safety.Cleaner.CleaningVisitor,111,0.236
org.jsoup.safety.Cleaner.CleaningVisitor,112,0.236
org.jsoup.safety.Cleaner.CleaningVisitor,113,0.231
org.jsoup.safety.Whitelist,557,0.226
org.jsoup.safety.Whitelist,558,0.226
org.jsoup.safety.Whitelist,559,0.226
org.jsoup.safety.Whitelist,565,0.226
org.jsoup.parser.TokeniserState.17,277,0.226
org.jsoup.parser.TokeniserState.17,279,0.226
org.jsoup.parser.TokeniserState.17,280,0.226
org.jsoup.parser.TokeniserState.17,281,0.226
org.jsoup.parser.TokeniserState.17,291,0.226
org.jsoup.parser.TokeniserState.18,295,0.226
org.jsoup.parser.TokeniserState.18,296,0.226
org.jsoup.parser.TokeniserState.19,300,0.226
org.jsoup.parser.TokeniserState.19,301,0.226
org.jsoup.safety.Cleaner,137,0.226
org.jsoup.safety.Cleaner,138,0.226
org.jsoup.safety.Cleaner,139,0.226
org.jsoup.safety.Cleaner,140,0.226
org.jsoup.safety.Cleaner,142,0.226
org.jsoup.safety.Cleaner,143,0.226
org.jsoup.safety.Cleaner,149,0.226
org.jsoup.safety.Cleaner,150,0.226
org.jsoup.safety.Cleaner,152,0.226
org.jsoup.safety.Cleaner.CleaningVisitor,100,0.226
org.jsoup.safety.Cleaner.CleaningVisitor,101,0.226
org.jsoup.safety.Cleaner.CleaningVisitor,102,0.226
org.jsoup.safety.Cleaner.CleaningVisitor,104,0.226
org.jsoup.safety.Cleaner.CleaningVisitor,105,0.226
org.jsoup.safety.Cleaner.CleaningVisitor,124,0.226
org.jsoup.safety.Cleaner.ElementMeta,159,0.226
org.jsoup.safety.Cleaner.ElementMeta,160,0.226
org.jsoup.safety.Cleaner.ElementMeta,161,0.226
org.jsoup.safety.Cleaner.ElementMeta,162,0.226
org.jsoup.safety.Whitelist,205,0.222
org.jsoup.safety.Whitelist,207,0.222
org.jsoup.safety.Whitelist,208,0.222
org.jsoup.safety.Whitelist,209,0.222
org.jsoup.safety.Whitelist,211,0.222
org.jsoup.safety.Whitelist,252,0.222
org.jsoup.safety.Whitelist,253,0.222
org.jsoup.safety.Whitelist,254,0.222
org.jsoup.safety.Whitelist,256,0.222
org.jsoup.safety.Whitelist,257,0.222
org.jsoup.safety.Whitelist,259,0.222
org.jsoup.safety.Whitelist,260,0.222
org.jsoup.safety.Whitelist,261,0.222
org.jsoup.safety.Whitelist,262,0.222
org.jsoup.safety.Whitelist,264,0.222
org.jsoup.safety.Whitelist,268,0.222
org.jsoup.safety.Whitelist,270,0.222
org.jsoup.parser.TokeniserState.6,78,0.222
org.jsoup.parser.TokeniserState.6,79,0.222
org.jsoup.safety.Whitelist,546,0.218
org.jsoup.safety.Whitelist.TypedValue,628,0.218
org.jsoup.safety.Whitelist.TypedValue,629,0.218
org.jsoup.safety.Whitelist.TypedValue,630,0.218
org.jsoup.safety.Whitelist.TypedValue,631,0.218
org.jsoup.safety.Whitelist.TypedValue,632,0.218
org.jsoup.safety.Whitelist.TypedValue,634,0.218
org.jsoup.safety.Whitelist.TypedValue,635,0.218
org.jsoup.safety.Whitelist.AttributeKey,582,0.218
org.jsoup.safety.Whitelist.AttributeKey,583,0.218
org.jsoup.safety.Whitelist.AttributeKey,586,0.218
org.jsoup.parser.HtmlTreeBuilderState.4,130,0.218
org.jsoup.parser.HtmlTreeBuilderState.4,131,0.218
org.jsoup.parser.HtmlTreeBuilderState.4,132,0.218
org.jsoup.parser.HtmlTreeBuilderState.4,133,0.218
org.jsoup.parser.HtmlTreeBuilderState.7,549,0.218
org.jsoup.parser.HtmlTreeBuilderState.7,550,0.218
org.jsoup.parser.TokeniserState,1628,0.218
org.jsoup.parser.TokeniserState,1629,0.218
org.jsoup.parser.TokeniserState,1630,0.218
org.jsoup.parser.TokeniserState,1631,0.218
org.jsoup.parser.TokeniserState,1632,0.218
org.jsoup.parser.TokeniserState,1635,0.218
org.jsoup.parser.TokeniserState,1636,0.218
org.jsoup.parser.TokeniserState,1637,0.218
org.jsoup.parser.TokeniserState,1638,0.218
org.jsoup.parser.TokeniserState,1650,0.218
org.jsoup.parser.TokeniserState,1651,0.218
org.jsoup.parser.TokeniserState,1652,0.218
org.jsoup.parser.TokeniserState,1657,0.218
org.jsoup.parser.TokeniserState,1661,0.218
org.jsoup.parser.TokeniserState,1665,0.218
org.jsoup.parser.TokeniserState,1670,0.218
org.jsoup.parser.TokeniserState,1671,0.218
org.jsoup.parser.TokeniserState,1697,0.218
org.jsoup.parser.TokeniserState,1698,0.218
org.jsoup.parser.TokeniserState,1699,0.218
org.jsoup.parser.TokeniserState,1704,0.218
org.jsoup.safety.Whitelist,486,0.214
org.jsoup.parser.TokeniserState,1668,0.214
org.jsoup.parser.TokeniserState,1685,0.214
org.jsoup.safety.Cleaner,41,0.214
org.jsoup.safety.Cleaner,42,0.214
org.jsoup.safety.Cleaner,43,0.214
org.jsoup.safety.Cleaner,44,0.214
org.jsoup.safety.Cleaner,130,0.214
org.jsoup.safety.Cleaner,131,0.214
org.jsoup.safety.Cleaner,132,0.214
org.jsoup.safety.Cleaner,133,0.214
org.jsoup.safety.Cleaner.CleaningVisitor,90,0.214
org.jsoup.safety.Cleaner.CleaningVisitor,86,0.214
org.jsoup.safety.Cleaner.CleaningVisitor,91,0.214
org.jsoup.safety.Cleaner.CleaningVisitor,92,0.214
org.jsoup.safety.Cleaner.CleaningVisitor,93,0.214
org.jsoup.safety.Cleaner.CleaningVisitor,96,0.214
org.jsoup.safety.Cleaner.CleaningVisitor,97,0.214
org.jsoup.safety.Cleaner.CleaningVisitor,99,0.214
org.jsoup.safety.Cleaner.CleaningVisitor,106,0.214
org.jsoup.safety.Cleaner.CleaningVisitor,109,0.214
org.jsoup.safety.Cleaner.CleaningVisitor,120,0.214
org.jsoup.safety.Cleaner.CleaningVisitor,123,0.214
org.jsoup.safety.Cleaner.CleaningVisitor,126,0.214
org.jsoup.safety.Whitelist,190,0.211
org.jsoup.safety.Whitelist,191,0.211
org.jsoup.safety.Whitelist,192,0.211
org.jsoup.safety.Whitelist,193,0.211
org.jsoup.safety.Whitelist,194,0.211
org.jsoup.safety.Whitelist,195,0.211
org.jsoup.safety.Whitelist,196,0.211
org.jsoup.safety.Whitelist.TypedValue,613,0.211
org.jsoup.safety.Whitelist.TypedValue,614,0.211
org.jsoup.safety.Whitelist.TypedValue,615,0.211
org.jsoup.safety.Whitelist.TypedValue,616,0.211
org.jsoup.safety.Whitelist.TypedValue,620,0.211
org.jsoup.safety.Whitelist.TypedValue,621,0.211
org.jsoup.safety.Whitelist.TypedValue,622,0.211
org.jsoup.safety.Whitelist.TypedValue,623,0.211
org.jsoup.safety.Whitelist.TagName,572,0.211
org.jsoup.safety.Whitelist.TagName,573,0.211
org.jsoup.safety.Whitelist.TagName,576,0.211
org.jsoup.nodes.Attributes,169,0.207
org.jsoup.parser.HtmlTreeBuilderState.7,775,0.204
org.jsoup.parser.HtmlTreeBuilderState.7,776,0.204
org.jsoup.parser.HtmlTreeBuilderState.7,777,0.204
org.jsoup.nodes.DataNode,23,0.204
org.jsoup.nodes.Attributes,159,0.201
org.jsoup.nodes.Attributes,168,0.187
org.jsoup.parser.HtmlTreeBuilderState.7,684,0.183
org.jsoup.parser.HtmlTreeBuilderState.7,685,0.183
org.jsoup.helper.StringUtil,193,0.183
org.jsoup.safety.Cleaner.CleaningVisitor,107,0.183
org.jsoup.safety.Whitelist,152,0.174
org.jsoup.safety.Whitelist,530,0.174
org.jsoup.nodes.Document,41,0.174
org.jsoup.nodes.Document,43,0.174
org.jsoup.nodes.Document,44,0.174
org.jsoup.nodes.Document,45,0.174
org.jsoup.nodes.Document,46,0.174
org.jsoup.nodes.Document,48,0.174
org.jsoup.nodes.Attribute,68,0.174
org.jsoup.nodes.Attribute,69,0.174
org.jsoup.nodes.Attribute,70,0.174
org.jsoup.nodes.Attribute,71,0.174
org.jsoup.safety.Cleaner,145,0.174
org.jsoup.parser.HtmlTreeBuilder,117,0.168
org.jsoup.parser.HtmlTreeBuilder,118,0.168
org.jsoup.safety.Whitelist,503,0.167
org.jsoup.safety.Whitelist,505,0.167
org.jsoup.safety.Whitelist,526,0.167
org.jsoup.safety.Whitelist,527,0.167
org.jsoup.safety.Whitelist,529,0.167
org.jsoup.safety.Whitelist,532,0.167
org.jsoup.safety.Whitelist,533,0.167
org.jsoup.safety.Whitelist,535,0.167
org.jsoup.safety.Whitelist,543,0.167
org.jsoup.safety.Whitelist,545,0.167
org.jsoup.safety.Whitelist,548,0.167
org.jsoup.safety.Whitelist.TypedValue,640,0.167
org.jsoup.nodes.Attributes,158,0.167
org.jsoup.parser.HtmlTreeBuilder,578,0.167
org.jsoup.parser.HtmlTreeBuilder,581,0.167
org.jsoup.parser.HtmlTreeBuilder,591,0.167
org.jsoup.nodes.Node,91,0.162
org.jsoup.safety.Whitelist,108,0.16
org.jsoup.safety.Whitelist,331,0.16
org.jsoup.safety.Whitelist,332,0.16
org.jsoup.safety.Whitelist,333,0.16
org.jsoup.safety.Whitelist,335,0.16
org.jsoup.safety.Whitelist,336,0.16
org.jsoup.safety.Whitelist,338,0.16
org.jsoup.safety.Whitelist,339,0.16
org.jsoup.safety.Whitelist,341,0.16
org.jsoup.safety.Whitelist,344,0.16
org.jsoup.safety.Whitelist,345,0.16
org.jsoup.safety.Whitelist,346,0.16
org.jsoup.safety.Whitelist,348,0.16
org.jsoup.safety.Whitelist.AttributeValue,592,0.16
org.jsoup.safety.Whitelist.AttributeValue,593,0.16
org.jsoup.safety.Whitelist.AttributeValue,596,0.16
org.jsoup.parser.Parser,156,0.16
org.jsoup.nodes.Element,377,0.16
org.jsoup.nodes.Element,378,0.16
org.jsoup.nodes.Element,379,0.16
org.jsoup.parser.Tokeniser,227,0.159
org.jsoup.parser.Tokeniser,228,0.159
org.jsoup.parser.Tokeniser,231,0.159
org.jsoup.safety.Whitelist,502,0.154
org.jsoup.nodes.Attributes,170,0.154
org.jsoup.nodes.Attributes,172,0.154
org.jsoup.nodes.Attributes,173,0.154
org.jsoup.parser.HtmlTreeBuilderState.8,795,0.154
org.jsoup.parser.HtmlTreeBuilderState.8,797,0.154
org.jsoup.parser.HtmlTreeBuilderState.8,798,0.154
org.jsoup.parser.HtmlTreeBuilderState.8,787,0.153
org.jsoup.parser.HtmlTreeBuilderState.8,789,0.153
org.jsoup.parser.HtmlTreeBuilderState.8,800,0.153
org.jsoup.helper.StringUtil,190,0.149
org.jsoup.helper.StringUtil,192,0.149
org.jsoup.safety.Cleaner,147,0.149
org.jsoup.parser.HtmlTreeBuilderState.7,676,0.147
org.jsoup.parser.CharacterReader,219,0.144
org.jsoup.parser.CharacterReader,220,0.144
org.jsoup.parser.CharacterReader,221,0.144
org.jsoup.parser.CharacterReader,222,0.144
org.jsoup.parser.CharacterReader,223,0.144
org.jsoup.parser.CharacterReader,226,0.144
org.jsoup.parser.CharacterReader,228,0.144
org.jsoup.parser.HtmlTreeBuilder,574,0.144
org.jsoup.parser.HtmlTreeBuilder,575,0.144
org.jsoup.parser.HtmlTreeBuilder,130,0.143
org.jsoup.parser.HtmlTreeBuilder,131,0.143
org.jsoup.parser.HtmlTreeBuilder,134,0.143
org.jsoup.safety.Whitelist,497,0.14
org.jsoup.safety.Whitelist,498,0.14
org.jsoup.safety.Whitelist,500,0.14
org.jsoup.safety.Whitelist,501,0.14
org.jsoup.safety.Cleaner,144,0.14
org.jsoup.safety.Cleaner,148,0.14
org.jsoup.parser.Tag,79,0.135
org.jsoup.parser.HtmlTreeBuilderState.18,1332,0.132
org.jsoup.parser.HtmlTreeBuilder,170,0.132
org.jsoup.parser.HtmlTreeBuilder,172,0.132
org.jsoup.nodes.Node,43,0.128
org.jsoup.nodes.Node,44,0.128
org.jsoup.nodes.Node,137,0.123
org.jsoup.nodes.Attributes,160,0.123
org.jsoup.parser.HtmlTreeBuilderState.7,328,0.12
org.jsoup.parser.TokeniserState,1681,0.115
org.jsoup.parser.TokeniserState,1682,0.115
org.jsoup.parser.Token,361,0.115
org.jsoup.parser.HtmlTreeBuilder,237,0.113
org.jsoup.nodes.DataNode,18,0.113
org.jsoup.nodes.DataNode,19,0.113
org.jsoup.nodes.DataNode,20,0.113
org.jsoup.nodes.Node,273,0.111
org.jsoup.nodes.Node,274,0.111
org.jsoup.nodes.Node,275,0.111
org.jsoup.parser.HtmlTreeBuilder,554,0.109
org.jsoup.parser.HtmlTreeBuilder,555,0.109
org.jsoup.nodes.Attributes,76,0.109
org.jsoup.nodes.Attributes,77,0.109
org.jsoup.nodes.Attributes,78,0.109
org.jsoup.nodes.Document,73,0.108
org.jsoup.nodes.Document,188,0.108
org.jsoup.nodes.Document,190,0.108
org.jsoup.Jsoup,148,0.107
org.jsoup.parser.HtmlTreeBuilderState,1475,0.104
org.jsoup.parser.HtmlTreeBuilderState,1476,0.104
org.jsoup.parser.HtmlTreeBuilderState,1477,0.104
org.jsoup.parser.HtmlTreeBuilderState,1478,0.104
org.jsoup.parser.HtmlTreeBuilderState,1479,0.104
org.jsoup.parser.HtmlTreeBuilderState.4,120,0.104
org.jsoup.parser.HtmlTreeBuilderState.7,548,0.104
org.jsoup.nodes.Document,181,0.103
org.jsoup.nodes.Document,182,0.103
org.jsoup.nodes.Document,184,0.103
org.jsoup.nodes.Document,185,0.103
org.jsoup.nodes.Document,186,0.103
org.jsoup.nodes.Document,187,0.103
org.jsoup.parser.ParseErrorList,20,0.103
org.jsoup.nodes.Document,211,0.102
org.jsoup.parser.Parser,151,0.099
org.jsoup.parser.Parser,152,0.099
org.jsoup.parser.Parser,153,0.099
org.jsoup.parser.Parser,154,0.099
org.jsoup.parser.Parser,155,0.099
org.jsoup.parser.Parser,158,0.099
org.jsoup.parser.Parser,159,0.099
org.jsoup.parser.Parser,161,0.099
org.jsoup.nodes.Node,181,0.098
org.jsoup.nodes.Node,183,0.098
org.jsoup.nodes.Node,186,0.098
org.jsoup.parser.TokeniserState.11,180,0.096
org.jsoup.parser.TokeniserState.11,181,0.096
org.jsoup.parser.TokeniserState.12,197,0.096
org.jsoup.parser.TokeniserState.12,198,0.096
org.jsoup.parser.TokeniserState.12,199,0.096
org.jsoup.parser.TokeniserState.12,200,0.096
org.jsoup.parser.TokeniserState.12,201,0.096
org.jsoup.parser.TokeniserState.12,206,0.096
org.jsoup.parser.TokeniserState.13,210,0.096
org.jsoup.parser.TokeniserState.13,211,0.096
org.jsoup.parser.TokeniserState.13,212,0.096
org.jsoup.parser.TokeniserState.13,213,0.096
org.jsoup.parser.TokeniserState.13,214,0.096
org.jsoup.parser.TokeniserState.13,217,0.096
org.jsoup.parser.TokeniserState.13,218,0.096
org.jsoup.parser.TokeniserState.13,236,0.096
org.jsoup.parser.TokeniserState.13,237,0.096
org.jsoup.parser.TokeniserState.13,238,0.096
org.jsoup.parser.TokeniserState.13,246,0.096
org.jsoup.helper.StringUtil,189,0.096
org.jsoup.parser.HtmlTreeBuilderState.7,327,0.095
org.jsoup.nodes.Entities.EscapeMode,57,0.095
org.jsoup.nodes.Entities.EscapeMode,58,0.095
org.jsoup.parser.Token.Tag,161,0.095
org.jsoup.parser.Token.Tag,162,0.095
org.jsoup.parser.TokeniserState.3,49,0.094
org.jsoup.parser.TokeniserState.3,50,0.094
org.jsoup.parser.TokeniserState.3,60,0.094
org.jsoup.parser.TokeniserState.3,61,0.094
org.jsoup.parser.TokeniserState.11,179,0.094
org.jsoup.parser.TokeniserState.11,193,0.094
org.jsoup.parser.HtmlTreeBuilderState.7,265,0.092
org.jsoup.parser.HtmlTreeBuilderState.7,266,0.092
org.jsoup.parser.HtmlTreeBuilderState.7,303,0.092
org.jsoup.parser.HtmlTreeBuilderState.7,319,0.092
org.jsoup.parser.TokeniserState.3,44,0.092
org.jsoup.parser.TokeniserState.3,64,0.092
org.jsoup.parser.TokeniserState.47,995,0.091
org.jsoup.parser.HtmlTreeBuilder,269,0.09
org.jsoup.parser.TokeniserState.47,982,0.09
org.jsoup.parser.TokeniserState.47,983,0.09
org.jsoup.parser.TokeniserState.48,1001,0.09
org.jsoup.parser.TokeniserState.48,1002,0.09
org.jsoup.parser.TokeniserState.48,1004,0.09
org.jsoup.parser.TokeniserState.48,1005,0.09
org.jsoup.parser.TokeniserState.48,1020,0.09
org.jsoup.parser.TokeniserState.49,1024,0.09
org.jsoup.parser.TokeniserState.49,1025,0.09
org.jsoup.parser.TokeniserState.49,1027,0.09
org.jsoup.parser.TokeniserState.49,1028,0.09
org.jsoup.parser.TokeniserState.49,1029,0.09
org.jsoup.parser.TokeniserState.49,1053,0.09
org.jsoup.parser.Tokeniser,211,0.089
org.jsoup.parser.Tokeniser,212,0.089
org.jsoup.parser.Tokeniser,215,0.089
org.jsoup.parser.Tokeniser,216,0.089
org.jsoup.parser.TokeniserState.44,906,0.089
org.jsoup.parser.TokeniserState.44,907,0.089
org.jsoup.parser.TokeniserState.45,923,0.089
org.jsoup.parser.TokeniserState.45,924,0.089
org.jsoup.parser.TokeniserState.45,944,0.089
org.jsoup.parser.TokeniserState.45,945,0.089
org.jsoup.parser.TokeniserState.45,947,0.089
org.jsoup.parser.TokeniserState.47,979,0.089
org.jsoup.parser.TokeniserState.47,980,0.089
org.jsoup.parser.TokeniserState.47,997,0.089
org.jsoup.parser.HtmlTreeBuilder,228,0.087
org.jsoup.parser.HtmlTreeBuilder,229,0.087
org.jsoup.parser.HtmlTreeBuilder,230,0.087
org.jsoup.parser.HtmlTreeBuilderState.7,299,0.085
org.jsoup.parser.TokeniserState.41,849,0.085
org.jsoup.parser.TokeniserState.41,850,0.085
org.jsoup.parser.HtmlTreeBuilderState.7,751,0.084
org.jsoup.nodes.Entities.EscapeMode,52,0.083
org.jsoup.nodes.Entities.EscapeMode,53,0.083
org.jsoup.nodes.Entities.EscapeMode,54,0.083
org.jsoup.nodes.Entities.EscapeMode,34,0.083
org.jsoup.nodes.Entities.EscapeMode,38,0.083
org.jsoup.nodes.Entities.EscapeMode,42,0.083
org.jsoup.nodes.Entities.EscapeMode,30,0.083
org.jsoup.nodes.Entities,294,0.083
org.jsoup.nodes.Entities,295,0.083
org.jsoup.nodes.Entities,296,0.083
org.jsoup.nodes.Entities,297,0.083
org.jsoup.nodes.Entities,299,0.083
org.jsoup.nodes.Entities,300,0.083
org.jsoup.nodes.Entities,303,0.083
org.jsoup.nodes.Entities,305,0.083
org.jsoup.nodes.Entities,306,0.083
org.jsoup.nodes.Entities,307,0.083
org.jsoup.nodes.Entities,309,0.083
org.jsoup.nodes.Entities,312,0.083
org.jsoup.nodes.Entities,313,0.083
org.jsoup.nodes.Entities,314,0.083
org.jsoup.nodes.Entities,315,0.083
org.jsoup.nodes.Entities,316,0.083
org.jsoup.nodes.Entities,318,0.083
org.jsoup.nodes.Entities,319,0.083
org.jsoup.nodes.Entities,320,0.083
org.jsoup.nodes.Entities,322,0.083
org.jsoup.nodes.Entities,324,0.083
org.jsoup.nodes.Entities,325,0.083
org.jsoup.nodes.Entities,327,0.083
org.jsoup.nodes.Entities,328,0.083
org.jsoup.nodes.Entities,329,0.083
org.jsoup.nodes.Entities,330,0.083
org.jsoup.nodes.Entities,332,0.083
org.jsoup.nodes.Entities,333,0.083
org.jsoup.nodes.Entities,335,0.083
org.jsoup.nodes.Entities,338,0.083
org.jsoup.nodes.Entities,341,0.083
org.jsoup.nodes.Entities,342,0.083
org.jsoup.helper.DataUtil,150,0.083
org.jsoup.helper.DataUtil,151,0.083
org.jsoup.helper.DataUtil,152,0.083
org.jsoup.helper.DataUtil,153,0.083
org.jsoup.helper.DataUtil,155,0.083
org.jsoup.helper.DataUtil,157,0.083
org.jsoup.helper.DataUtil,158,0.083
org.jsoup.helper.DataUtil,159,0.083
org.jsoup.helper.DataUtil,160,0.083
org.jsoup.helper.DataUtil,167,0.083
org.jsoup.helper.DataUtil,170,0.083
org.jsoup.parser.CharacterReader,398,0.083
org.jsoup.parser.CharacterReader,399,0.083
org.jsoup.nodes.Entities,77,0.083
org.jsoup.nodes.Entities,291,0.083
org.jsoup.parser.CharacterReader,65,0.083
org.jsoup.parser.CharacterReader,66,0.083
org.jsoup.parser.CharacterReader,395,0.083
org.jsoup.parser.CharacterReader,396,0.083
org.jsoup.parser.CharacterReader,415,0.083
org.jsoup.parser.CharacterReader,419,0.083
org.jsoup.parser.HtmlTreeBuilderState.7,731,0.083
org.jsoup.parser.HtmlTreeBuilderState.7,734,0.083
org.jsoup.parser.HtmlTreeBuilderState.7,746,0.083
org.jsoup.parser.CharacterReader,48,0.083
org.jsoup.parser.CharacterReader,151,0.083
org.jsoup.parser.CharacterReader,152,0.083
org.jsoup.parser.CharacterReader,153,0.083
org.jsoup.parser.CharacterReader,155,0.083
org.jsoup.parser.CharacterReader,156,0.083
org.jsoup.parser.CharacterReader,157,0.083
org.jsoup.parser.CharacterReader,158,0.083
org.jsoup.parser.CharacterReader,160,0.083
org.jsoup.parser.CharacterReader,163,0.083
org.jsoup.parser.CharacterReader,409,0.083
org.jsoup.parser.CharacterReader,410,0.083
org.jsoup.parser.CharacterReader,411,0.083
org.jsoup.parser.CharacterReader,412,0.083
org.jsoup.parser.CharacterReader,413,0.083
org.jsoup.parser.CharacterReader,414,0.083
org.jsoup.parser.CharacterReader,417,0.083
org.jsoup.helper.Validate,46,0.083
org.jsoup.parser.CharacterReader,378,0.083
org.jsoup.parser.CharacterReader,87,0.083
org.jsoup.parser.CharacterReader,88,0.083
org.jsoup.parser.CharacterReader,89,0.083
org.jsoup.parser.CharacterReader,124,0.083
org.jsoup.parser.CharacterReader,125,0.083
org.jsoup.parser.CharacterReader,126,0.083
org.jsoup.parser.CharacterReader,127,0.083
org.jsoup.parser.CharacterReader,128,0.083
org.jsoup.helper.Validate,44,0.083
org.jsoup.helper.DataUtil,27,0.083
org.jsoup.helper.DataUtil,30,0.083
org.jsoup.parser.CharacterReader,40,0.082
org.jsoup.parser.Token,349,0.082
org.jsoup.parser.HtmlTreeBuilderState.7,529,0.082
org.jsoup.parser.HtmlTreeBuilderState.7,538,0.082
org.jsoup.parser.HtmlTreeBuilderState.7,543,0.082
org.jsoup.parser.HtmlTreeBuilderState.7,701,0.082
org.jsoup.parser.HtmlTreeBuilderState.7,706,0.082
org.jsoup.parser.HtmlTreeBuilderState.7,707,0.082
org.jsoup.parser.HtmlTreeBuilderState.7,709,0.082
org.jsoup.parser.Token.Comment,261,0.082
org.jsoup.parser.Token.Comment,262,0.082
org.jsoup.parser.Token.Comment,263,0.082
org.jsoup.parser.Token.Comment,271,0.082
org.jsoup.nodes.Comment,18,0.082
org.jsoup.nodes.Comment,19,0.082
org.jsoup.nodes.Comment,20,0.082
org.jsoup.parser.CharacterReader,381,0.082
org.jsoup.parser.CharacterReader,382,0.082
org.jsoup.parser.CharacterReader,383,0.082
org.jsoup.parser.CharacterReader,384,0.082
org.jsoup.parser.CharacterReader,388,0.082
org.jsoup.parser.CharacterReader,389,0.082
org.jsoup.parser.CharacterReader,391,0.082
org.jsoup.parser.CharacterReader,392,0.082
org.jsoup.parser.CharacterReader,393,0.082
org.jsoup.parser.CharacterReader,402,0.082
org.jsoup.parser.CharacterReader,373,0.082
org.jsoup.parser.CharacterReader,374,0.082
org.jsoup.parser.CharacterReader,377,0.082
org.jsoup.parser.CharacterReader,21,0.082
org.jsoup.parser.CharacterReader,17,0.082
org.jsoup.parser.CharacterReader,18,0.082
org.jsoup.parser.CharacterReader,19,0.082
org.jsoup.parser.CharacterReader,22,0.082
org.jsoup.parser.CharacterReader,23,0.082
org.jsoup.parser.CharacterReader,24,0.082
org.jsoup.parser.CharacterReader,25,0.082
org.jsoup.parser.HtmlTreeBuilderState.7,501,0.081
org.jsoup.parser.HtmlTreeBuilderState.7,508,0.081
org.jsoup.parser.HtmlTreeBuilderState.7,511,0.081
org.jsoup.parser.HtmlTreeBuilderState.7,514,0.081
org.jsoup.parser.HtmlTreeBuilderState.7,524,0.081
org.jsoup.parser.HtmlTreeBuilderState.8,788,0.08
org.jsoup.helper.Validate,15,0.079
org.jsoup.helper.Validate,17,0.079
org.jsoup.parser.HtmlTreeBuilder,69,0.079
org.jsoup.parser.HtmlTreeBuilderState.2,46,0.079
org.jsoup.parser.HtmlTreeBuilderState.2,47,0.079
org.jsoup.parser.HtmlTreeBuilderState.2,56,0.079
org.jsoup.nodes.Document,559,0.078
org.jsoup.nodes.Document,560,0.078
org.jsoup.parser.HtmlTreeBuilder,68,0.078
org.jsoup.parser.HtmlTreeBuilder,72,0.078
org.jsoup.parser.HtmlTreeBuilder,73,0.078
org.jsoup.parser.HtmlTreeBuilder,75,0.078
org.jsoup.parser.HtmlTreeBuilder,77,0.078
org.jsoup.parser.HtmlTreeBuilder,79,0.078
org.jsoup.parser.HtmlTreeBuilder,81,0.078
org.jsoup.parser.HtmlTreeBuilder,84,0.078
org.jsoup.parser.HtmlTreeBuilder,86,0.078
org.jsoup.parser.HtmlTreeBuilder,87,0.078
org.jsoup.parser.HtmlTreeBuilder,88,0.078
org.jsoup.parser.HtmlTreeBuilder,89,0.078
org.jsoup.parser.HtmlTreeBuilder,93,0.078
org.jsoup.parser.HtmlTreeBuilder,94,0.078
org.jsoup.parser.HtmlTreeBuilder,95,0.078
org.jsoup.parser.HtmlTreeBuilder,96,0.078
org.jsoup.parser.HtmlTreeBuilder,100,0.078
org.jsoup.parser.HtmlTreeBuilder,105,0.078
org.jsoup.parser.HtmlTreeBuilder,390,0.078
org.jsoup.parser.HtmlTreeBuilder,391,0.078
org.jsoup.parser.HtmlTreeBuilderState.7,721,0.078
org.jsoup.parser.Parser,114,0.077
org.jsoup.parser.Parser,115,0.077
org.jsoup.nodes.Element,193,0.077
org.jsoup.nodes.Element,194,0.077
org.jsoup.parser.HtmlTreeBuilder,61,0.077
org.jsoup.parser.HtmlTreeBuilder,62,0.077
org.jsoup.parser.HtmlTreeBuilder,63,0.077
org.jsoup.parser.HtmlTreeBuilder,64,0.077
org.jsoup.parser.HtmlTreeBuilder,65,0.077
org.jsoup.parser.HtmlTreeBuilder,67,0.077
org.jsoup.parser.HtmlTreeBuilder,103,0.077
org.jsoup.parser.HtmlTreeBuilder,104,0.077
org.jsoup.parser.TokeniserState.8,104,0.077
org.jsoup.parser.TokeniserState.8,105,0.077
org.jsoup.parser.TokeniserState.44,905,0.077
org.jsoup.parser.TokeniserState.44,919,0.077
org.jsoup.parser.HtmlTreeBuilderState.7,700,0.077
org.jsoup.nodes.Element,185,0.076
org.jsoup.nodes.Element,186,0.076
org.jsoup.nodes.Element,187,0.076
org.jsoup.nodes.Element,191,0.076
org.jsoup.nodes.Element,192,0.076
org.jsoup.nodes.Element,196,0.076
org.jsoup.parser.HtmlTreeBuilderState.7,451,0.076
org.jsoup.parser.HtmlTreeBuilderState.7,457,0.076
org.jsoup.parser.HtmlTreeBuilderState.7,462,0.076
org.jsoup.parser.HtmlTreeBuilderState.7,494,0.076
org.jsoup.parser.HtmlTreeBuilderState.7,687,0.076
org.jsoup.parser.HtmlTreeBuilderState.7,711,0.076
org.jsoup.parser.HtmlTreeBuilderState.7,683,0.076
org.jsoup.nodes.Node,465,0.075
org.jsoup.parser.HtmlTreeBuilderState.18,1339,0.075
org.jsoup.parser.HtmlTreeBuilderState.7,276,0.075
org.jsoup.parser.HtmlTreeBuilderState.7,287,0.075
org.jsoup.parser.HtmlTreeBuilderState.7,288,0.075
org.jsoup.parser.HtmlTreeBuilderState.7,289,0.075
org.jsoup.parser.HtmlTreeBuilderState.7,681,0.075
org.jsoup.parser.HtmlTreeBuilderState.18,1316,0.075
org.jsoup.parser.HtmlTreeBuilderState.18,1318,0.075
org.jsoup.parser.HtmlTreeBuilderState.18,1320,0.075
org.jsoup.parser.HtmlTreeBuilderState.18,1323,0.075
org.jsoup.parser.HtmlTreeBuilderState.18,1325,0.075
org.jsoup.parser.HtmlTreeBuilder,665,0.074
org.jsoup.parser.HtmlTreeBuilderState.7,675,0.074
org.jsoup.parser.HtmlTreeBuilder,419,0.073
org.jsoup.parser.HtmlTreeBuilder,420,0.073
org.jsoup.parser.HtmlTreeBuilderState.7,665,0.073
org.jsoup.parser.CharacterReader,337,0.072
org.jsoup.parser.CharacterReader,338,0.072
org.jsoup.parser.HtmlTreeBuilder,462,0.071
org.jsoup.parser.HtmlTreeBuilderState.7,662,0.071
org.jsoup.parser.HtmlTreeBuilderState.7,295,0.071
org.jsoup.parser.HtmlTreeBuilderState.7,298,0.071
org.jsoup.nodes.Node,205,0.071
org.jsoup.parser.CharacterReader,288,0.071
org.jsoup.nodes.TextNode,63,0.071
org.jsoup.parser.HtmlTreeBuilderState.7,444,0.07
org.jsoup.parser.HtmlTreeBuilderState.7,449,0.07
org.jsoup.parser.HtmlTreeBuilder,542,0.069
org.jsoup.parser.HtmlTreeBuilder,545,0.069
org.jsoup.nodes.Node,429,0.068
org.jsoup.nodes.Node,430,0.068
org.jsoup.nodes.Node,431,0.068
org.jsoup.nodes.Node,432,0.068
org.jsoup.nodes.Node,433,0.068
org.jsoup.nodes.Node,434,0.068
org.jsoup.parser.HtmlTreeBuilderState.7,651,0.068
org.jsoup.nodes.Element,177,0.068
org.jsoup.parser.HtmlTreeBuilder,476,0.068
org.jsoup.nodes.Attributes,97,0.068
org.jsoup.nodes.Attributes,98,0.068
org.jsoup.nodes.Attributes,99,0.068
org.jsoup.nodes.Attributes,100,0.068
org.jsoup.nodes.Attributes,101,0.068
org.jsoup.parser.HtmlTreeBuilder,448,0.068
org.jsoup.parser.HtmlTreeBuilder,449,0.068
org.jsoup.parser.HtmlTreeBuilderState.7,420,0.068
org.jsoup.parser.HtmlTreeBuilderState.7,421,0.068
org.jsoup.parser.HtmlTreeBuilderState.7,422,0.068
org.jsoup.nodes.Attribute,43,0.068
org.jsoup.nodes.Attribute,31,0.067
org.jsoup.nodes.Attribute,32,0.067
org.jsoup.nodes.Attribute,33,0.067
org.jsoup.nodes.Attribute,34,0.067
org.jsoup.nodes.Attribute,35,0.067
org.jsoup.nodes.Attribute,36,0.067
org.jsoup.nodes.Attribute,15,0.067
org.jsoup.parser.HtmlTreeBuilderState.4,127,0.067
org.jsoup.parser.HtmlTreeBuilderState.4,123,0.066
org.jsoup.helper.Validate,34,0.066
org.jsoup.helper.Validate,36,0.066
org.jsoup.parser.HtmlTreeBuilderState.4,121,0.066
org.jsoup.nodes.Document,555,0.066
org.jsoup.parser.HtmlTreeBuilder,142,0.066
org.jsoup.parser.HtmlTreeBuilderState.7,249,0.066
org.jsoup.parser.HtmlTreeBuilderState.7,250,0.066
org.jsoup.parser.HtmlTreeBuilderState.7,254,0.066
org.jsoup.parser.HtmlTreeBuilderState.7,258,0.066
org.jsoup.parser.HtmlTreeBuilderState.7,259,0.066
org.jsoup.parser.HtmlTreeBuilderState.7,260,0.066
org.jsoup.parser.HtmlTreeBuilderState.7,262,0.066
org.jsoup.parser.HtmlTreeBuilder,400,0.065
org.jsoup.parser.HtmlTreeBuilder,403,0.065
org.jsoup.parser.HtmlTreeBuilder,406,0.065
org.jsoup.parser.HtmlTreeBuilder,409,0.065
org.jsoup.parser.HtmlTreeBuilder,412,0.065
org.jsoup.parser.HtmlTreeBuilder,415,0.065
org.jsoup.parser.HtmlTreeBuilder,418,0.065
org.jsoup.parser.HtmlTreeBuilder,308,0.065
org.jsoup.parser.HtmlTreeBuilder,309,0.065
org.jsoup.parser.HtmlTreeBuilder,310,0.065
org.jsoup.parser.HtmlTreeBuilder,311,0.065
org.jsoup.parser.HtmlTreeBuilder,312,0.065
org.jsoup.parser.HtmlTreeBuilder,314,0.065
org.jsoup.parser.HtmlTreeBuilderState.7,294,0.065
org.jsoup.parser.CharacterReader,336,0.065
org.jsoup.parser.HtmlTreeBuilder,386,0.065
org.jsoup.parser.HtmlTreeBuilder,387,0.065
org.jsoup.parser.HtmlTreeBuilder,388,0.065
org.jsoup.parser.HtmlTreeBuilder,389,0.065
org.jsoup.parser.HtmlTreeBuilder,393,0.065
org.jsoup.parser.HtmlTreeBuilder,394,0.065
org.jsoup.parser.HtmlTreeBuilder,397,0.065
org.jsoup.parser.HtmlTreeBuilder,432,0.065
org.jsoup.parser.CharacterReader,182,0.065
org.jsoup.parser.CharacterReader,183,0.065
org.jsoup.parser.CharacterReader,184,0.065
org.jsoup.parser.CharacterReader,186,0.065
org.jsoup.parser.CharacterReader,187,0.065
org.jsoup.parser.CharacterReader,188,0.065
org.jsoup.parser.CharacterReader,190,0.065
org.jsoup.parser.CharacterReader,191,0.065
org.jsoup.parser.CharacterReader,193,0.065
org.jsoup.parser.TokeniserState.1,29,0.065
org.jsoup.parser.TokeniserState.1,30,0.065
org.jsoup.nodes.Attributes,148,0.065
org.jsoup.parser.CharacterReader,276,0.065
org.jsoup.parser.HtmlTreeBuilderState.4,119,0.065
org.jsoup.parser.HtmlTreeBuilderState.7,764,0.065
org.jsoup.parser.HtmlTreeBuilderState.7,765,0.065
org.jsoup.parser.HtmlTreeBuilderState.7,766,0.065
org.jsoup.parser.HtmlTreeBuilderState.7,767,0.065
org.jsoup.parser.HtmlTreeBuilderState.7,768,0.065
org.jsoup.parser.HtmlTreeBuilder,239,0.064
org.jsoup.parser.HtmlTreeBuilderState.4,107,0.064
org.jsoup.parser.HtmlTreeBuilderState.4,108,0.064
org.jsoup.parser.HtmlTreeBuilderState.4,109,0.064
org.jsoup.parser.HtmlTreeBuilderState.4,111,0.064
org.jsoup.parser.HtmlTreeBuilderState.4,116,0.064
org.jsoup.parser.HtmlTreeBuilderState.7,558,0.064
org.jsoup.parser.HtmlTreeBuilderState.7,559,0.064
org.jsoup.parser.HtmlTreeBuilderState.7,560,0.064
org.jsoup.parser.TokeniserState.8,107,0.064
org.jsoup.parser.TokeniserState.8,108,0.064
org.jsoup.parser.TokeniserState.9,127,0.064
org.jsoup.parser.TokeniserState.9,131,0.064
org.jsoup.parser.TokeniserState.9,132,0.064
org.jsoup.parser.TokeniserState.9,133,0.064
org.jsoup.parser.TokeniserState.9,141,0.064
org.jsoup.parser.CharacterReader,281,0.064
org.jsoup.parser.CharacterReader,282,0.064
org.jsoup.parser.CharacterReader,285,0.064
org.jsoup.parser.CharacterReader,286,0.064
org.jsoup.parser.HtmlTreeBuilder,447,0.064
org.jsoup.parser.Tokeniser,59,0.064
org.jsoup.parser.Tokeniser,60,0.064
org.jsoup.parser.Tokeniser,61,0.064
org.jsoup.parser.HtmlTreeBuilder,235,0.064
org.jsoup.parser.HtmlTreeBuilder,236,0.064
org.jsoup.parser.HtmlTreeBuilder,240,0.064
org.jsoup.parser.HtmlTreeBuilder,241,0.064
org.jsoup.nodes.Attributes,146,0.063
org.jsoup.nodes.Attributes,147,0.063
org.jsoup.nodes.Node,111,0.063
org.jsoup.nodes.Node,113,0.063
org.jsoup.nodes.Node,118,0.063
org.jsoup.parser.HtmlTreeBuilder,438,0.063
org.jsoup.parser.HtmlTreeBuilder,439,0.063
org.jsoup.parser.HtmlTreeBuilder,443,0.063
org.jsoup.parser.HtmlTreeBuilder,444,0.063
org.jsoup.parser.HtmlTreeBuilder,445,0.063
org.jsoup.parser.HtmlTreeBuilder,446,0.063
org.jsoup.parser.HtmlTreeBuilder,466,0.063
org.jsoup.parser.Tokeniser,89,0.063
org.jsoup.parser.Tokeniser,90,0.063
org.jsoup.parser.Tokeniser,98,0.063
org.jsoup.parser.Token.Character,290,0.063
org.jsoup.parser.Token.Character,291,0.063
org.jsoup.helper.StringUtil,152,0.063
org.jsoup.nodes.Attributes,144,0.063
org.jsoup.parser.Token,357,0.063
org.jsoup.parser.HtmlTreeBuilderState.7,432,0.063
org.jsoup.parser.HtmlTreeBuilderState.7,437,0.063
org.jsoup.parser.Token.Character,295,0.063
org.jsoup.parser.Token.Character,296,0.063
org.jsoup.parser.Token.Character,300,0.063
org.jsoup.nodes.Node,49,0.063
org.jsoup.nodes.Node,50,0.063
org.jsoup.nodes.Node,51,0.063
org.jsoup.nodes.Node,52,0.063
org.jsoup.nodes.TextNode,28,0.063
org.jsoup.nodes.TextNode,29,0.063
org.jsoup.nodes.TextNode,30,0.063
org.jsoup.nodes.TextNode,31,0.063
org.jsoup.nodes.Node,470,0.062
org.jsoup.nodes.Node,473,0.062
org.jsoup.parser.HtmlTreeBuilder,559,0.062
org.jsoup.parser.HtmlTreeBuilder,598,0.062
org.jsoup.parser.HtmlTreeBuilder,599,0.062
org.jsoup.parser.HtmlTreeBuilder,600,0.062
org.jsoup.parser.Tokeniser,80,0.062
org.jsoup.parser.Tokeniser,81,0.062
org.jsoup.parser.HtmlTreeBuilderState.7,273,0.062
org.jsoup.parser.HtmlTreeBuilderState.7,274,0.062
org.jsoup.parser.HtmlTreeBuilderState.7,275,0.062
org.jsoup.parser.HtmlTreeBuilderState.7,290,0.062
org.jsoup.parser.TokeniserState.10,163,0.061
org.jsoup.parser.TokeniserState.10,164,0.061
org.jsoup.parser.TokeniserState.10,165,0.061
org.jsoup.parser.HtmlTreeBuilderState,1461,0.061
org.jsoup.parser.HtmlTreeBuilderState.4,95,0.061
org.jsoup.parser.HtmlTreeBuilderState.4,99,0.061
org.jsoup.parser.HtmlTreeBuilderState.4,157,0.061
org.jsoup.helper.StringUtil,158,0.061
org.jsoup.parser.HtmlTreeBuilderState.Constants,1491,0.061
org.jsoup.parser.HtmlTreeBuilderState.Constants,1492,0.061
org.jsoup.parser.HtmlTreeBuilderState.Constants,1495,0.061
org.jsoup.parser.HtmlTreeBuilderState.Constants,1496,0.061
org.jsoup.parser.HtmlTreeBuilderState.Constants,1497,0.061
org.jsoup.parser.HtmlTreeBuilderState.Constants,1498,0.061
org.jsoup.parser.HtmlTreeBuilderState.Constants,1499,0.061
org.jsoup.parser.HtmlTreeBuilderState.Constants,1500,0.061
org.jsoup.parser.HtmlTreeBuilderState.Constants,1501,0.061
org.jsoup.parser.HtmlTreeBuilderState.Constants,1502,0.061
org.jsoup.parser.HtmlTreeBuilderState.Constants,1503,0.061
org.jsoup.parser.HtmlTreeBuilderState.Constants,1504,0.061
org.jsoup.parser.HtmlTreeBuilderState.Constants,1505,0.061
org.jsoup.parser.HtmlTreeBuilderState.Constants,1506,0.061
org.jsoup.parser.HtmlTreeBuilderState.Constants,1507,0.061
org.jsoup.parser.HtmlTreeBuilderState.Constants,1510,0.061
org.jsoup.parser.HtmlTreeBuilderState.Constants,1511,0.061
org.jsoup.parser.HtmlTreeBuilder,260,0.061
org.jsoup.parser.HtmlTreeBuilder,261,0.061
org.jsoup.parser.Token,337,0.061
org.jsoup.helper.StringUtil,154,0.06
org.jsoup.nodes.Attributes,177,0.06
org.jsoup.helper.StringUtil,150,0.06
org.jsoup.helper.StringUtil,151,0.06
org.jsoup.parser.ParseSettings,53,0.059
org.jsoup.parser.HtmlTreeBuilder,138,0.059
org.jsoup.parser.HtmlTreeBuilder,139,0.059
org.jsoup.parser.HtmlTreeBuilder,177,0.059
org.jsoup.parser.HtmlTreeBuilder,185,0.059
org.jsoup.parser.HtmlTreeBuilder,186,0.059
org.jsoup.parser.HtmlTreeBuilder,187,0.059
org.jsoup.parser.HtmlTreeBuilder,197,0.059
org.jsoup.parser.HtmlTreeBuilder,198,0.059
org.jsoup.parser.HtmlTreeBuilder,199,0.059
org.jsoup.parser.HtmlTreeBuilderState,1457,0.059
org.jsoup.parser.Token,353,0.059
org.jsoup.parser.HtmlTreeBuilderState.7,247,0.059
org.jsoup.parser.HtmlTreeBuilderState.7,760,0.059
org.jsoup.parser.Tag,178,0.059
org.jsoup.parser.HtmlTreeBuilder,245,0.059
org.jsoup.parser.HtmlTreeBuilder,247,0.059
org.jsoup.parser.HtmlTreeBuilder,250,0.059
org.jsoup.parser.HtmlTreeBuilder,253,0.059
org.jsoup.parser.HtmlTreeBuilder,257,0.059
org.jsoup.parser.HtmlTreeBuilder,505,0.059
org.jsoup.parser.Token.Tag,124,0.059
org.jsoup.parser.Token.Tag,128,0.059
org.jsoup.parser.Token.Tag,136,0.059
org.jsoup.parser.Tokeniser,75,0.059
org.jsoup.parser.Tokeniser,76,0.059
org.jsoup.parser.Tokeniser,77,0.059
org.jsoup.parser.Tokeniser,206,0.059
org.jsoup.parser.Tokeniser,207,0.059
org.jsoup.parser.Tokeniser,208,0.059
org.jsoup.nodes.Attributes,176,0.059
org.jsoup.parser.HtmlTreeBuilder,112,0.059
org.jsoup.parser.HtmlTreeBuilder,113,0.059
org.jsoup.parser.HtmlTreeBuilder,122,0.059
org.jsoup.parser.HtmlTreeBuilder,123,0.059
org.jsoup.parser.HtmlTreeBuilderState,11,0.059
org.jsoup.parser.HtmlTreeBuilderState,1490,0.059
org.jsoup.parser.HtmlTreeBuilderState,12,0.059
org.jsoup.parser.HtmlTreeBuilderState,36,0.059
org.jsoup.parser.HtmlTreeBuilderState,65,0.059
org.jsoup.parser.HtmlTreeBuilderState,93,0.059
org.jsoup.parser.HtmlTreeBuilderState,165,0.059
org.jsoup.parser.HtmlTreeBuilderState,194,0.059
org.jsoup.parser.HtmlTreeBuilderState,245,0.059
org.jsoup.parser.HtmlTreeBuilderState,784,0.059
org.jsoup.parser.HtmlTreeBuilderState,803,0.059
org.jsoup.parser.HtmlTreeBuilderState,903,0.059
org.jsoup.parser.HtmlTreeBuilderState,940,0.059
org.jsoup.parser.HtmlTreeBuilderState,975,0.059
org.jsoup.parser.HtmlTreeBuilderState,1030,0.059
org.jsoup.parser.HtmlTreeBuilderState,1090,0.059
org.jsoup.parser.HtmlTreeBuilderState,1151,0.059
org.jsoup.parser.HtmlTreeBuilderState,1208,0.059
org.jsoup.parser.HtmlTreeBuilderState,1296,0.059
org.jsoup.parser.HtmlTreeBuilderState,1314,0.059
org.jsoup.parser.HtmlTreeBuilderState,1342,0.059
org.jsoup.parser.HtmlTreeBuilderState,1388,0.059
org.jsoup.parser.HtmlTreeBuilderState,1412,0.059
org.jsoup.parser.HtmlTreeBuilderState,1428,0.059
org.jsoup.parser.HtmlTreeBuilderState,1445,0.059
org.jsoup.parser.HtmlTreeBuilderState,11,0.059
org.jsoup.parser.HtmlTreeBuilderState,1452,0.059
org.jsoup.parser.HtmlTreeBuilderState.24,99,0.059
org.jsoup.parser.CharacterReader,198,0.059
org.jsoup.parser.CharacterReader,199,0.059
org.jsoup.parser.CharacterReader,200,0.059
org.jsoup.parser.CharacterReader,202,0.059
org.jsoup.parser.CharacterReader,203,0.059
org.jsoup.parser.CharacterReader,204,0.059
org.jsoup.parser.CharacterReader,206,0.059
org.jsoup.parser.CharacterReader,207,0.059
org.jsoup.parser.CharacterReader,209,0.059
org.jsoup.parser.Token.Tag,156,0.059
org.jsoup.parser.Token.Tag,157,0.059
org.jsoup.parser.Token.Tag,158,0.059
org.jsoup.parser.Tokeniser,201,0.059
org.jsoup.parser.Tokeniser,202,0.059
org.jsoup.parser.TokeniserState.8,113,0.059
org.jsoup.parser.TokeniserState.8,114,0.059
org.jsoup.parser.TokeniserState.8,115,0.059
org.jsoup.parser.TokeniserState.10,148,0.059
org.jsoup.parser.TokeniserState.10,149,0.059
org.jsoup.parser.TokeniserState.10,151,0.059
org.jsoup.parser.TokeniserState.10,174,0.059
org.jsoup.parser.Token,341,0.059
org.jsoup.nodes.Node,246,0.059
org.jsoup.select.NodeTraversor,33,0.059
org.jsoup.select.NodeTraversor,34,0.059
org.jsoup.select.NodeTraversor,37,0.059
org.jsoup.select.NodeTraversor,38,0.059
org.jsoup.select.NodeTraversor,39,0.059
org.jsoup.parser.CharacterReader,322,0.059
org.jsoup.parser.CharacterReader,324,0.059
org.jsoup.parser.CharacterReader,325,0.059
org.jsoup.parser.TokeniserState.1,19,0.059
org.jsoup.parser.TokeniserState.1,20,0.059
org.jsoup.parser.TokeniserState.8,102,0.059
org.jsoup.parser.TokeniserState.8,123,0.059
org.jsoup.nodes.Node,196,0.058
org.jsoup.parser.ParseSettings,52,0.058
org.jsoup.parser.ParseSettings,57,0.058
org.jsoup.parser.Tokeniser,121,0.058
org.jsoup.parser.Tokeniser,122,0.058
org.jsoup.parser.Tokeniser,123,0.058
org.jsoup.parser.Tokeniser,117,0.058
org.jsoup.parser.Tokeniser,118,0.058
org.jsoup.parser.TreeBuilder,55,0.058
org.jsoup.parser.TokeniserState.37,698,0.058
org.jsoup.parser.TokeniserState.37,699,0.058
org.jsoup.parser.TokeniserState.39,762,0.058
org.jsoup.parser.TokeniserState.39,763,0.058
org.jsoup.parser.TokeniserState.39,764,0.058
org.jsoup.parser.TokeniserState.39,768,0.058
org.jsoup.parser.TokeniserState.39,769,0.058
org.jsoup.parser.TokeniserState.39,771,0.058
org.jsoup.parser.TokeniserState.39,772,0.058
org.jsoup.parser.TokeniserState.39,790,0.058
org.jsoup.helper.Validate,53,0.058
org.jsoup.helper.Validate,55,0.058
org.jsoup.parser.Token,28,0.058
org.jsoup.parser.Token,29,0.058
org.jsoup.parser.Token,31,0.058
org.jsoup.parser.Token,333,0.058
org.jsoup.parser.Token.Tag,88,0.058
org.jsoup.parser.Token.Tag,89,0.058
org.jsoup.parser.Token.Tag,90,0.058
org.jsoup.parser.Token.Tag,91,0.058
org.jsoup.parser.Token.Tag,92,0.058
org.jsoup.parser.Token.Tag,93,0.058
org.jsoup.parser.Token.Tag,94,0.058
org.jsoup.parser.Token.Tag,95,0.058
org.jsoup.parser.Token.Tag,96,0.058
org.jsoup.parser.Token.Tag,97,0.058
org.jsoup.parser.Token.Tag,131,0.058
org.jsoup.parser.Token.Tag,132,0.058
org.jsoup.parser.Token.Tag,146,0.058
org.jsoup.parser.Token.StartTag,221,0.058
org.jsoup.parser.Token.StartTag,222,0.058
org.jsoup.parser.Token.StartTag,224,0.058
org.jsoup.parser.TokeniserState.1,26,0.058
org.jsoup.parser.TokeniserState.1,27,0.058
org.jsoup.nodes.Node,505,0.058
org.jsoup.helper.Validate,63,0.058
org.jsoup.helper.Validate,65,0.058
org.jsoup.nodes.Element,79,0.058
org.jsoup.parser.TreeBuilder,29,0.058
org.jsoup.parser.TreeBuilder,30,0.058
org.jsoup.parser.TreeBuilder,32,0.058
org.jsoup.parser.TreeBuilder,33,0.058
org.jsoup.parser.TreeBuilder,34,0.058
org.jsoup.parser.TreeBuilder,35,0.058
org.jsoup.parser.TreeBuilder,36,0.058
org.jsoup.parser.TreeBuilder,37,0.058
org.jsoup.parser.TreeBuilder,38,0.058
org.jsoup.parser.TreeBuilder,39,0.058
org.jsoup.parser.TreeBuilder,49,0.058
org.jsoup.parser.TreeBuilder,50,0.058
org.jsoup.parser.TreeBuilder,51,0.058
org.jsoup.parser.TreeBuilder,53,0.058
org.jsoup.parser.TreeBuilder,54,0.058
org.jsoup.parser.TreeBuilder,56,0.058
org.jsoup.parser.TreeBuilder,85,0.058
org.jsoup.parser.TreeBuilder,86,0.058
org.jsoup.parser.HtmlTreeBuilder,46,0.058
org.jsoup.parser.HtmlTreeBuilder,34,0.058
org.jsoup.parser.HtmlTreeBuilder,38,0.058
org.jsoup.parser.HtmlTreeBuilder,39,0.058
org.jsoup.parser.HtmlTreeBuilder,40,0.058
org.jsoup.parser.HtmlTreeBuilder,42,0.058
org.jsoup.parser.HtmlTreeBuilder,43,0.058
org.jsoup.parser.HtmlTreeBuilder,44,0.058
org.jsoup.parser.HtmlTreeBuilder,435,0.058
org.jsoup.parser.HtmlTreeBuilder,14,0.058
org.jsoup.parser.HtmlTreeBuilder,16,0.058
org.jsoup.parser.HtmlTreeBuilder,17,0.058
org.jsoup.parser.HtmlTreeBuilder,18,0.058
org.jsoup.parser.HtmlTreeBuilder,19,0.058
org.jsoup.parser.HtmlTreeBuilder,20,0.058
org.jsoup.parser.HtmlTreeBuilder,21,0.058
org.jsoup.parser.HtmlTreeBuilder,22,0.058
org.jsoup.parser.HtmlTreeBuilder,49,0.058
org.jsoup.parser.Tokeniser,44,0.058
org.jsoup.parser.Tokeniser,49,0.058
org.jsoup.parser.Tokeniser,50,0.058
org.jsoup.parser.Tokeniser,53,0.058
org.jsoup.parser.Tokeniser,58,0.058
org.jsoup.parser.Tokeniser,63,0.058
org.jsoup.parser.Tokeniser,64,0.058
org.jsoup.parser.Tokeniser,69,0.058
org.jsoup.parser.Tokeniser,71,0.058
org.jsoup.parser.Tokeniser,72,0.058
org.jsoup.parser.Tokeniser,74,0.058
org.jsoup.parser.Tokeniser,79,0.058
org.jsoup.parser.Tokeniser,84,0.058
org.jsoup.parser.TokeniserState.1,14,0.058
org.jsoup.parser.TokeniserState.1,33,0.058
org.jsoup.parser.Token.EOF,310,0.058
org.jsoup.parser.Token.EOF,311,0.058
org.jsoup.parser.Token.EOF,312,0.058
org.jsoup.parser.Token.EOF,316,0.058
org.jsoup.nodes.Node,500,0.058
org.jsoup.nodes.Node,501,0.058
org.jsoup.nodes.Node,502,0.058
org.jsoup.nodes.Element,110,0.058
org.jsoup.select.NodeTraversor,18,0.058
org.jsoup.select.NodeTraversor,19,0.058
org.jsoup.select.NodeTraversor,20,0.058
org.jsoup.select.NodeTraversor,27,0.058
org.jsoup.select.NodeTraversor,28,0.058
org.jsoup.select.NodeTraversor,30,0.058
org.jsoup.select.NodeTraversor,31,0.058
org.jsoup.select.NodeTraversor,32,0.058
org.jsoup.select.NodeTraversor,36,0.058
org.jsoup.select.NodeTraversor,41,0.058
org.jsoup.select.NodeTraversor,42,0.058
org.jsoup.select.NodeTraversor,43,0.058
org.jsoup.select.NodeTraversor,47,0.058
org.jsoup.nodes.Node,497,0.058
org.jsoup.nodes.Node,226,0.057
org.jsoup.parser.ParseErrorList,28,0.057
org.jsoup.parser.ParseErrorList,15,0.057
org.jsoup.parser.ParseErrorList,16,0.057
org.jsoup.parser.ParseErrorList,17,0.057
org.jsoup.parser.Tokeniser,38,0.057
org.jsoup.parser.Tokeniser,22,0.057
org.jsoup.parser.Tokeniser,24,0.057
org.jsoup.parser.Tokeniser,25,0.057
org.jsoup.parser.Tokeniser,26,0.057
org.jsoup.parser.Tokeniser,27,0.057
org.jsoup.parser.Tokeniser,30,0.057
org.jsoup.parser.Tokeniser,31,0.057
org.jsoup.parser.Tokeniser,32,0.057
org.jsoup.parser.Tokeniser,33,0.057
org.jsoup.parser.Tokeniser,34,0.057
org.jsoup.parser.Tokeniser,36,0.057
org.jsoup.parser.Tokeniser,129,0.057
org.jsoup.parser.Tokeniser,130,0.057
org.jsoup.parser.Tokeniser,39,0.057
org.jsoup.parser.Tokeniser,40,0.057
org.jsoup.parser.Tokeniser,41,0.057
org.jsoup.parser.Tokeniser,13,0.057
org.jsoup.parser.Tokeniser,16,0.057
org.jsoup.parser.Tokeniser,17,0.057
org.jsoup.parser.TokeniserState,10,0.057
org.jsoup.parser.TokeniserState,11,0.057
org.jsoup.parser.TokeniserState,35,0.057
org.jsoup.parser.TokeniserState,41,0.057
org.jsoup.parser.TokeniserState,66,0.057
org.jsoup.parser.TokeniserState,71,0.057
org.jsoup.parser.TokeniserState,76,0.057
org.jsoup.parser.TokeniserState,81,0.057
org.jsoup.parser.TokeniserState,99,0.057
org.jsoup.parser.TokeniserState,125,0.057
org.jsoup.parser.TokeniserState,143,0.057
org.jsoup.parser.TokeniserState,176,0.057
org.jsoup.parser.TokeniserState,195,0.057
org.jsoup.parser.TokeniserState,208,0.057
org.jsoup.parser.TokeniserState,254,0.057
org.jsoup.parser.TokeniserState,265,0.057
org.jsoup.parser.TokeniserState,270,0.057
org.jsoup.parser.TokeniserState,275,0.057
org.jsoup.parser.TokeniserState,293,0.057
org.jsoup.parser.TokeniserState,298,0.057
org.jsoup.parser.TokeniserState,303,0.057
org.jsoup.parser.TokeniserState,313,0.057
org.jsoup.parser.TokeniserState,323,0.057
org.jsoup.parser.TokeniserState,350,0.057
org.jsoup.parser.TokeniserState,378,0.057
org.jsoup.parser.TokeniserState,409,0.057
org.jsoup.parser.TokeniserState,425,0.057
org.jsoup.parser.TokeniserState,438,0.057
org.jsoup.parser.TokeniserState,443,0.057
org.jsoup.parser.TokeniserState,448,0.057
org.jsoup.parser.TokeniserState,475,0.057
org.jsoup.parser.TokeniserState,502,0.057
org.jsoup.parser.TokeniserState,532,0.057
org.jsoup.parser.TokeniserState,543,0.057
org.jsoup.parser.TokeniserState,548,0.057
org.jsoup.parser.TokeniserState,592,0.057
org.jsoup.parser.TokeniserState,634,0.057
org.jsoup.parser.TokeniserState,679,0.057
org.jsoup.parser.TokeniserState,728,0.057
org.jsoup.parser.TokeniserState,760,0.057
org.jsoup.parser.TokeniserState,792,0.057
org.jsoup.parser.TokeniserState,840,0.057
org.jsoup.parser.TokeniserState,870,0.057
org.jsoup.parser.TokeniserState,890,0.057
org.jsoup.parser.TokeniserState,903,0.057
org.jsoup.parser.TokeniserState,921,0.057
org.jsoup.parser.TokeniserState,949,0.057
org.jsoup.parser.TokeniserState,977,0.057
org.jsoup.parser.TokeniserState,999,0.057
org.jsoup.parser.TokeniserState,1022,0.057
org.jsoup.parser.TokeniserState,1055,0.057
org.jsoup.parser.TokeniserState,1083,0.057
org.jsoup.parser.TokeniserState,1110,0.057
org.jsoup.parser.TokeniserState,1145,0.057
org.jsoup.parser.TokeniserState,1180,0.057
org.jsoup.parser.TokeniserState,1208,0.057
org.jsoup.parser.TokeniserState,1248,0.057
org.jsoup.parser.TokeniserState,1285,0.057
org.jsoup.parser.TokeniserState,1313,0.057
org.jsoup.parser.TokeniserState,1341,0.057
org.jsoup.parser.TokeniserState,1379,0.057
org.jsoup.parser.TokeniserState,1416,0.057
org.jsoup.parser.TokeniserState,1456,0.057
org.jsoup.parser.TokeniserState,1493,0.057
org.jsoup.parser.TokeniserState,1521,0.057
org.jsoup.parser.TokeniserState,1549,0.057
org.jsoup.parser.TokeniserState,1576,0.057
org.jsoup.parser.TokeniserState,1594,0.057
org.jsoup.parser.TokeniserState,10,0.057
org.jsoup.parser.TokeniserState,1607,0.057
org.jsoup.parser.TokeniserState,1608,0.057
org.jsoup.parser.TokeniserState,1609,0.057
org.jsoup.parser.TokeniserState,1610,0.057
org.jsoup.parser.TokeniserState,1613,0.057
org.jsoup.parser.TokeniserState,1617,0.057
org.jsoup.parser.TokeniserState,1618,0.057
org.jsoup.parser.TokeniserState,1619,0.057
org.jsoup.parser.TokeniserState,1620,0.057
org.jsoup.parser.TokeniserState,1621,0.057
org.jsoup.parser.Token.Character,284,0.057
org.jsoup.parser.Token.Character,285,0.057
org.jsoup.parser.Token.Character,286,0.057
org.jsoup.parser.Token.Doctype,40,0.057
org.jsoup.parser.Token.Doctype,34,0.057
org.jsoup.parser.Token.Doctype,35,0.057
org.jsoup.parser.Token.Doctype,36,0.057
org.jsoup.parser.Token.Doctype,37,0.057
org.jsoup.parser.Token.Doctype,38,0.057
org.jsoup.parser.Token.Doctype,41,0.057
org.jsoup.parser.Token.Doctype,42,0.057
org.jsoup.parser.Token.Comment,266,0.057
org.jsoup.parser.Token.Comment,256,0.057
org.jsoup.parser.Token.Comment,257,0.057
org.jsoup.parser.Token.Comment,267,0.057
org.jsoup.parser.Token.Comment,268,0.057
org.jsoup.nodes.Element,88,0.057
org.jsoup.parser.CharacterReader,52,0.057
org.jsoup.parser.CharacterReader,53,0.057
org.jsoup.parser.CharacterReader,54,0.057
org.jsoup.parser.Tag,37,0.057
org.jsoup.parser.TreeBuilder,13,0.057
org.jsoup.parser.TreeBuilder,23,0.057
org.jsoup.parser.TreeBuilder,24,0.057
org.jsoup.nodes.Node,410,0.057
org.jsoup.nodes.Node,412,0.057
org.jsoup.nodes.Node,413,0.057
org.jsoup.nodes.Node,458,0.057
org.jsoup.nodes.Node,459,0.057
org.jsoup.nodes.Node,461,0.057
org.jsoup.nodes.Node,464,0.057
org.jsoup.nodes.Node,466,0.057
org.jsoup.nodes.Node,467,0.057
org.jsoup.nodes.Node,533,0.057
org.jsoup.nodes.Node,534,0.057
org.jsoup.nodes.Element,324,0.057
org.jsoup.nodes.Element,327,0.057
org.jsoup.nodes.Element,328,0.057
org.jsoup.nodes.Element,329,0.057
org.jsoup.nodes.Element,330,0.057
org.jsoup.nodes.Element,331,0.057
org.jsoup.helper.Validate,25,0.057
org.jsoup.helper.Validate,27,0.057
org.jsoup.nodes.Document,31,0.056
org.jsoup.nodes.Document,19,0.056
org.jsoup.nodes.Document,20,0.056
org.jsoup.nodes.Document,22,0.056
org.jsoup.nodes.Document,32,0.056
org.jsoup.nodes.Document,33,0.056
org.jsoup.nodes.Document.QuirksMode,550,0.056
org.jsoup.nodes.Document.QuirksMode,551,0.056
org.jsoup.nodes.Document.QuirksMode,550,0.056
org.jsoup.nodes.Element,74,0.056
org.jsoup.nodes.Element,75,0.056
org.jsoup.parser.ParseSettings,40,0.056
org.jsoup.parser.Token,14,0.056
org.jsoup.parser.Token,15,0.056
org.jsoup.parser.Token.Tag,75,0.056
org.jsoup.parser.Token.Tag,79,0.056
org.jsoup.parser.Token.Tag,81,0.056
org.jsoup.parser.Token.Tag,82,0.056
org.jsoup.parser.Token.Tag,83,0.056
org.jsoup.parser.Token.StartTag,214,0.056
org.jsoup.parser.Token.StartTag,215,0.056
org.jsoup.parser.Token.StartTag,216,0.056
org.jsoup.parser.Token.StartTag,217,0.056
org.jsoup.parser.Token.TokenType,364,0.056
org.jsoup.parser.Token.TokenType,365,0.056
org.jsoup.parser.Token.TokenType,366,0.056
org.jsoup.parser.Token.TokenType,367,0.056
org.jsoup.parser.Token.TokenType,368,0.056
org.jsoup.parser.Token.TokenType,369,0.056
org.jsoup.parser.Token.TokenType,370,0.056
org.jsoup.parser.Token.TokenType,364,0.056
org.jsoup.parser.Token.EndTag,245,0.056
org.jsoup.parser.Token.EndTag,246,0.056
org.jsoup.parser.Token.EndTag,247,0.056
org.jsoup.helper.StringUtil,14,0.056
org.jsoup.parser.Tag,61,0.056
org.jsoup.parser.Tag,62,0.056
org.jsoup.parser.Tag,63,0.056
org.jsoup.nodes.Element,59,0.056
org.jsoup.nodes.Element,61,0.056
org.jsoup.nodes.Element,62,0.056
org.jsoup.nodes.Element,63,0.056
org.jsoup.nodes.Element,39,0.056
org.jsoup.nodes.Document.OutputSettings,379,0.056
org.jsoup.nodes.Document.OutputSettings,372,0.056
org.jsoup.nodes.Document.OutputSettings,373,0.056
org.jsoup.nodes.Document.OutputSettings,374,0.056
org.jsoup.nodes.Document.OutputSettings,375,0.056
org.jsoup.nodes.Document.OutputSettings,376,0.056
org.jsoup.nodes.Document.OutputSettings,377,0.056
org.jsoup.nodes.Document.OutputSettings.Syntax,370,0.056
org.jsoup.nodes.Document.OutputSettings.Syntax,370,0.056
org.jsoup.parser.Tag,57,0.056
org.jsoup.parser.Tag,59,0.056
org.jsoup.parser.Tag,55,0.056
org.jsoup.parser.Tag,56,0.056
org.jsoup.nodes.Node,33,0.056
org.jsoup.nodes.Node,34,0.056
org.jsoup.nodes.Node,35,0.056
org.jsoup.nodes.Node,37,0.056
org.jsoup.nodes.Node,38,0.056
org.jsoup.nodes.Node,39,0.056
org.jsoup.nodes.Node,40,0.056
org.jsoup.parser.ParseSettings,38,0.056
org.jsoup.parser.ParseSettings,39,0.056
org.jsoup.parser.ParseSettings,41,0.056
org.jsoup.nodes.Node,21,0.056
org.jsoup.parser.Tag,66,0.056
org.jsoup.parser.Tag,52,0.055
org.jsoup.parser.Tag,54,0.055
org.jsoup.parser.Tag,27,0.055
org.jsoup.parser.Tag,17,0.055
org.jsoup.parser.Tag,18,0.055
org.jsoup.parser.Tag,19,0.055
org.jsoup.parser.Tag,20,0.055
org.jsoup.parser.Tag,21,0.055
org.jsoup.parser.Tag,22,0.055
org.jsoup.parser.Tag,23,0.055
org.jsoup.parser.Tag,24,0.055
org.jsoup.parser.Tag,25,0.055
org.jsoup.parser.Tag,28,0.055
org.jsoup.parser.Tag,29,0.055
org.jsoup.parser.Tag,14,0.055
org.jsoup.parser.Tag,235,0.055
org.jsoup.parser.Tag,243,0.055
org.jsoup.parser.Tag,251,0.055
org.jsoup.parser.Tag,255,0.055
org.jsoup.parser.Tag,259,0.055
org.jsoup.parser.Tag,264,0.055
org.jsoup.parser.Tag,267,0.055
org.jsoup.parser.Tag,273,0.055
org.jsoup.parser.Tag,274,0.055
org.jsoup.parser.Tag,275,0.055
org.jsoup.parser.Tag,277,0.055
org.jsoup.parser.Tag,278,0.055
org.jsoup.parser.Tag,279,0.055
org.jsoup.parser.Tag,280,0.055
org.jsoup.parser.Tag,281,0.055
org.jsoup.parser.Tag,282,0.055
org.jsoup.parser.Tag,286,0.055
org.jsoup.parser.Tag,287,0.055
org.jsoup.parser.Tag,288,0.055
org.jsoup.parser.Tag,289,0.055
org.jsoup.parser.Tag,290,0.055
org.jsoup.parser.Tag,291,0.055
org.jsoup.parser.Tag,294,0.055
org.jsoup.parser.Tag,295,0.055
org.jsoup.parser.Tag,296,0.055
org.jsoup.parser.Tag,297,0.055
org.jsoup.parser.Tag,300,0.055
org.jsoup.parser.Tag,301,0.055
org.jsoup.parser.Tag,302,0.055
org.jsoup.parser.Tag,303,0.055
org.jsoup.parser.Tag,306,0.055
org.jsoup.parser.Tag,307,0.055
org.jsoup.parser.Tag,308,0.055
org.jsoup.parser.Tag,309,0.055
org.jsoup.parser.Tag,312,0.055
org.jsoup.parser.Tag,313,0.055
org.jsoup.parser.Tag,314,0.055
org.jsoup.parser.Tag,315,0.055
org.jsoup.parser.Tag,317,0.055
org.jsoup.parser.Tag,51,0.055
org.jsoup.parser.Tag,320,0.055
org.jsoup.parser.Tag,321,0.055
org.jsoup.helper.Validate,93,0.055
org.jsoup.helper.Validate,91,0.055
org.jsoup.parser.HtmlTreeBuilderState.7,594,0.055
org.jsoup.parser.HtmlTreeBuilderState.7,595,0.055
org.jsoup.parser.HtmlTreeBuilderState.7,596,0.055
org.jsoup.parser.TokeniserState.41,855,0.055
org.jsoup.parser.TokeniserState.41,856,0.055
org.jsoup.parser.TokeniserState.41,857,0.055
org.jsoup.parser.ParseSettings,32,0.054
org.jsoup.parser.ParseSettings,33,0.054
org.jsoup.parser.ParseSettings,34,0.054
org.jsoup.parser.ParseSettings,35,0.054
org.jsoup.parser.ParseSettings,20,0.054
org.jsoup.parser.ParseSettings,21,0.054
org.jsoup.parser.ParseSettings,22,0.054
org.jsoup.parser.HtmlTreeBuilderState.7,570,0.054
org.jsoup.parser.HtmlTreeBuilderState.7,573,0.054
org.jsoup.parser.HtmlTreeBuilderState.7,576,0.054
org.jsoup.parser.HtmlTreeBuilderState.7,577,0.054
org.jsoup.parser.HtmlTreeBuilderState.7,578,0.054
org.jsoup.parser.HtmlTreeBuilderState.7,579,0.054
org.jsoup.parser.HtmlTreeBuilderState.7,582,0.054
org.jsoup.parser.HtmlTreeBuilderState.7,583,0.054
org.jsoup.parser.HtmlTreeBuilderState.7,584,0.054
org.jsoup.parser.HtmlTreeBuilderState.7,585,0.054
org.jsoup.parser.HtmlTreeBuilderState.7,586,0.054
org.jsoup.parser.HtmlTreeBuilderState.7,587,0.054
org.jsoup.parser.HtmlTreeBuilderState.7,588,0.054
org.jsoup.parser.HtmlTreeBuilderState.7,593,0.054
org.jsoup.nodes.Attributes,30,0.054
org.jsoup.nodes.Attributes,33,0.054
org.jsoup.nodes.Attributes,280,0.054
org.jsoup.parser.HtmlTreeBuilder,644,0.054
org.jsoup.parser.HtmlTreeBuilder,645,0.054
org.jsoup.parser.HtmlTreeBuilder,646,0.054
org.jsoup.parser.HtmlTreeBuilder,647,0.054
org.jsoup.parser.HtmlTreeBuilder,648,0.054
org.jsoup.parser.HtmlTreeBuilder,651,0.054
org.jsoup.parser.HtmlTreeBuilder,659,0.054
org.jsoup.parser.HtmlTreeBuilder,660,0.054
org.jsoup.parser.HtmlTreeBuilder,662,0.054
org.jsoup.parser.HtmlTreeBuilder,663,0.054
org.jsoup.parser.HtmlTreeBuilderState.7,562,0.054
org.jsoup.parser.HtmlTreeBuilderState.7,563,0.054
org.jsoup.parser.HtmlTreeBuilderState.7,564,0.054
org.jsoup.parser.HtmlTreeBuilderState.7,566,0.054
org.jsoup.nodes.Node,80,0.054
org.jsoup.parser.HtmlTreeBuilder,658,0.054
org.jsoup.parser.HtmlTreeBuilder,280,0.053
org.jsoup.parser.HtmlTreeBuilder,273,0.053
org.jsoup.parser.HtmlTreeBuilder,277,0.053
org.jsoup.parser.HtmlTreeBuilder,278,0.053
org.jsoup.parser.HtmlTreeBuilder,279,0.053
org.jsoup.parser.HtmlTreeBuilder,572,0.053
org.jsoup.parser.HtmlTreeBuilder,573,0.053
org.jsoup.parser.HtmlTreeBuilder,586,0.053
org.jsoup.parser.HtmlTreeBuilder,587,0.053
org.jsoup.parser.TokeniserState.40,815,0.053
org.jsoup.parser.TokeniserState.40,816,0.053
org.jsoup.parser.TokeniserState.40,817,0.053
org.jsoup.nodes.Node,76,0.052
org.jsoup.nodes.Node,78,0.052
org.jsoup.nodes.Node,79,0.052
org.jsoup.parser.HtmlTreeBuilderState.7,408,0.051
org.jsoup.parser.HtmlTreeBuilderState.7,419,0.051
org.jsoup.parser.HtmlTreeBuilderState.7,423,0.051
org.jsoup.parser.HtmlTreeBuilderState.7,377,0.051
org.jsoup.parser.HtmlTreeBuilderState.7,386,0.051
org.jsoup.parser.HtmlTreeBuilderState.7,402,0.051
org.jsoup.parser.HtmlTreeBuilderState.7,370,0.05
org.jsoup.parser.TokeniserState.37,723,0.05
org.jsoup.parser.TokeniserState.37,724,0.05
org.jsoup.parser.TokeniserState.40,796,0.05
org.jsoup.parser.TokeniserState.40,794,0.05
org.jsoup.parser.TokeniserState.40,795,0.05
org.jsoup.parser.TokeniserState.40,798,0.05
org.jsoup.parser.TokeniserState.40,799,0.05
org.jsoup.parser.TokeniserState.40,837,0.05
org.jsoup.parser.TokeniserState.41,842,0.05
org.jsoup.parser.TokeniserState.41,843,0.05
org.jsoup.parser.TokeniserState.41,868,0.05
org.jsoup.parser.HtmlTreeBuilderState.7,329,0.049
org.jsoup.parser.HtmlTreeBuilderState.7,343,0.049
org.jsoup.parser.HtmlTreeBuilderState.7,361,0.049
org.jsoup.nodes.TextNode,34,0.045
org.jsoup.nodes.Attributes,65,0.044
org.jsoup.nodes.Attributes,63,0.043
org.jsoup.nodes.Attributes,64,0.043
org.jsoup.nodes.Attributes,59,0.043
org.jsoup.nodes.Attributes,60,0.043
org.jsoup.parser.ParseSettings,54,0.043
org.jsoup.parser.ParseSettings,55,0.043
org.jsoup.nodes.Attribute,51,0.043
org.jsoup.nodes.Attribute,52,0.043
org.jsoup.nodes.Attribute,53,0.043
org.jsoup.nodes.Attributes,180,0.042
org.jsoup.nodes.Node,265,0.041
org.jsoup.nodes.Node,266,0.041
org.jsoup.nodes.Node,256,0.041
org.jsoup.nodes.Node,254,0.04
org.jsoup.nodes.Node,255,0.04
org.jsoup.nodes.Node,257,0.04
org.jsoup.nodes.Attribute,60,0.039
org.jsoup.parser.HtmlTreeBuilderState,1469,0.038
org.jsoup.parser.Token.Tag,107,0.038
org.jsoup.parser.Token.Tag,175,0.038
org.jsoup.parser.Token.Tag,173,0.038
org.jsoup.parser.Token.Tag,174,0.038
org.jsoup.parser.Token.Tag,179,0.038
org.jsoup.parser.Token.Tag,203,0.038
org.jsoup.parser.Token.Tag,205,0.038
org.jsoup.parser.Token.Tag,209,0.038
org.jsoup.parser.TokeniserState.35,611,0.038
org.jsoup.parser.TokeniserState.35,612,0.038
org.jsoup.parser.TokeniserState.37,681,0.038
org.jsoup.parser.TokeniserState.37,682,0.038
org.jsoup.parser.TokeniserState.37,726,0.038
org.jsoup.parser.Token.Tag,126,0.038
org.jsoup.parser.Token.Tag,106,0.037
org.jsoup.parser.Token.Tag,113,0.037
org.jsoup.parser.TokeniserState.34,586,0.037
org.jsoup.parser.TokeniserState.34,587,0.037
org.jsoup.parser.TokeniserState.34,588,0.037
org.jsoup.parser.CharacterReader,167,0.037
org.jsoup.parser.CharacterReader,168,0.037
org.jsoup.parser.CharacterReader,169,0.037
org.jsoup.parser.CharacterReader,171,0.037
org.jsoup.parser.CharacterReader,172,0.037
org.jsoup.parser.CharacterReader,173,0.037
org.jsoup.parser.CharacterReader,174,0.037
org.jsoup.parser.CharacterReader,177,0.037
org.jsoup.parser.Token.Tag,101,0.037
org.jsoup.parser.Token.Tag,104,0.037
org.jsoup.parser.Token.Tag,115,0.037
org.jsoup.parser.Token.Tag,116,0.037
org.jsoup.parser.Token.Tag,117,0.037
org.jsoup.parser.Token.Tag,118,0.037
org.jsoup.parser.Token.Tag,119,0.037
org.jsoup.parser.Token.Tag,120,0.037
org.jsoup.parser.Token.Tag,165,0.037
org.jsoup.parser.Token.Tag,166,0.037
org.jsoup.parser.TokeniserState.35,595,0.037
org.jsoup.parser.TokeniserState.35,596,0.037
org.jsoup.parser.TokeniserState.35,598,0.037
org.jsoup.parser.TokeniserState.35,599,0.037
org.jsoup.parser.TokeniserState.35,632,0.037
org.jsoup.parser.TokeniserState.10,157,0.037
org.jsoup.parser.TokeniserState.10,158,0.037
org.jsoup.parser.HtmlTreeBuilderState,1458,0.037
org.jsoup.parser.HtmlTreeBuilderState,1459,0.037
org.jsoup.parser.TokeniserState.34,551,0.037
org.jsoup.parser.TokeniserState.34,552,0.037
org.jsoup.parser.TokeniserState.34,590,0.037
org.jsoup.parser.CharacterReader,58,0.037
org.jsoup.parser.CharacterReader,59,0.037
org.jsoup.parser.HtmlTreeBuilderState,1466,0.037
org.jsoup.parser.HtmlTreeBuilderState,1467,0.037
org.jsoup.parser.HtmlTreeBuilderState,1468,0.037
org.jsoup.parser.HtmlTreeBuilder,450,0.035
org.jsoup.select.Elements,18,0.033
org.jsoup.select.Elements,19,0.033
org.jsoup.Jsoup,58,0.033
org.jsoup.parser.TreeBuilder,77,0.032
org.jsoup.parser.TreeBuilder,80,0.032
org.jsoup.parser.Token.Tag,140,0.032
org.jsoup.parser.Token.Tag,141,0.032
org.jsoup.parser.Token.Tag,142,0.032
org.jsoup.parser.Parser,99,0.032
org.jsoup.parser.Parser,100,0.032
org.jsoup.parser.HtmlTreeBuilderState.1,30,0.032
org.jsoup.parser.HtmlTreeBuilderState.1,31,0.032
org.jsoup.parser.HtmlTreeBuilderState.6,208,0.031
org.jsoup.parser.HtmlTreeBuilderState.6,209,0.031
org.jsoup.parser.HtmlTreeBuilderState.6,210,0.031
org.jsoup.select.NodeTraversor,44,0.031
org.jsoup.parser.HtmlTreeBuilder,54,0.031
org.jsoup.parser.HtmlTreeBuilder,55,0.031
org.jsoup.parser.HtmlTreeBuilder,56,0.031
org.jsoup.parser.HtmlTreeBuilder,246,0.031
org.jsoup.parser.HtmlTreeBuilder,497,0.031
org.jsoup.parser.HtmlTreeBuilder,498,0.031
org.jsoup.parser.HtmlTreeBuilderState.1,14,0.031
org.jsoup.parser.HtmlTreeBuilderState.1,16,0.031
org.jsoup.parser.HtmlTreeBuilderState.1,18,0.031
org.jsoup.parser.HtmlTreeBuilderState.2,38,0.031
org.jsoup.parser.HtmlTreeBuilderState.2,41,0.031
org.jsoup.parser.HtmlTreeBuilderState.2,43,0.031
org.jsoup.parser.HtmlTreeBuilderState.2,45,0.031
org.jsoup.parser.HtmlTreeBuilderState.3,67,0.031
org.jsoup.parser.HtmlTreeBuilderState.3,69,0.031
org.jsoup.parser.HtmlTreeBuilderState.3,71,0.031
org.jsoup.parser.HtmlTreeBuilderState.3,74,0.031
org.jsoup.parser.HtmlTreeBuilderState.3,76,0.031
org.jsoup.parser.HtmlTreeBuilderState.3,77,0.031
org.jsoup.parser.HtmlTreeBuilderState.3,78,0.031
org.jsoup.parser.HtmlTreeBuilderState.3,79,0.031
org.jsoup.parser.HtmlTreeBuilderState.3,80,0.031
org.jsoup.parser.HtmlTreeBuilderState.3,90,0.031
org.jsoup.parser.HtmlTreeBuilderState.4,142,0.031
org.jsoup.parser.HtmlTreeBuilderState.4,143,0.031
org.jsoup.parser.HtmlTreeBuilderState.4,144,0.031
org.jsoup.parser.HtmlTreeBuilderState.4,145,0.031
org.jsoup.parser.HtmlTreeBuilderState.4,146,0.031
org.jsoup.parser.HtmlTreeBuilderState.6,196,0.031
org.jsoup.parser.HtmlTreeBuilderState.6,198,0.031
org.jsoup.parser.HtmlTreeBuilderState.6,200,0.031
org.jsoup.parser.HtmlTreeBuilderState.6,202,0.031
org.jsoup.parser.HtmlTreeBuilderState.6,203,0.031
org.jsoup.parser.HtmlTreeBuilderState.6,204,0.031
org.jsoup.parser.HtmlTreeBuilderState.6,205,0.031
org.jsoup.parser.HtmlTreeBuilderState.6,207,0.031
org.jsoup.parser.HtmlTreeBuilderState.6,226,0.031
org.jsoup.parser.HtmlTreeBuilderState.6,236,0.031
org.jsoup.parser.Token,321,0.031
org.jsoup.parser.Token,329,0.031
org.jsoup.parser.Token,345,0.031
org.jsoup.parser.TreeBuilder,42,0.03
org.jsoup.parser.TreeBuilder,43,0.03
org.jsoup.parser.TreeBuilder,44,0.03
org.jsoup.nodes.Node,503,0.03
org.jsoup.helper.StringUtil,106,0.029
