com.fasterxml.jackson.core.filter.FilteringParserDelegate,453,0.5
com.fasterxml.jackson.core.filter.FilteringParserDelegate,454,0.5
com.fasterxml.jackson.core.filter.FilteringParserDelegate,458,0.5
com.fasterxml.jackson.core.filter.FilteringParserDelegate,463,0.5
com.fasterxml.jackson.core.filter.FilteringParserDelegate,464,0.5
com.fasterxml.jackson.core.filter.FilteringParserDelegate,468,0.5
com.fasterxml.jackson.core.filter.FilteringParserDelegate,469,0.5
com.fasterxml.jackson.core.filter.FilteringParserDelegate,471,0.5
com.fasterxml.jackson.core.filter.FilteringParserDelegate,472,0.5
com.fasterxml.jackson.core.filter.FilteringParserDelegate,476,0.5
com.fasterxml.jackson.core.filter.FilteringParserDelegate,478,0.5
com.fasterxml.jackson.core.filter.FilteringParserDelegate,488,0.5
com.fasterxml.jackson.core.filter.FilteringParserDelegate,489,0.5
com.fasterxml.jackson.core.filter.FilteringParserDelegate,493,0.5
com.fasterxml.jackson.core.filter.FilteringParserDelegate,498,0.5
com.fasterxml.jackson.core.filter.FilteringParserDelegate,499,0.5
com.fasterxml.jackson.core.filter.FilteringParserDelegate,503,0.5
com.fasterxml.jackson.core.filter.FilteringParserDelegate,504,0.5
com.fasterxml.jackson.core.filter.FilteringParserDelegate,506,0.5
com.fasterxml.jackson.core.filter.FilteringParserDelegate,507,0.5
com.fasterxml.jackson.core.filter.FilteringParserDelegate,511,0.5
com.fasterxml.jackson.core.filter.FilteringParserDelegate,512,0.5
com.fasterxml.jackson.core.filter.FilteringParserDelegate,558,0.447
com.fasterxml.jackson.core.filter.FilteringParserDelegate,572,0.447
com.fasterxml.jackson.core.filter.FilteringParserDelegate,577,0.447
com.fasterxml.jackson.core.filter.FilteringParserDelegate,535,0.408
com.fasterxml.jackson.core.filter.FilteringParserDelegate,589,0.408
com.fasterxml.jackson.core.filter.FilteringParserDelegate,447,0.378
com.fasterxml.jackson.core.filter.FilteringParserDelegate,575,0.378
com.fasterxml.jackson.core.filter.FilteringParserDelegate,576,0.378
com.fasterxml.jackson.core.filter.FilteringParserDelegate,579,0.378
com.fasterxml.jackson.core.filter.FilteringParserDelegate,580,0.378
com.fasterxml.jackson.core.filter.FilteringParserDelegate,581,0.378
com.fasterxml.jackson.core.filter.FilteringParserDelegate,399,0.333
com.fasterxml.jackson.core.filter.FilteringParserDelegate,400,0.333
com.fasterxml.jackson.core.filter.FilteringParserDelegate,405,0.333
com.fasterxml.jackson.core.filter.FilteringParserDelegate,524,0.333
com.fasterxml.jackson.core.filter.FilteringParserDelegate,525,0.333
com.fasterxml.jackson.core.filter.FilteringParserDelegate,526,0.333
com.fasterxml.jackson.core.filter.FilteringParserDelegate,527,0.333
com.fasterxml.jackson.core.filter.FilteringParserDelegate,529,0.333
com.fasterxml.jackson.core.filter.FilteringParserDelegate,530,0.333
com.fasterxml.jackson.core.filter.FilteringParserDelegate,531,0.333
com.fasterxml.jackson.core.filter.FilteringParserDelegate,556,0.333
com.fasterxml.jackson.core.filter.FilteringParserDelegate,557,0.333
com.fasterxml.jackson.core.filter.FilteringParserDelegate,564,0.333
com.fasterxml.jackson.core.json.WriterBasedJsonGenerator,777,0.333
com.fasterxml.jackson.core.json.WriterBasedJsonGenerator,778,0.333
com.fasterxml.jackson.core.json.WriterBasedJsonGenerator,780,0.333
com.fasterxml.jackson.core.filter.FilteringParserDelegate,432,0.302
com.fasterxml.jackson.core.filter.FilteringParserDelegate,445,0.302
com.fasterxml.jackson.core.filter.FilteringParserDelegate,446,0.302
com.fasterxml.jackson.core.filter.FilteringParserDelegate,451,0.302
com.fasterxml.jackson.core.filter.FilteringParserDelegate,539,0.302
com.fasterxml.jackson.core.filter.FilteringParserDelegate,540,0.302
com.fasterxml.jackson.core.filter.FilteringParserDelegate,541,0.302
com.fasterxml.jackson.core.filter.FilteringParserDelegate,545,0.302
com.fasterxml.jackson.core.filter.FilteringParserDelegate,550,0.302
com.fasterxml.jackson.core.filter.FilteringParserDelegate,551,0.302
com.fasterxml.jackson.core.filter.TokenFilter,210,0.302
com.fasterxml.jackson.core.filter.FilteringParserDelegate,117,0.277
com.fasterxml.jackson.core.filter.FilteringParserDelegate,118,0.277
com.fasterxml.jackson.core.filter.FilteringParserDelegate,120,0.277
com.fasterxml.jackson.core.filter.FilteringParserDelegate,121,0.277
com.fasterxml.jackson.core.filter.FilteringParserDelegate,122,0.277
com.fasterxml.jackson.core.filter.FilteringParserDelegate,123,0.277
com.fasterxml.jackson.core.filter.FilteringParserDelegate,124,0.277
com.fasterxml.jackson.core.filter.FilteringParserDelegate,148,0.277
com.fasterxml.jackson.core.filter.FilteringParserDelegate,231,0.277
com.fasterxml.jackson.core.filter.FilteringParserDelegate,233,0.277
com.fasterxml.jackson.core.filter.FilteringParserDelegate,272,0.277
com.fasterxml.jackson.core.filter.FilteringParserDelegate,273,0.277
com.fasterxml.jackson.core.filter.FilteringParserDelegate,281,0.277
com.fasterxml.jackson.core.filter.FilteringParserDelegate,319,0.277
com.fasterxml.jackson.core.filter.FilteringParserDelegate,320,0.277
com.fasterxml.jackson.core.filter.FilteringParserDelegate,324,0.277
com.fasterxml.jackson.core.filter.FilteringParserDelegate,329,0.277
com.fasterxml.jackson.core.filter.FilteringParserDelegate,330,0.277
com.fasterxml.jackson.core.filter.FilteringParserDelegate,334,0.277
com.fasterxml.jackson.core.filter.FilteringParserDelegate,335,0.277
com.fasterxml.jackson.core.filter.FilteringParserDelegate,337,0.277
com.fasterxml.jackson.core.filter.FilteringParserDelegate,338,0.277
com.fasterxml.jackson.core.filter.FilteringParserDelegate,342,0.277
com.fasterxml.jackson.core.filter.FilteringParserDelegate,344,0.277
com.fasterxml.jackson.core.filter.FilteringParserDelegate,373,0.277
com.fasterxml.jackson.core.filter.FilteringParserDelegate,375,0.277
com.fasterxml.jackson.core.filter.FilteringParserDelegate,376,0.277
com.fasterxml.jackson.core.filter.FilteringParserDelegate,388,0.277
com.fasterxml.jackson.core.filter.FilteringParserDelegate,393,0.277
com.fasterxml.jackson.core.filter.FilteringParserDelegate,394,0.277
com.fasterxml.jackson.core.filter.FilteringParserDelegate,835,0.277
com.fasterxml.jackson.core.filter.FilteringParserDelegate,841,0.277
com.fasterxml.jackson.core.filter.TokenFilterContext,276,0.277
com.fasterxml.jackson.core.filter.TokenFilterContext,280,0.277
com.fasterxml.jackson.core.filter.TokenFilter,93,0.258
com.fasterxml.jackson.core.util.JsonParserDelegate,101,0.25
com.fasterxml.jackson.core.JsonParser,270,0.243
com.fasterxml.jackson.core.util.JsonParserDelegate,24,0.243
com.fasterxml.jackson.core.util.JsonParserDelegate,25,0.243
com.fasterxml.jackson.core.util.JsonParserDelegate,26,0.243
com.fasterxml.jackson.core.filter.TokenFilter,66,0.229
com.fasterxml.jackson.core.filter.TokenFilterContext,145,0.224
com.fasterxml.jackson.core.filter.TokenFilterContext,118,0.218
com.fasterxml.jackson.core.filter.TokenFilterContext,83,0.213
com.fasterxml.jackson.core.filter.TokenFilterContext,84,0.213
com.fasterxml.jackson.core.filter.TokenFilterContext,85,0.213
com.fasterxml.jackson.core.filter.TokenFilterContext,86,0.213
com.fasterxml.jackson.core.filter.TokenFilterContext,87,0.213
com.fasterxml.jackson.core.filter.TokenFilterContext,88,0.213
com.fasterxml.jackson.core.filter.TokenFilterContext,89,0.213
com.fasterxml.jackson.core.io.SerializedString,87,0.204
com.fasterxml.jackson.core.filter.TokenFilterContext,104,0.204
com.fasterxml.jackson.core.filter.TokenFilterContext,105,0.204
com.fasterxml.jackson.core.filter.TokenFilterContext,106,0.204
com.fasterxml.jackson.core.filter.TokenFilterContext,107,0.204
com.fasterxml.jackson.core.filter.TokenFilter,110,0.2
com.fasterxml.jackson.core.filter.TokenFilter,34,0.186
com.fasterxml.jackson.core.filter.TokenFilter,30,0.186
com.fasterxml.jackson.core.filter.TokenFilter,193,0.186
com.fasterxml.jackson.core.filter.TokenFilterContext,71,0.186
com.fasterxml.jackson.core.filter.TokenFilterContext,72,0.186
com.fasterxml.jackson.core.filter.TokenFilterContext,73,0.186
com.fasterxml.jackson.core.filter.TokenFilterContext,74,0.186
com.fasterxml.jackson.core.filter.TokenFilterContext,75,0.186
com.fasterxml.jackson.core.filter.TokenFilterContext,76,0.186
com.fasterxml.jackson.core.filter.TokenFilterContext,77,0.186
com.fasterxml.jackson.core.filter.TokenFilterContext,78,0.186
com.fasterxml.jackson.core.filter.TokenFilterContext,100,0.186
com.fasterxml.jackson.core.filter.TokenFilterContext,113,0.186
com.fasterxml.jackson.core.filter.TokenFilterContext,114,0.186
com.fasterxml.jackson.core.filter.TokenFilterContext,115,0.186
com.fasterxml.jackson.core.filter.TokenFilterContext,116,0.186
com.fasterxml.jackson.core.filter.TokenFilterContext,128,0.186
com.fasterxml.jackson.core.filter.TokenFilterContext,129,0.186
com.fasterxml.jackson.core.filter.TokenFilterContext,130,0.186
com.fasterxml.jackson.core.filter.TokenFilterContext,139,0.186
com.fasterxml.jackson.core.filter.TokenFilterContext,140,0.186
com.fasterxml.jackson.core.filter.TokenFilterContext,143,0.186
com.fasterxml.jackson.core.filter.TokenFilterContext,144,0.186
com.fasterxml.jackson.core.filter.TokenFilterContext,147,0.186
com.fasterxml.jackson.core.filter.TokenFilterContext,279,0.186
com.fasterxml.jackson.core.sym.CharsToNameCanonicalizer,457,0.177
com.fasterxml.jackson.core.JsonGenerator,1506,0.174
com.fasterxml.jackson.core.JsonGenerator,1507,0.174
com.fasterxml.jackson.core.JsonGenerator,1508,0.174
com.fasterxml.jackson.core.JsonGenerator,1474,0.171
com.fasterxml.jackson.core.JsonGenerator,1476,0.171
com.fasterxml.jackson.core.JsonGenerator,1479,0.171
com.fasterxml.jackson.core.JsonGenerator,1543,0.171
com.fasterxml.jackson.core.base.ParserBase,679,0.169
com.fasterxml.jackson.core.json.ReaderBasedJsonParser,732,0.169
com.fasterxml.jackson.core.json.WriterBasedJsonGenerator,406,0.169
com.fasterxml.jackson.core.json.WriterBasedJsonGenerator,407,0.169
com.fasterxml.jackson.core.json.WriterBasedJsonGenerator,409,0.169
com.fasterxml.jackson.core.json.WriterBasedJsonGenerator,414,0.169
com.fasterxml.jackson.core.json.WriterBasedJsonGenerator,415,0.169
com.fasterxml.jackson.core.json.WriterBasedJsonGenerator,416,0.169
com.fasterxml.jackson.core.json.WriterBasedJsonGenerator,420,0.169
com.fasterxml.jackson.core.base.ParserBase,710,0.167
com.fasterxml.jackson.core.json.JsonReadContext,132,0.164
com.fasterxml.jackson.core.json.JsonReadContext,133,0.164
com.fasterxml.jackson.core.json.ReaderBasedJsonParser,730,0.164
com.fasterxml.jackson.core.base.ParserBase,678,0.16
com.fasterxml.jackson.core.base.ParserBase,674,0.158
com.fasterxml.jackson.core.base.ParserBase,675,0.158
com.fasterxml.jackson.core.base.ParserBase,677,0.158
com.fasterxml.jackson.core.base.ParserBase,810,0.158
com.fasterxml.jackson.core.base.ParserBase,811,0.158
com.fasterxml.jackson.core.base.ParserBase,812,0.158
com.fasterxml.jackson.core.base.ParserBase,813,0.158
com.fasterxml.jackson.core.JsonParser.NumberType,36,0.158
com.fasterxml.jackson.core.JsonParser.NumberType,37,0.158
com.fasterxml.jackson.core.JsonParser.NumberType,36,0.158
com.fasterxml.jackson.core.sym.CharsToNameCanonicalizer,456,0.156
com.fasterxml.jackson.core.json.JsonReadContext,68,0.154
com.fasterxml.jackson.core.json.JsonReadContext,69,0.154
com.fasterxml.jackson.core.json.JsonReadContext,70,0.154
com.fasterxml.jackson.core.json.JsonReadContext,71,0.154
com.fasterxml.jackson.core.json.JsonReadContext,72,0.154
com.fasterxml.jackson.core.json.JsonReadContext,73,0.154
com.fasterxml.jackson.core.json.JsonReadContext,74,0.154
com.fasterxml.jackson.core.json.JsonReadContext,77,0.154
com.fasterxml.jackson.core.sym.CharsToNameCanonicalizer,453,0.151
com.fasterxml.jackson.core.sym.CharsToNameCanonicalizer,454,0.151
com.fasterxml.jackson.core.sym.CharsToNameCanonicalizer,452,0.146
com.fasterxml.jackson.core.json.ReaderBasedJsonParser,1235,0.143
com.fasterxml.jackson.core.json.ReaderBasedJsonParser,1237,0.141
com.fasterxml.jackson.core.base.ParserBase,803,0.14
com.fasterxml.jackson.core.base.ParserBase,804,0.14
com.fasterxml.jackson.core.base.ParserBase,805,0.14
com.fasterxml.jackson.core.base.ParserBase,806,0.14
com.fasterxml.jackson.core.base.ParserBase,809,0.14
com.fasterxml.jackson.core.json.ReaderBasedJsonParser,677,0.137
com.fasterxml.jackson.core.json.ReaderBasedJsonParser,678,0.137
com.fasterxml.jackson.core.json.ReaderBasedJsonParser,2483,0.137
com.fasterxml.jackson.core.json.ReaderBasedJsonParser,2484,0.137
com.fasterxml.jackson.core.io.NumberOutput,84,0.137
com.fasterxml.jackson.core.json.ReaderBasedJsonParser,676,0.136
com.fasterxml.jackson.core.json.ReaderBasedJsonParser,2477,0.136
com.fasterxml.jackson.core.json.ReaderBasedJsonParser,2478,0.136
com.fasterxml.jackson.core.json.ReaderBasedJsonParser,2479,0.136
com.fasterxml.jackson.core.json.ReaderBasedJsonParser,2480,0.136
com.fasterxml.jackson.core.json.ReaderBasedJsonParser,2481,0.136
com.fasterxml.jackson.core.json.ReaderBasedJsonParser,2482,0.136
com.fasterxml.jackson.core.base.ParserBase,802,0.134
com.fasterxml.jackson.core.json.WriterBasedJsonGenerator,590,0.131
com.fasterxml.jackson.core.json.WriterBasedJsonGenerator,591,0.131
com.fasterxml.jackson.core.json.WriterBasedJsonGenerator,596,0.131
com.fasterxml.jackson.core.json.WriterBasedJsonGenerator,599,0.131
com.fasterxml.jackson.core.json.WriterBasedJsonGenerator,600,0.131
com.fasterxml.jackson.core.json.ReaderBasedJsonParser,2068,0.13
com.fasterxml.jackson.core.json.ReaderBasedJsonParser,2069,0.13
com.fasterxml.jackson.core.io.NumberOutput,83,0.129
com.fasterxml.jackson.core.json.ReaderBasedJsonParser,2065,0.127
com.fasterxml.jackson.core.io.NumberOutput,70,0.127
com.fasterxml.jackson.core.io.NumberOutput,81,0.127
com.fasterxml.jackson.core.io.NumberOutput,82,0.127
com.fasterxml.jackson.core.io.NumberOutput,94,0.127
com.fasterxml.jackson.core.json.ReaderBasedJsonParser,2063,0.123
com.fasterxml.jackson.core.json.ReaderBasedJsonParser,2064,0.123
com.fasterxml.jackson.core.io.NumberOutput,7,0.123
com.fasterxml.jackson.core.io.NumberOutput,8,0.123
com.fasterxml.jackson.core.io.NumberOutput,9,0.123
com.fasterxml.jackson.core.io.NumberOutput,10,0.123
com.fasterxml.jackson.core.io.NumberOutput,12,0.123
com.fasterxml.jackson.core.io.NumberOutput,13,0.123
com.fasterxml.jackson.core.io.NumberOutput,15,0.123
com.fasterxml.jackson.core.io.NumberOutput,17,0.123
com.fasterxml.jackson.core.io.NumberOutput,18,0.123
com.fasterxml.jackson.core.io.NumberOutput,23,0.123
com.fasterxml.jackson.core.io.NumberOutput,24,0.123
com.fasterxml.jackson.core.io.NumberOutput,25,0.123
com.fasterxml.jackson.core.io.NumberOutput,26,0.123
com.fasterxml.jackson.core.io.NumberOutput,27,0.123
com.fasterxml.jackson.core.io.NumberOutput,28,0.123
com.fasterxml.jackson.core.io.NumberOutput,29,0.123
com.fasterxml.jackson.core.io.NumberOutput,30,0.123
com.fasterxml.jackson.core.io.NumberOutput,32,0.123
com.fasterxml.jackson.core.io.NumberOutput,33,0.123
com.fasterxml.jackson.core.io.NumberOutput,34,0.123
com.fasterxml.jackson.core.io.NumberOutput,35,0.123
com.fasterxml.jackson.core.io.NumberOutput,36,0.123
com.fasterxml.jackson.core.io.NumberOutput,37,0.123
com.fasterxml.jackson.core.io.NumberOutput,38,0.123
com.fasterxml.jackson.core.io.NumberOutput,39,0.123
com.fasterxml.jackson.core.io.NumberOutput,45,0.123
com.fasterxml.jackson.core.io.NumberOutput,47,0.123
com.fasterxml.jackson.core.io.NumberOutput,48,0.123
com.fasterxml.jackson.core.io.NumberOutput,52,0.123
com.fasterxml.jackson.core.io.NumberOutput,55,0.123
com.fasterxml.jackson.core.sym.CharsToNameCanonicalizer,492,0.116
com.fasterxml.jackson.core.json.ReaderBasedJsonParser,713,0.116
com.fasterxml.jackson.core.json.ReaderBasedJsonParser,714,0.116
com.fasterxml.jackson.core.base.ParserBase,389,0.115
com.fasterxml.jackson.core.base.ParserBase,395,0.115
com.fasterxml.jackson.core.json.ReaderBasedJsonParser,606,0.115
com.fasterxml.jackson.core.json.ReaderBasedJsonParser,607,0.115
com.fasterxml.jackson.core.json.ReaderBasedJsonParser,731,0.115
com.fasterxml.jackson.core.json.ReaderBasedJsonParser,2265,0.115
com.fasterxml.jackson.core.JsonToken,166,0.115
com.fasterxml.jackson.core.json.ReaderBasedJsonParser,593,0.115
com.fasterxml.jackson.core.json.ReaderBasedJsonParser,643,0.115
com.fasterxml.jackson.core.json.ReaderBasedJsonParser,644,0.115
com.fasterxml.jackson.core.json.ReaderBasedJsonParser,645,0.115
com.fasterxml.jackson.core.JsonFactory,405,0.114
com.fasterxml.jackson.core.JsonFactory,883,0.114
com.fasterxml.jackson.core.JsonFactory,884,0.114
com.fasterxml.jackson.core.JsonFactory,885,0.114
com.fasterxml.jackson.core.JsonFactory,886,0.114
com.fasterxml.jackson.core.io.IOContext,188,0.114
com.fasterxml.jackson.core.io.IOContext,189,0.114
com.fasterxml.jackson.core.json.ReaderBasedJsonParser,722,0.114
com.fasterxml.jackson.core.json.ReaderBasedJsonParser,723,0.114
com.fasterxml.jackson.core.json.ReaderBasedJsonParser,724,0.114
com.fasterxml.jackson.core.json.ReaderBasedJsonParser,729,0.114
com.fasterxml.jackson.core.json.ReaderBasedJsonParser,734,0.114
com.fasterxml.jackson.core.json.ReaderBasedJsonParser,1619,0.114
com.fasterxml.jackson.core.json.ReaderBasedJsonParser,1620,0.114
com.fasterxml.jackson.core.json.ReaderBasedJsonParser,1621,0.114
com.fasterxml.jackson.core.JsonFactory,876,0.113
com.fasterxml.jackson.core.JsonFactory,878,0.113
com.fasterxml.jackson.core.json.ReaderBasedJsonParser,1618,0.113
com.fasterxml.jackson.core.JsonFactory,1267,0.113
com.fasterxml.jackson.core.json.ReaderBasedJsonParser,116,0.113
com.fasterxml.jackson.core.json.ReaderBasedJsonParser,117,0.113
com.fasterxml.jackson.core.json.ReaderBasedJsonParser,118,0.113
com.fasterxml.jackson.core.json.ReaderBasedJsonParser,119,0.113
com.fasterxml.jackson.core.json.ReaderBasedJsonParser,120,0.113
com.fasterxml.jackson.core.json.ReaderBasedJsonParser,121,0.113
com.fasterxml.jackson.core.json.ReaderBasedJsonParser,122,0.113
com.fasterxml.jackson.core.json.ReaderBasedJsonParser,123,0.113
com.fasterxml.jackson.core.json.ReaderBasedJsonParser,124,0.113
com.fasterxml.jackson.core.json.ReaderBasedJsonParser,125,0.113
com.fasterxml.jackson.core.json.ReaderBasedJsonParser,626,0.113
com.fasterxml.jackson.core.json.ReaderBasedJsonParser,627,0.113
com.fasterxml.jackson.core.json.ReaderBasedJsonParser,641,0.113
com.fasterxml.jackson.core.json.ReaderBasedJsonParser,642,0.113
com.fasterxml.jackson.core.json.ReaderBasedJsonParser,622,0.112
com.fasterxml.jackson.core.json.ReaderBasedJsonParser,623,0.112
com.fasterxml.jackson.core.json.ReaderBasedJsonParser,1611,0.112
com.fasterxml.jackson.core.json.ReaderBasedJsonParser,1612,0.112
com.fasterxml.jackson.core.json.ReaderBasedJsonParser,1613,0.112
com.fasterxml.jackson.core.json.ReaderBasedJsonParser,1615,0.112
com.fasterxml.jackson.core.json.ReaderBasedJsonParser,1616,0.112
com.fasterxml.jackson.core.json.ReaderBasedJsonParser,1617,0.112
com.fasterxml.jackson.core.json.ReaderBasedJsonParser,1625,0.112
com.fasterxml.jackson.core.json.ReaderBasedJsonParser,1626,0.112
com.fasterxml.jackson.core.json.ReaderBasedJsonParser,1627,0.112
com.fasterxml.jackson.core.sym.CharsToNameCanonicalizer,337,0.111
com.fasterxml.jackson.core.sym.CharsToNameCanonicalizer,350,0.111
com.fasterxml.jackson.core.sym.CharsToNameCanonicalizer,354,0.111
com.fasterxml.jackson.core.sym.CharsToNameCanonicalizer,355,0.111
com.fasterxml.jackson.core.sym.CharsToNameCanonicalizer,356,0.111
com.fasterxml.jackson.core.sym.CharsToNameCanonicalizer,357,0.111
com.fasterxml.jackson.core.sym.CharsToNameCanonicalizer,358,0.111
com.fasterxml.jackson.core.sym.CharsToNameCanonicalizer,359,0.111
com.fasterxml.jackson.core.sym.CharsToNameCanonicalizer,360,0.111
com.fasterxml.jackson.core.sym.CharsToNameCanonicalizer,363,0.111
com.fasterxml.jackson.core.sym.CharsToNameCanonicalizer,364,0.111
com.fasterxml.jackson.core.sym.CharsToNameCanonicalizer,366,0.111
com.fasterxml.jackson.core.sym.CharsToNameCanonicalizer,371,0.111
com.fasterxml.jackson.core.sym.CharsToNameCanonicalizer,372,0.111
com.fasterxml.jackson.core.sym.CharsToNameCanonicalizer,377,0.111
com.fasterxml.jackson.core.sym.CharsToNameCanonicalizer,379,0.111
com.fasterxml.jackson.core.json.ReaderBasedJsonParser,2058,0.111
com.fasterxml.jackson.core.json.ReaderBasedJsonParser,2061,0.111
com.fasterxml.jackson.core.json.ReaderBasedJsonParser,2062,0.111
com.fasterxml.jackson.core.json.ReaderBasedJsonParser,618,0.11
com.fasterxml.jackson.core.json.ReaderBasedJsonParser,619,0.11
com.fasterxml.jackson.core.json.JsonReadContext,142,0.109
com.fasterxml.jackson.core.json.ReaderBasedJsonParser,614,0.109
com.fasterxml.jackson.core.json.ReaderBasedJsonParser,615,0.109
com.fasterxml.jackson.core.base.ParserBase,702,0.108
com.fasterxml.jackson.core.sym.CharsToNameCanonicalizer,387,0.108
com.fasterxml.jackson.core.sym.CharsToNameCanonicalizer,434,0.107
com.fasterxml.jackson.core.sym.CharsToNameCanonicalizer,437,0.107
com.fasterxml.jackson.core.sym.CharsToNameCanonicalizer,446,0.107
com.fasterxml.jackson.core.sym.CharsToNameCanonicalizer,447,0.107
com.fasterxml.jackson.core.sym.CharsToNameCanonicalizer,450,0.107
com.fasterxml.jackson.core.sym.CharsToNameCanonicalizer,473,0.107
com.fasterxml.jackson.core.sym.CharsToNameCanonicalizer,489,0.107
com.fasterxml.jackson.core.sym.CharsToNameCanonicalizer,490,0.107
com.fasterxml.jackson.core.sym.CharsToNameCanonicalizer,491,0.107
com.fasterxml.jackson.core.sym.CharsToNameCanonicalizer,500,0.107
com.fasterxml.jackson.core.sym.CharsToNameCanonicalizer,501,0.107
com.fasterxml.jackson.core.sym.CharsToNameCanonicalizer,502,0.107
com.fasterxml.jackson.core.sym.CharsToNameCanonicalizer,504,0.107
com.fasterxml.jackson.core.sym.CharsToNameCanonicalizer,506,0.107
com.fasterxml.jackson.core.sym.CharsToNameCanonicalizer,507,0.107
com.fasterxml.jackson.core.sym.CharsToNameCanonicalizer,523,0.107
com.fasterxml.jackson.core.sym.CharsToNameCanonicalizer,558,0.107
com.fasterxml.jackson.core.sym.CharsToNameCanonicalizer,559,0.107
com.fasterxml.jackson.core.sym.CharsToNameCanonicalizer,560,0.107
com.fasterxml.jackson.core.sym.CharsToNameCanonicalizer,561,0.107
com.fasterxml.jackson.core.sym.CharsToNameCanonicalizer,605,0.107
com.fasterxml.jackson.core.sym.CharsToNameCanonicalizer,606,0.107
com.fasterxml.jackson.core.sym.CharsToNameCanonicalizer,607,0.107
com.fasterxml.jackson.core.sym.CharsToNameCanonicalizer,608,0.107
com.fasterxml.jackson.core.sym.CharsToNameCanonicalizer,609,0.107
com.fasterxml.jackson.core.json.ReaderBasedJsonParser,193,0.107
com.fasterxml.jackson.core.json.ReaderBasedJsonParser,2718,0.107
com.fasterxml.jackson.core.json.ReaderBasedJsonParser,2719,0.107
com.fasterxml.jackson.core.json.ReaderBasedJsonParser,2720,0.107
com.fasterxml.jackson.core.json.ReaderBasedJsonParser,2721,0.107
com.fasterxml.jackson.core.json.ReaderBasedJsonParser,2722,0.107
com.fasterxml.jackson.core.json.ReaderBasedJsonParser,632,0.105
com.fasterxml.jackson.core.io.NumberInput,46,0.104
com.fasterxml.jackson.core.io.NumberInput,55,0.104
com.fasterxml.jackson.core.io.NumberInput,30,0.104
com.fasterxml.jackson.core.io.NumberInput,32,0.104
com.fasterxml.jackson.core.json.ReaderBasedJsonParser,659,0.104
com.fasterxml.jackson.core.json.ReaderBasedJsonParser,662,0.104
com.fasterxml.jackson.core.json.ReaderBasedJsonParser,663,0.104
com.fasterxml.jackson.core.json.ReaderBasedJsonParser,665,0.104
com.fasterxml.jackson.core.json.ReaderBasedJsonParser,666,0.104
com.fasterxml.jackson.core.json.ReaderBasedJsonParser,668,0.104
com.fasterxml.jackson.core.json.ReaderBasedJsonParser,669,0.104
com.fasterxml.jackson.core.json.ReaderBasedJsonParser,2203,0.103
com.fasterxml.jackson.core.json.ReaderBasedJsonParser,2206,0.103
com.fasterxml.jackson.core.json.ReaderBasedJsonParser,2207,0.103
com.fasterxml.jackson.core.json.ReaderBasedJsonParser,2208,0.103
com.fasterxml.jackson.core.json.ReaderBasedJsonParser,2209,0.103
com.fasterxml.jackson.core.json.ReaderBasedJsonParser,2213,0.103
com.fasterxml.jackson.core.base.ParserBase,551,0.102
com.fasterxml.jackson.core.base.ParserBase,558,0.102
com.fasterxml.jackson.core.json.WriterBasedJsonGenerator,765,0.102
com.fasterxml.jackson.core.json.WriterBasedJsonGenerator,766,0.102
com.fasterxml.jackson.core.json.WriterBasedJsonGenerator,769,0.102
com.fasterxml.jackson.core.json.WriterBasedJsonGenerator,783,0.102
com.fasterxml.jackson.core.json.ReaderBasedJsonParser,1250,0.102
com.fasterxml.jackson.core.json.ReaderBasedJsonParser,1251,0.102
com.fasterxml.jackson.core.json.ReaderBasedJsonParser,1252,0.102
com.fasterxml.jackson.core.base.ParserBase,548,0.101
com.fasterxml.jackson.core.base.ParserBase,557,0.101
com.fasterxml.jackson.core.json.ReaderBasedJsonParser,706,0.101
com.fasterxml.jackson.core.json.ReaderBasedJsonParser,1244,0.101
com.fasterxml.jackson.core.json.ReaderBasedJsonParser,1245,0.101
com.fasterxml.jackson.core.json.ReaderBasedJsonParser,1247,0.101
com.fasterxml.jackson.core.json.ReaderBasedJsonParser,705,0.1
com.fasterxml.jackson.core.json.ReaderBasedJsonParser,1239,0.099
com.fasterxml.jackson.core.json.ReaderBasedJsonParser,1224,0.098
com.fasterxml.jackson.core.json.ReaderBasedJsonParser,1229,0.098
com.fasterxml.jackson.core.json.ReaderBasedJsonParser,1233,0.098
com.fasterxml.jackson.core.json.ReaderBasedJsonParser,1234,0.098
com.fasterxml.jackson.core.util.TextBuffer,282,0.097
com.fasterxml.jackson.core.json.WriterBasedJsonGenerator,1878,0.097
com.fasterxml.jackson.core.json.WriterBasedJsonGenerator,1879,0.097
com.fasterxml.jackson.core.json.WriterBasedJsonGenerator,1880,0.097
com.fasterxml.jackson.core.util.TextBuffer,306,0.097
com.fasterxml.jackson.core.json.WriterBasedJsonGenerator,759,0.097
com.fasterxml.jackson.core.json.ReaderBasedJsonParser,1209,0.096
com.fasterxml.jackson.core.json.ReaderBasedJsonParser,1210,0.096
com.fasterxml.jackson.core.json.ReaderBasedJsonParser,1211,0.096
com.fasterxml.jackson.core.json.ReaderBasedJsonParser,1214,0.096
com.fasterxml.jackson.core.json.WriterBasedJsonGenerator,853,0.096
com.fasterxml.jackson.core.json.WriterBasedJsonGenerator,854,0.096
com.fasterxml.jackson.core.json.WriterBasedJsonGenerator,856,0.096
com.fasterxml.jackson.core.json.WriterBasedJsonGenerator,875,0.096
com.fasterxml.jackson.core.JsonFactory,1118,0.096
com.fasterxml.jackson.core.JsonFactory,1119,0.096
com.fasterxml.jackson.core.JsonFactory,1408,0.096
com.fasterxml.jackson.core.io.NumberInput,18,0.096
com.fasterxml.jackson.core.io.NumberInput,19,0.096
com.fasterxml.jackson.core.json.WriterBasedJsonGenerator,874,0.096
com.fasterxml.jackson.core.JsonFactory,1308,0.095
com.fasterxml.jackson.core.JsonFactory,1310,0.095
com.fasterxml.jackson.core.JsonFactory,1313,0.095
com.fasterxml.jackson.core.JsonFactory,1314,0.095
com.fasterxml.jackson.core.JsonFactory,1317,0.095
com.fasterxml.jackson.core.JsonFactory,1402,0.095
com.fasterxml.jackson.core.json.WriterBasedJsonGenerator,844,0.095
com.fasterxml.jackson.core.json.WriterBasedJsonGenerator,850,0.095
com.fasterxml.jackson.core.json.WriterBasedJsonGenerator,863,0.095
com.fasterxml.jackson.core.json.WriterBasedJsonGenerator,864,0.095
com.fasterxml.jackson.core.json.WriterBasedJsonGenerator,865,0.095
com.fasterxml.jackson.core.json.WriterBasedJsonGenerator,873,0.095
com.fasterxml.jackson.core.json.WriterBasedJsonGenerator,882,0.095
com.fasterxml.jackson.core.json.WriterBasedJsonGenerator,883,0.095
com.fasterxml.jackson.core.json.WriterBasedJsonGenerator,888,0.095
com.fasterxml.jackson.core.json.WriterBasedJsonGenerator,889,0.095
com.fasterxml.jackson.core.json.WriterBasedJsonGenerator,890,0.095
com.fasterxml.jackson.core.json.WriterBasedJsonGenerator,891,0.095
com.fasterxml.jackson.core.json.WriterBasedJsonGenerator,893,0.095
com.fasterxml.jackson.core.json.WriterBasedJsonGenerator,1876,0.095
com.fasterxml.jackson.core.json.WriterBasedJsonGenerator,1877,0.095
com.fasterxml.jackson.core.json.WriterBasedJsonGenerator,1882,0.095
com.fasterxml.jackson.core.json.WriterBasedJsonGenerator,74,0.095
com.fasterxml.jackson.core.json.WriterBasedJsonGenerator,75,0.095
com.fasterxml.jackson.core.json.WriterBasedJsonGenerator,76,0.095
com.fasterxml.jackson.core.json.WriterBasedJsonGenerator,77,0.095
com.fasterxml.jackson.core.json.WriterBasedJsonGenerator,78,0.095
com.fasterxml.jackson.core.json.WriterBasedJsonGenerator,19,0.095
com.fasterxml.jackson.core.util.TextBuffer,179,0.094
com.fasterxml.jackson.core.util.TextBuffer,180,0.094
com.fasterxml.jackson.core.util.TextBuffer,183,0.094
com.fasterxml.jackson.core.util.TextBuffer,184,0.094
com.fasterxml.jackson.core.util.TextBuffer,185,0.094
com.fasterxml.jackson.core.util.TextBuffer,188,0.094
com.fasterxml.jackson.core.util.TextBuffer,191,0.094
com.fasterxml.jackson.core.json.JsonReadContext,197,0.094
com.fasterxml.jackson.core.json.JsonReadContext,198,0.094
com.fasterxml.jackson.core.json.JsonReadContext,199,0.094
com.fasterxml.jackson.core.json.JsonReadContext,117,0.092
com.fasterxml.jackson.core.base.GeneratorBase,256,0.091
com.fasterxml.jackson.core.json.JsonWriteContext,184,0.091
com.fasterxml.jackson.core.json.JsonWriteContext,194,0.091
com.fasterxml.jackson.core.json.JsonWriteContext,202,0.091
com.fasterxml.jackson.core.json.JsonWriteContext,203,0.091
com.fasterxml.jackson.core.io.IOContext,248,0.09
com.fasterxml.jackson.core.io.IOContext,249,0.09
com.fasterxml.jackson.core.util.InternCache,37,0.09
com.fasterxml.jackson.core.util.InternCache,35,0.09
com.fasterxml.jackson.core.util.InternCache,28,0.09
com.fasterxml.jackson.core.util.InternCache,40,0.09
com.fasterxml.jackson.core.util.InternCache,41,0.09
com.fasterxml.jackson.core.util.InternCache,48,0.09
com.fasterxml.jackson.core.util.InternCache,59,0.09
com.fasterxml.jackson.core.util.InternCache,60,0.09
com.fasterxml.jackson.core.util.InternCache,61,0.09
com.fasterxml.jackson.core.base.GeneratorBase,382,0.09
com.fasterxml.jackson.core.io.IOContext,245,0.09
com.fasterxml.jackson.core.io.IOContext,247,0.09
com.fasterxml.jackson.core.io.IOContext,251,0.09
com.fasterxml.jackson.core.json.JsonReadContext,115,0.09
com.fasterxml.jackson.core.json.JsonReadContext,116,0.09
com.fasterxml.jackson.core.json.JsonReadContext,122,0.09
com.fasterxml.jackson.core.json.JsonReadContext,128,0.09
com.fasterxml.jackson.core.json.JsonReadContext,130,0.09
com.fasterxml.jackson.core.base.GeneratorBase,136,0.09
com.fasterxml.jackson.core.JsonGenerator.Feature,243,0.089
com.fasterxml.jackson.core.JsonGenerator,267,0.089
com.fasterxml.jackson.core.base.GeneratorBase,92,0.089
com.fasterxml.jackson.core.base.GeneratorBase,37,0.089
com.fasterxml.jackson.core.base.GeneratorBase,38,0.089
com.fasterxml.jackson.core.base.GeneratorBase,39,0.089
com.fasterxml.jackson.core.base.GeneratorBase,40,0.089
com.fasterxml.jackson.core.base.GeneratorBase,41,0.089
com.fasterxml.jackson.core.base.GeneratorBase,42,0.089
com.fasterxml.jackson.core.base.GeneratorBase,93,0.089
com.fasterxml.jackson.core.base.GeneratorBase,94,0.089
com.fasterxml.jackson.core.base.GeneratorBase,95,0.089
com.fasterxml.jackson.core.base.GeneratorBase,97,0.089
com.fasterxml.jackson.core.base.GeneratorBase,98,0.089
com.fasterxml.jackson.core.base.GeneratorBase,99,0.089
com.fasterxml.jackson.core.base.GeneratorBase,29,0.089
com.fasterxml.jackson.core.json.JsonGeneratorImpl,103,0.089
com.fasterxml.jackson.core.json.JsonGeneratorImpl,53,0.089
com.fasterxml.jackson.core.json.JsonGeneratorImpl,84,0.089
com.fasterxml.jackson.core.json.JsonGeneratorImpl,104,0.089
com.fasterxml.jackson.core.json.JsonGeneratorImpl,105,0.089
com.fasterxml.jackson.core.json.JsonGeneratorImpl,109,0.089
com.fasterxml.jackson.core.json.JsonGeneratorImpl,110,0.089
com.fasterxml.jackson.core.json.JsonGeneratorImpl,31,0.089
com.fasterxml.jackson.core.json.JsonWriteContext,70,0.089
com.fasterxml.jackson.core.json.JsonWriteContext,71,0.089
com.fasterxml.jackson.core.json.JsonWriteContext,72,0.089
com.fasterxml.jackson.core.json.JsonWriteContext,73,0.089
com.fasterxml.jackson.core.json.JsonWriteContext,74,0.089
com.fasterxml.jackson.core.json.JsonWriteContext,75,0.089
com.fasterxml.jackson.core.json.JsonWriteContext,115,0.089
com.fasterxml.jackson.core.io.IOContext,193,0.089
com.fasterxml.jackson.core.io.IOContext,194,0.089
com.fasterxml.jackson.core.io.CharTypes,252,0.089
com.fasterxml.jackson.core.json.JsonReadContext,126,0.089
com.fasterxml.jackson.core.json.JsonReadContext,127,0.089
com.fasterxml.jackson.core.json.ReaderBasedJsonParser,2264,0.087
com.fasterxml.jackson.core.base.ParserBase,606,0.086
com.fasterxml.jackson.core.base.ParserBase,607,0.086
com.fasterxml.jackson.core.base.ParserBase,608,0.086
com.fasterxml.jackson.core.base.ParserBase,609,0.086
com.fasterxml.jackson.core.base.ParserBase,610,0.086
com.fasterxml.jackson.core.base.ParserBase,611,0.086
com.fasterxml.jackson.core.json.ReaderBasedJsonParser,169,0.086
com.fasterxml.jackson.core.json.ReaderBasedJsonParser,171,0.086
com.fasterxml.jackson.core.json.ReaderBasedJsonParser,172,0.086
com.fasterxml.jackson.core.json.ReaderBasedJsonParser,177,0.086
com.fasterxml.jackson.core.json.ReaderBasedJsonParser,179,0.086
com.fasterxml.jackson.core.io.CharTypes,211,0.084
com.fasterxml.jackson.core.json.JsonReadContext,156,0.08
com.fasterxml.jackson.core.json.JsonReadContext,158,0.08
com.fasterxml.jackson.core.json.ReaderBasedJsonParser,712,0.079
com.fasterxml.jackson.core.json.ReaderBasedJsonParser,716,0.079
com.fasterxml.jackson.core.json.ReaderBasedJsonParser,717,0.079
com.fasterxml.jackson.core.json.ReaderBasedJsonParser,2274,0.079
com.fasterxml.jackson.core.io.IOContext,239,0.078
com.fasterxml.jackson.core.io.IOContext,240,0.078
com.fasterxml.jackson.core.json.ReaderBasedJsonParser,233,0.078
com.fasterxml.jackson.core.json.ReaderBasedJsonParser,234,0.078
com.fasterxml.jackson.core.json.ReaderBasedJsonParser,235,0.078
com.fasterxml.jackson.core.json.ReaderBasedJsonParser,236,0.078
com.fasterxml.jackson.core.json.ReaderBasedJsonParser,597,0.078
com.fasterxml.jackson.core.json.ReaderBasedJsonParser,598,0.078
com.fasterxml.jackson.core.json.ReaderBasedJsonParser,601,0.078
com.fasterxml.jackson.core.json.ReaderBasedJsonParser,602,0.078
com.fasterxml.jackson.core.json.ReaderBasedJsonParser,610,0.078
com.fasterxml.jackson.core.json.ReaderBasedJsonParser,613,0.078
com.fasterxml.jackson.core.json.ReaderBasedJsonParser,621,0.078
com.fasterxml.jackson.core.json.ReaderBasedJsonParser,631,0.078
com.fasterxml.jackson.core.json.ReaderBasedJsonParser,638,0.078
com.fasterxml.jackson.core.json.ReaderBasedJsonParser,639,0.078
com.fasterxml.jackson.core.json.ReaderBasedJsonParser,647,0.078
com.fasterxml.jackson.core.json.ReaderBasedJsonParser,653,0.078
com.fasterxml.jackson.core.json.ReaderBasedJsonParser,2270,0.078
com.fasterxml.jackson.core.io.IOContext,237,0.078
com.fasterxml.jackson.core.io.IOContext,238,0.078
com.fasterxml.jackson.core.io.IOContext,242,0.078
com.fasterxml.jackson.core.json.ReaderBasedJsonParser,228,0.078
com.fasterxml.jackson.core.json.ReaderBasedJsonParser,230,0.078
com.fasterxml.jackson.core.json.ReaderBasedJsonParser,232,0.078
com.fasterxml.jackson.core.json.ReaderBasedJsonParser,239,0.078
com.fasterxml.jackson.core.json.ReaderBasedJsonParser,592,0.078
com.fasterxml.jackson.core.json.ReaderBasedJsonParser,2263,0.078
com.fasterxml.jackson.core.json.ReaderBasedJsonParser,2268,0.078
com.fasterxml.jackson.core.json.ReaderBasedJsonParser,2269,0.078
com.fasterxml.jackson.core.json.ReaderBasedJsonParser,2709,0.078
com.fasterxml.jackson.core.json.ReaderBasedJsonParser,2710,0.078
com.fasterxml.jackson.core.json.ReaderBasedJsonParser,2711,0.078
com.fasterxml.jackson.core.json.ReaderBasedJsonParser,2712,0.078
com.fasterxml.jackson.core.json.ReaderBasedJsonParser,2713,0.078
com.fasterxml.jackson.core.sym.CharsToNameCanonicalizer,370,0.078
com.fasterxml.jackson.core.sym.CharsToNameCanonicalizer,396,0.078
com.fasterxml.jackson.core.JsonStreamContext,68,0.077
com.fasterxml.jackson.core.json.ReaderBasedJsonParser,212,0.077
com.fasterxml.jackson.core.json.ReaderBasedJsonParser,218,0.077
com.fasterxml.jackson.core.sym.CharsToNameCanonicalizer,308,0.077
com.fasterxml.jackson.core.sym.CharsToNameCanonicalizer,309,0.077
com.fasterxml.jackson.core.sym.CharsToNameCanonicalizer,310,0.077
com.fasterxml.jackson.core.sym.CharsToNameCanonicalizer,311,0.077
com.fasterxml.jackson.core.sym.CharsToNameCanonicalizer,312,0.077
com.fasterxml.jackson.core.sym.CharsToNameCanonicalizer,313,0.077
com.fasterxml.jackson.core.sym.CharsToNameCanonicalizer,314,0.077
com.fasterxml.jackson.core.sym.CharsToNameCanonicalizer,315,0.077
com.fasterxml.jackson.core.sym.CharsToNameCanonicalizer,397,0.077
com.fasterxml.jackson.core.json.ReaderBasedJsonParser,24,0.077
com.fasterxml.jackson.core.JsonStreamContext,61,0.075
com.fasterxml.jackson.core.util.BufferRecycler,114,0.072
com.fasterxml.jackson.core.base.ParserBase,415,0.067
com.fasterxml.jackson.core.base.ParserBase,416,0.067
com.fasterxml.jackson.core.base.ParserBase,418,0.067
com.fasterxml.jackson.core.base.ParserBase,422,0.067
com.fasterxml.jackson.core.base.ParserBase,423,0.067
com.fasterxml.jackson.core.base.ParserBase,425,0.067
com.fasterxml.jackson.core.base.ParserBase,533,0.067
com.fasterxml.jackson.core.base.ParserBase,534,0.067
com.fasterxml.jackson.core.base.ParserBase,535,0.067
com.fasterxml.jackson.core.base.ParserBase,539,0.067
com.fasterxml.jackson.core.json.JsonReadContext,192,0.067
com.fasterxml.jackson.core.json.JsonReadContext,193,0.067
com.fasterxml.jackson.core.JsonToken,138,0.067
com.fasterxml.jackson.core.JsonToken,139,0.067
com.fasterxml.jackson.core.JsonToken,140,0.067
com.fasterxml.jackson.core.JsonToken,141,0.067
com.fasterxml.jackson.core.JsonToken,142,0.067
com.fasterxml.jackson.core.JsonToken,144,0.067
com.fasterxml.jackson.core.JsonToken,145,0.067
com.fasterxml.jackson.core.JsonToken,147,0.067
com.fasterxml.jackson.core.JsonToken,148,0.067
com.fasterxml.jackson.core.JsonToken,149,0.067
com.fasterxml.jackson.core.JsonToken,150,0.067
com.fasterxml.jackson.core.JsonToken,153,0.067
com.fasterxml.jackson.core.JsonToken,155,0.067
com.fasterxml.jackson.core.JsonToken,156,0.067
com.fasterxml.jackson.core.JsonToken,158,0.067
com.fasterxml.jackson.core.JsonToken,159,0.067
com.fasterxml.jackson.core.JsonToken,161,0.067
com.fasterxml.jackson.core.JsonToken,164,0.067
com.fasterxml.jackson.core.JsonToken,31,0.067
com.fasterxml.jackson.core.JsonToken,37,0.067
com.fasterxml.jackson.core.JsonToken,43,0.067
com.fasterxml.jackson.core.JsonToken,49,0.067
com.fasterxml.jackson.core.JsonToken,55,0.067
com.fasterxml.jackson.core.JsonToken,61,0.067
com.fasterxml.jackson.core.JsonToken,73,0.067
com.fasterxml.jackson.core.JsonToken,80,0.067
com.fasterxml.jackson.core.JsonToken,88,0.067
com.fasterxml.jackson.core.JsonToken,96,0.067
com.fasterxml.jackson.core.JsonToken,102,0.067
com.fasterxml.jackson.core.JsonToken,108,0.067
com.fasterxml.jackson.core.JsonToken,114,0.067
com.fasterxml.jackson.core.JsonToken,12,0.067
com.fasterxml.jackson.core.util.TextBuffer,136,0.067
com.fasterxml.jackson.core.util.TextBuffer,139,0.067
com.fasterxml.jackson.core.util.TextBuffer,148,0.067
com.fasterxml.jackson.core.JsonParser.Feature,246,0.067
com.fasterxml.jackson.core.io.IOContext,137,0.067
com.fasterxml.jackson.core.JsonParser,271,0.067
com.fasterxml.jackson.core.base.ParserMinimalBase,73,0.067
com.fasterxml.jackson.core.base.ParserBase,284,0.067
com.fasterxml.jackson.core.base.ParserBase,76,0.067
com.fasterxml.jackson.core.base.ParserBase,105,0.067
com.fasterxml.jackson.core.base.ParserBase,233,0.067
com.fasterxml.jackson.core.base.ParserBase,285,0.067
com.fasterxml.jackson.core.base.ParserBase,286,0.067
com.fasterxml.jackson.core.base.ParserBase,287,0.067
com.fasterxml.jackson.core.base.ParserBase,289,0.067
com.fasterxml.jackson.core.base.ParserBase,290,0.067
com.fasterxml.jackson.core.base.ParserBase,194,0.067
com.fasterxml.jackson.core.base.ParserBase,195,0.067
com.fasterxml.jackson.core.base.ParserBase,197,0.067
com.fasterxml.jackson.core.base.ParserBase,198,0.067
com.fasterxml.jackson.core.base.ParserBase,200,0.067
com.fasterxml.jackson.core.base.ParserBase,201,0.067
com.fasterxml.jackson.core.base.ParserBase,203,0.067
com.fasterxml.jackson.core.base.ParserBase,204,0.067
com.fasterxml.jackson.core.io.CharTypes,195,0.067
com.fasterxml.jackson.core.json.JsonReadContext,58,0.067
com.fasterxml.jackson.core.json.JsonReadContext,59,0.067
com.fasterxml.jackson.core.json.JsonReadContext,60,0.067
com.fasterxml.jackson.core.json.JsonReadContext,61,0.067
com.fasterxml.jackson.core.json.JsonReadContext,62,0.067
com.fasterxml.jackson.core.json.JsonReadContext,63,0.067
com.fasterxml.jackson.core.json.JsonReadContext,64,0.067
com.fasterxml.jackson.core.json.JsonReadContext,65,0.067
com.fasterxml.jackson.core.json.JsonReadContext,111,0.067
com.fasterxml.jackson.core.io.IOContext,278,0.067
com.fasterxml.jackson.core.io.IOContext,277,0.067
com.fasterxml.jackson.core.io.IOContext,128,0.066
com.fasterxml.jackson.core.util.TextBuffer,121,0.065
com.fasterxml.jackson.core.util.TextBuffer,122,0.065
com.fasterxml.jackson.core.util.TextBuffer,123,0.065
com.fasterxml.jackson.core.util.TextBuffer,29,0.065
com.fasterxml.jackson.core.io.IOContext,269,0.062
com.fasterxml.jackson.core.io.IOContext,270,0.062
com.fasterxml.jackson.core.util.BufferRecycler,132,0.061
com.fasterxml.jackson.core.util.BufferRecycler,133,0.061
com.fasterxml.jackson.core.JsonStreamContext,74,0.061
com.fasterxml.jackson.core.util.BufferRecycler,120,0.06
com.fasterxml.jackson.core.JsonFactory,1432,0.06
com.fasterxml.jackson.core.JsonFactory,1433,0.06
com.fasterxml.jackson.core.JsonFactory,1435,0.06
com.fasterxml.jackson.core.JsonFactory,1436,0.06
com.fasterxml.jackson.core.JsonFactory,1437,0.06
com.fasterxml.jackson.core.JsonFactory,1439,0.06
com.fasterxml.jackson.core.util.BufferRecycler,118,0.06
com.fasterxml.jackson.core.util.BufferRecycler,119,0.06
com.fasterxml.jackson.core.util.BufferRecycler,122,0.06
com.fasterxml.jackson.core.util.BufferRecycler,123,0.06
com.fasterxml.jackson.core.util.BufferRecycler,124,0.06
com.fasterxml.jackson.core.util.BufferRecycler,128,0.06
com.fasterxml.jackson.core.util.BufferRecycler,146,0.06
com.fasterxml.jackson.core.util.BufferRecycler,156,0.06
com.fasterxml.jackson.core.JsonFactory,1431,0.06
com.fasterxml.jackson.core.JsonFactory,1442,0.06
com.fasterxml.jackson.core.JsonFactory,1450,0.06
com.fasterxml.jackson.core.JsonStreamContext,43,0.06
com.fasterxml.jackson.core.JsonFactory,554,0.06
com.fasterxml.jackson.core.io.IOContext,102,0.059
com.fasterxml.jackson.core.io.IOContext,103,0.059
com.fasterxml.jackson.core.io.IOContext,104,0.059
com.fasterxml.jackson.core.io.IOContext,105,0.059
com.fasterxml.jackson.core.io.IOContext,106,0.059
com.fasterxml.jackson.core.JsonFactory,282,0.059
com.fasterxml.jackson.core.JsonFactory,284,0.059
com.fasterxml.jackson.core.JsonFactory,195,0.059
com.fasterxml.jackson.core.JsonFactory,206,0.059
com.fasterxml.jackson.core.JsonFactory,226,0.059
com.fasterxml.jackson.core.JsonFactory,231,0.059
com.fasterxml.jackson.core.JsonFactory,236,0.059
com.fasterxml.jackson.core.JsonFactory,264,0.059
com.fasterxml.jackson.core.JsonFactory,160,0.059
com.fasterxml.jackson.core.JsonFactory,166,0.059
com.fasterxml.jackson.core.JsonFactory,172,0.059
com.fasterxml.jackson.core.JsonFactory,174,0.059
com.fasterxml.jackson.core.JsonFactory,187,0.059
com.fasterxml.jackson.core.JsonParser.Feature,236,0.059
com.fasterxml.jackson.core.JsonParser.Feature,237,0.059
com.fasterxml.jackson.core.JsonParser.Feature,238,0.059
com.fasterxml.jackson.core.JsonParser.Feature,239,0.059
com.fasterxml.jackson.core.JsonParser.Feature,59,0.059
com.fasterxml.jackson.core.JsonParser.Feature,75,0.059
com.fasterxml.jackson.core.JsonParser.Feature,89,0.059
com.fasterxml.jackson.core.JsonParser.Feature,100,0.059
com.fasterxml.jackson.core.JsonParser.Feature,113,0.059
com.fasterxml.jackson.core.JsonParser.Feature,126,0.059
com.fasterxml.jackson.core.JsonParser.Feature,137,0.059
com.fasterxml.jackson.core.JsonParser.Feature,149,0.059
com.fasterxml.jackson.core.JsonParser.Feature,169,0.059
com.fasterxml.jackson.core.JsonParser.Feature,187,0.059
com.fasterxml.jackson.core.JsonParser.Feature,211,0.059
com.fasterxml.jackson.core.JsonParser.Feature,43,0.059
com.fasterxml.jackson.core.JsonParser.Feature,227,0.059
com.fasterxml.jackson.core.JsonParser.Feature,228,0.059
com.fasterxml.jackson.core.JsonParser.Feature,229,0.059
com.fasterxml.jackson.core.JsonParser.Feature,230,0.059
com.fasterxml.jackson.core.JsonParser.Feature,233,0.059
com.fasterxml.jackson.core.JsonParser.Feature,241,0.059
com.fasterxml.jackson.core.JsonParser.Feature,248,0.059
com.fasterxml.jackson.core.JsonGenerator.Feature,233,0.059
com.fasterxml.jackson.core.JsonGenerator.Feature,234,0.059
com.fasterxml.jackson.core.JsonGenerator.Feature,235,0.059
com.fasterxml.jackson.core.JsonGenerator.Feature,236,0.059
com.fasterxml.jackson.core.JsonGenerator.Feature,49,0.059
com.fasterxml.jackson.core.JsonGenerator.Feature,61,0.059
com.fasterxml.jackson.core.JsonGenerator.Feature,74,0.059
com.fasterxml.jackson.core.JsonGenerator.Feature,87,0.059
com.fasterxml.jackson.core.JsonGenerator.Feature,101,0.059
com.fasterxml.jackson.core.JsonGenerator.Feature,118,0.059
com.fasterxml.jackson.core.JsonGenerator.Feature,130,0.059
com.fasterxml.jackson.core.JsonGenerator.Feature,147,0.059
com.fasterxml.jackson.core.JsonGenerator.Feature,190,0.059
com.fasterxml.jackson.core.JsonGenerator.Feature,212,0.059
com.fasterxml.jackson.core.JsonGenerator.Feature,33,0.059
com.fasterxml.jackson.core.JsonGenerator.Feature,224,0.059
com.fasterxml.jackson.core.JsonGenerator.Feature,225,0.059
com.fasterxml.jackson.core.JsonGenerator.Feature,226,0.059
com.fasterxml.jackson.core.JsonGenerator.Feature,227,0.059
com.fasterxml.jackson.core.JsonGenerator.Feature,230,0.059
com.fasterxml.jackson.core.JsonGenerator.Feature,238,0.059
com.fasterxml.jackson.core.JsonGenerator.Feature,245,0.059
com.fasterxml.jackson.core.sym.CharsToNameCanonicalizer,223,0.059
com.fasterxml.jackson.core.sym.CharsToNameCanonicalizer,225,0.059
com.fasterxml.jackson.core.sym.CharsToNameCanonicalizer,226,0.059
com.fasterxml.jackson.core.util.DefaultPrettyPrinter,28,0.059
com.fasterxml.jackson.core.sym.ByteQuadsCanonicalizer,288,0.059
com.fasterxml.jackson.core.sym.ByteQuadsCanonicalizer,290,0.059
com.fasterxml.jackson.core.sym.ByteQuadsCanonicalizer,291,0.059
com.fasterxml.jackson.core.io.CharTypes,7,0.059
com.fasterxml.jackson.core.io.CharTypes,10,0.059
com.fasterxml.jackson.core.io.CharTypes,11,0.059
com.fasterxml.jackson.core.io.CharTypes,12,0.059
com.fasterxml.jackson.core.io.CharTypes,13,0.059
com.fasterxml.jackson.core.io.CharTypes,28,0.059
com.fasterxml.jackson.core.io.CharTypes,30,0.059
com.fasterxml.jackson.core.io.CharTypes,31,0.059
com.fasterxml.jackson.core.io.CharTypes,34,0.059
com.fasterxml.jackson.core.io.CharTypes,35,0.059
com.fasterxml.jackson.core.io.CharTypes,36,0.059
com.fasterxml.jackson.core.io.CharTypes,45,0.059
com.fasterxml.jackson.core.io.CharTypes,46,0.059
com.fasterxml.jackson.core.io.CharTypes,47,0.059
com.fasterxml.jackson.core.io.CharTypes,51,0.059
com.fasterxml.jackson.core.io.CharTypes,52,0.059
com.fasterxml.jackson.core.io.CharTypes,53,0.059
com.fasterxml.jackson.core.io.CharTypes,54,0.059
com.fasterxml.jackson.core.io.CharTypes,55,0.059
com.fasterxml.jackson.core.io.CharTypes,57,0.059
com.fasterxml.jackson.core.io.CharTypes,60,0.059
com.fasterxml.jackson.core.io.CharTypes,62,0.059
com.fasterxml.jackson.core.io.CharTypes,64,0.059
com.fasterxml.jackson.core.io.CharTypes,75,0.059
com.fasterxml.jackson.core.io.CharTypes,77,0.059
com.fasterxml.jackson.core.io.CharTypes,79,0.059
com.fasterxml.jackson.core.io.CharTypes,80,0.059
com.fasterxml.jackson.core.io.CharTypes,81,0.059
com.fasterxml.jackson.core.io.CharTypes,87,0.059
com.fasterxml.jackson.core.io.CharTypes,88,0.059
com.fasterxml.jackson.core.io.CharTypes,89,0.059
com.fasterxml.jackson.core.io.CharTypes,90,0.059
com.fasterxml.jackson.core.io.CharTypes,91,0.059
com.fasterxml.jackson.core.io.CharTypes,92,0.059
com.fasterxml.jackson.core.io.CharTypes,102,0.059
com.fasterxml.jackson.core.io.CharTypes,104,0.059
com.fasterxml.jackson.core.io.CharTypes,105,0.059
com.fasterxml.jackson.core.io.CharTypes,106,0.059
com.fasterxml.jackson.core.io.CharTypes,115,0.059
com.fasterxml.jackson.core.io.CharTypes,117,0.059
com.fasterxml.jackson.core.io.CharTypes,120,0.059
com.fasterxml.jackson.core.io.CharTypes,121,0.059
com.fasterxml.jackson.core.io.CharTypes,122,0.059
com.fasterxml.jackson.core.io.CharTypes,123,0.059
com.fasterxml.jackson.core.io.CharTypes,124,0.059
com.fasterxml.jackson.core.io.CharTypes,125,0.059
com.fasterxml.jackson.core.io.CharTypes,136,0.059
com.fasterxml.jackson.core.io.CharTypes,137,0.059
com.fasterxml.jackson.core.io.CharTypes,142,0.059
com.fasterxml.jackson.core.io.CharTypes,143,0.059
com.fasterxml.jackson.core.io.CharTypes,144,0.059
com.fasterxml.jackson.core.io.CharTypes,145,0.059
com.fasterxml.jackson.core.io.CharTypes,146,0.059
com.fasterxml.jackson.core.io.CharTypes,147,0.059
com.fasterxml.jackson.core.io.CharTypes,148,0.059
com.fasterxml.jackson.core.io.CharTypes,149,0.059
com.fasterxml.jackson.core.io.CharTypes,158,0.059
com.fasterxml.jackson.core.io.CharTypes,160,0.059
com.fasterxml.jackson.core.io.CharTypes,162,0.059
com.fasterxml.jackson.core.io.CharTypes,167,0.059
com.fasterxml.jackson.core.io.CharTypes,168,0.059
com.fasterxml.jackson.core.io.CharTypes,170,0.059
com.fasterxml.jackson.core.io.CharTypes,171,0.059
com.fasterxml.jackson.core.io.CharTypes,172,0.059
com.fasterxml.jackson.core.io.CharTypes,173,0.059
com.fasterxml.jackson.core.io.CharTypes,174,0.059
com.fasterxml.jackson.core.io.CharTypes,175,0.059
com.fasterxml.jackson.core.io.CharTypes,183,0.059
com.fasterxml.jackson.core.io.CharTypes,185,0.059
com.fasterxml.jackson.core.io.CharTypes,186,0.059
com.fasterxml.jackson.core.io.CharTypes,187,0.059
com.fasterxml.jackson.core.io.CharTypes,189,0.059
com.fasterxml.jackson.core.io.CharTypes,190,0.059
com.fasterxml.jackson.core.io.CharTypes,191,0.059
com.fasterxml.jackson.core.io.CharTypes,193,0.059
com.fasterxml.jackson.core.io.SerializedString,47,0.059
com.fasterxml.jackson.core.io.SerializedString,48,0.059
com.fasterxml.jackson.core.io.SerializedString,51,0.059
com.fasterxml.jackson.core.io.SerializedString,52,0.059
com.fasterxml.jackson.core.util.BufferRecycler,62,0.059
com.fasterxml.jackson.core.util.BufferRecycler,63,0.059
com.fasterxml.jackson.core.util.BufferRecycler,71,0.059
com.fasterxml.jackson.core.util.BufferRecycler,72,0.059
com.fasterxml.jackson.core.util.BufferRecycler,73,0.059
com.fasterxml.jackson.core.util.BufferRecycler,74,0.059
com.fasterxml.jackson.core.util.BufferRecycler,45,0.059
com.fasterxml.jackson.core.util.BufferRecycler,46,0.059
com.fasterxml.jackson.core.sym.CharsToNameCanonicalizer,236,0.059
com.fasterxml.jackson.core.sym.CharsToNameCanonicalizer,238,0.059
com.fasterxml.jackson.core.sym.CharsToNameCanonicalizer,239,0.059
com.fasterxml.jackson.core.sym.CharsToNameCanonicalizer,241,0.059
com.fasterxml.jackson.core.sym.CharsToNameCanonicalizer,242,0.059
com.fasterxml.jackson.core.sym.CharsToNameCanonicalizer,243,0.059
com.fasterxml.jackson.core.sym.CharsToNameCanonicalizer,244,0.059
com.fasterxml.jackson.core.sym.CharsToNameCanonicalizer,245,0.059
com.fasterxml.jackson.core.sym.CharsToNameCanonicalizer,265,0.059
com.fasterxml.jackson.core.sym.CharsToNameCanonicalizer,266,0.059
com.fasterxml.jackson.core.sym.CharsToNameCanonicalizer,268,0.059
com.fasterxml.jackson.core.sym.CharsToNameCanonicalizer,269,0.059
com.fasterxml.jackson.core.sym.CharsToNameCanonicalizer,271,0.059
com.fasterxml.jackson.core.sym.CharsToNameCanonicalizer,272,0.059
com.fasterxml.jackson.core.sym.CharsToNameCanonicalizer,273,0.059
com.fasterxml.jackson.core.sym.CharsToNameCanonicalizer,274,0.059
com.fasterxml.jackson.core.sym.CharsToNameCanonicalizer,276,0.059
com.fasterxml.jackson.core.sym.CharsToNameCanonicalizer,277,0.059
com.fasterxml.jackson.core.sym.CharsToNameCanonicalizer,278,0.059
com.fasterxml.jackson.core.sym.CharsToNameCanonicalizer,279,0.059
com.fasterxml.jackson.core.sym.CharsToNameCanonicalizer,282,0.059
com.fasterxml.jackson.core.sym.CharsToNameCanonicalizer,283,0.059
com.fasterxml.jackson.core.sym.CharsToNameCanonicalizer,93,0.059
com.fasterxml.jackson.core.sym.CharsToNameCanonicalizer,230,0.059
com.fasterxml.jackson.core.sym.CharsToNameCanonicalizer,249,0.059
com.fasterxml.jackson.core.sym.CharsToNameCanonicalizer,250,0.059
com.fasterxml.jackson.core.sym.CharsToNameCanonicalizer,252,0.059
com.fasterxml.jackson.core.sym.CharsToNameCanonicalizer,253,0.059
com.fasterxml.jackson.core.sym.CharsToNameCanonicalizer,254,0.059
com.fasterxml.jackson.core.sym.CharsToNameCanonicalizer,256,0.059
com.fasterxml.jackson.core.sym.CharsToNameCanonicalizer,257,0.059
com.fasterxml.jackson.core.sym.CharsToNameCanonicalizer,259,0.059
com.fasterxml.jackson.core.sym.CharsToNameCanonicalizer,320,0.059
com.fasterxml.jackson.core.sym.ByteQuadsCanonicalizer,222,0.059
com.fasterxml.jackson.core.sym.ByteQuadsCanonicalizer,223,0.059
com.fasterxml.jackson.core.sym.ByteQuadsCanonicalizer,224,0.059
com.fasterxml.jackson.core.sym.ByteQuadsCanonicalizer,225,0.059
com.fasterxml.jackson.core.sym.ByteQuadsCanonicalizer,226,0.059
com.fasterxml.jackson.core.sym.ByteQuadsCanonicalizer,228,0.059
com.fasterxml.jackson.core.sym.ByteQuadsCanonicalizer,233,0.059
com.fasterxml.jackson.core.sym.ByteQuadsCanonicalizer,241,0.059
com.fasterxml.jackson.core.sym.ByteQuadsCanonicalizer,242,0.059
com.fasterxml.jackson.core.sym.ByteQuadsCanonicalizer,299,0.059
com.fasterxml.jackson.core.sym.ByteQuadsCanonicalizer,1196,0.059
com.fasterxml.jackson.core.sym.ByteQuadsCanonicalizer,1199,0.059
com.fasterxml.jackson.core.sym.ByteQuadsCanonicalizer,1200,0.059
com.fasterxml.jackson.core.sym.ByteQuadsCanonicalizer.TableInfo,1237,0.059
com.fasterxml.jackson.core.sym.ByteQuadsCanonicalizer.TableInfo,1238,0.059
com.fasterxml.jackson.core.sym.ByteQuadsCanonicalizer.TableInfo,1239,0.059
com.fasterxml.jackson.core.sym.ByteQuadsCanonicalizer.TableInfo,1240,0.059
com.fasterxml.jackson.core.sym.ByteQuadsCanonicalizer.TableInfo,1241,0.059
com.fasterxml.jackson.core.sym.ByteQuadsCanonicalizer.TableInfo,1242,0.059
com.fasterxml.jackson.core.sym.ByteQuadsCanonicalizer.TableInfo,1243,0.059
com.fasterxml.jackson.core.sym.ByteQuadsCanonicalizer.TableInfo,1244,0.059
com.fasterxml.jackson.core.sym.ByteQuadsCanonicalizer.TableInfo,1245,0.059
com.fasterxml.jackson.core.sym.ByteQuadsCanonicalizer.TableInfo,1259,0.059
com.fasterxml.jackson.core.sym.ByteQuadsCanonicalizer.TableInfo,1260,0.059
com.fasterxml.jackson.core.sym.ByteQuadsCanonicalizer.TableInfo,1262,0.059
com.fasterxml.jackson.core.JsonFactory.Feature,131,0.058
com.fasterxml.jackson.core.JsonFactory.Feature,132,0.058
com.fasterxml.jackson.core.JsonFactory.Feature,133,0.058
com.fasterxml.jackson.core.JsonFactory.Feature,135,0.058
com.fasterxml.jackson.core.JsonFactory.Feature,140,0.058
com.fasterxml.jackson.core.JsonFactory.Feature,138,0.058
com.fasterxml.jackson.core.JsonFactory.Feature,76,0.058
com.fasterxml.jackson.core.JsonFactory.Feature,86,0.058
com.fasterxml.jackson.core.JsonFactory.Feature,102,0.058
com.fasterxml.jackson.core.JsonFactory.Feature,117,0.058
com.fasterxml.jackson.core.JsonFactory.Feature,57,0.058
com.fasterxml.jackson.core.JsonFactory.Feature,141,0.058
com.fasterxml.jackson.core.JsonFactory.Feature,142,0.058
