target,pid,bid,env,checkout,compile,check_classfiles,gzoltar_exec_time,gzoltar_executed_tests,gzoltar_failing_tests,gzoltar_fl,flacoco_exec_time,flacoco_executed_tests,flacoco_failing_tests,flacoco_fl
,Chart,3,True,True,True,True,16.898,False,False,False,245.058,False,True,True
,Chart,5,True,True,True,True,19.708,False,False,False,184.994,False,True,True
,Chart,24,True,True,True,True,20.087,False,False,False,128.123,False,True,True
,Chart,22,True,True,True,True,,False,False,False,127.224,False,True,True
,Chart,19,True,True,True,True,,False,False,False,134.529,False,True,True
,Chart,13,True,True,True,True,,False,False,False,174.596,False,True,True
,Chart,9,True,True,True,True,17.359,False,False,False,132.711,False,True,True
,Chart,10,True,True,True,True,,False,False,False,131.979,False,True,True
,Chart,26,True,True,True,True,18.709,False,False,False,142.784,False,False,True
,Chart,23,True,True,True,True,,False,False,False,135.088,False,True,True
,Chart,1,True,True,True,True,22.0,False,False,False,180.394,False,True,True
,Chart,17,True,True,True,True,,False,False,False,140.813,False,True,True
,Chart,8,True,True,True,True,39.693,False,False,False,144.813,False,False,False
,Chart,16,True,True,True,True,,False,False,False,145.378,False,True,True
,Chart,15,True,True,True,True,17.601,False,False,False,144.592,False,True,True
,Chart,12,True,True,True,True,263.426,False,False,False,118.705,False,True,True
,Chart,2,True,True,True,True,56.852,False,False,False,173.046,False,True,True
,Chart,11,True,True,True,True,,False,False,False,144.946,False,True,True
,Chart,14,True,True,True,True,,False,False,False,168.679,False,True,True
,Chart,6,True,True,True,True,,False,False,False,125.216,False,True,True
,Chart,4,True,True,True,True,,False,False,False,339.341,False,True,True
,Chart,18,True,True,True,True,23.83,False,False,False,117.959,False,True,True
,Chart,20,True,True,True,True,30.861,False,False,False,97.023,False,True,True
,Chart,7,True,True,True,True,13.769,False,False,False,125.51,False,True,True
,Chart,21,True,True,True,True,215.989,False,False,False,109.905,False,True,True
,Chart,25,True,True,True,True,189.048,False,False,False,103.113,False,True,True
,JacksonDatabind,24,True,True,True,True,11.523,False,False,False,,False,False,False
,JacksonDatabind,22,True,True,True,True,11.028,False,False,False,,False,False,False
,JacksonDatabind,30,True,True,True,True,12.361,False,False,False,,False,False,False
,JacksonDatabind,103,True,True,True,True,14.69,False,False,False,,False,False,False
,JacksonDatabind,106,True,True,True,True,16.269,False,False,False,,False,False,False
,JacksonDatabind,71,True,True,True,True,11.485,False,False,False,,False,False,False
,JacksonDatabind,102,True,True,True,True,12.571,False,False,False,,False,False,False
,JacksonDatabind,52,True,True,True,True,13.299,False,False,False,,False,False,False
,JacksonDatabind,61,True,True,True,True,9.812,False,False,False,,False,False,False
,JacksonDatabind,70,True,True,True,True,10.064,False,False,False,,False,False,False
,JacksonDatabind,10,True,True,True,True,13.967,False,False,False,139.099,False,False,False
,JacksonDatabind,97,True,True,True,True,15.769,False,False,False,,False,False,False
,JacksonDatabind,31,True,True,True,True,13.613,False,False,False,,False,False,False
,JacksonDatabind,15,True,True,True,True,12.463,False,False,False,144.418,False,True,True
,JacksonDatabind,53,True,True,True,True,9.471,False,False,False,,False,False,False
,JacksonDatabind,43,True,True,True,True,12.984,False,False,False,,False,False,False
,JacksonDatabind,2,True,True,True,True,18.0,False,False,False,,False,False,False
,JacksonDatabind,77,True,True,True,True,9.99,False,False,False,,False,False,False
,JacksonDatabind,87,True,True,True,True,11.482,False,False,False,,False,False,False
,JacksonDatabind,6,True,True,True,True,8.99,False,False,False,,False,False,False
,JacksonDatabind,37,True,True,True,True,12.672,False,False,False,,False,False,False
,JacksonDatabind,63,True,True,True,True,10.223,False,False,False,,False,False,False
,JacksonDatabind,78,True,True,True,True,14.719,False,False,False,,False,False,False
,JacksonDatabind,100,True,True,True,True,14.486,False,False,False,,False,False,False
,JacksonDatabind,75,True,True,True,True,14.911,False,False,False,,False,False,False
,JacksonDatabind,21,True,True,True,True,12.562,False,False,False,,False,False,False
,JacksonDatabind,41,True,True,True,True,14.992,False,False,False,,False,False,False
,JacksonDatabind,5,True,True,True,True,12.344,False,False,False,,False,False,False
,JacksonDatabind,94,True,True,True,True,13.398,False,False,False,,False,False,False
,JacksonDatabind,42,True,True,True,True,11.633,False,False,False,,False,False,False
,JacksonDatabind,50,True,True,True,True,17.271,False,False,False,,False,False,False
,JacksonDatabind,13,True,True,True,True,10.946,False,False,False,189.268,False,True,True
,JacksonDatabind,32,True,True,True,True,14.001,False,False,False,,False,False,False
,JacksonDatabind,23,True,True,True,True,11.745,False,False,False,,False,False,False
,JacksonDatabind,1,True,True,True,True,11.725,False,False,False,,False,False,False
,JacksonDatabind,84,True,True,True,True,15.792,False,False,False,,False,False,False
,JacksonDatabind,16,True,True,True,True,12.27,False,False,False,167.523,False,False,False
,JacksonDatabind,38,True,True,True,True,10.743,False,False,False,,False,False,False
,JacksonDatabind,62,True,True,True,True,12.115,False,False,False,,False,False,False
,JacksonDatabind,80,True,True,True,True,15.653,False,False,False,,False,False,False
,JacksonDatabind,109,True,True,True,True,13.336,False,False,False,,False,False,False
,JacksonDatabind,90,True,True,True,True,16.506,False,False,False,,False,False,False
,JacksonDatabind,83,True,True,True,True,21.69,False,False,False,,False,False,False
,JacksonDatabind,57,True,True,True,True,11.575,False,False,False,,False,False,False
,JacksonDatabind,56,True,True,True,True,21.297,False,False,False,,False,False,False
,JacksonDatabind,4,True,True,True,True,,False,False,False,,False,False,False
,JacksonDatabind,39,True,True,True,True,,False,False,False,,False,False,False
,JacksonDatabind,36,True,True,True,True,17.979,False,False,False,,False,False,False
,JacksonDatabind,51,True,True,True,True,27.153,False,False,False,,False,False,False
,JacksonDatabind,101,True,True,True,True,21.881,False,False,False,,False,False,False
,JacksonDatabind,7,True,True,True,True,16.516,False,False,False,,False,False,False
,JacksonDatabind,40,True,True,True,True,12.759,False,False,False,,False,False,False
,JacksonDatabind,110,True,True,True,True,17.025,False,False,False,,False,False,False
,JacksonDatabind,82,True,True,True,True,19.459,False,False,False,,False,False,False
,JacksonDatabind,60,True,True,True,True,,False,False,False,,False,False,False
,JacksonDatabind,55,True,True,True,True,,False,False,False,,False,False,False
,JacksonDatabind,25,True,True,True,True,14.996,False,False,False,,False,False,False
,JacksonDatabind,49,True,True,True,True,15.283,False,False,False,,False,False,False
,JacksonDatabind,3,True,True,True,True,12.621,False,False,False,,False,False,False
,JacksonDatabind,88,True,True,True,True,14.745,False,False,False,,False,False,False
,JacksonDatabind,92,True,True,True,True,17.514,False,False,False,,False,False,False
,JacksonDatabind,19,True,True,True,True,18.25,False,False,False,,False,False,False
,JacksonDatabind,76,True,True,True,True,19.438,False,False,False,,False,False,False
,JacksonDatabind,105,True,True,True,True,15.72,False,False,False,,False,False,False
,JacksonDatabind,107,True,True,True,True,,False,False,False,,False,False,False
,JacksonDatabind,9,True,True,True,True,16.35,False,False,False,,False,False,False
,JacksonDatabind,104,True,True,True,True,14.846,False,False,False,,False,False,False
,JacksonDatabind,28,True,True,True,True,15.922,False,False,False,,False,False,False
,JacksonDatabind,54,True,True,True,True,,False,False,False,,False,False,False
,JacksonDatabind,17,True,True,True,True,10.347,False,False,False,,False,False,False
,JacksonDatabind,8,True,True,True,True,14.81,False,False,False,,False,False,False
,JacksonDatabind,95,True,True,True,True,16.471,False,False,False,,False,False,False
,JacksonDatabind,89,True,True,True,True,15.336,False,False,False,,False,False,False
,JacksonDatabind,108,True,True,True,True,16.677,False,False,False,,False,False,False
,JacksonDatabind,99,True,True,True,True,16.55,False,False,False,,False,False,False
,JacksonDatabind,93,True,True,True,True,16.142,False,False,False,,False,False,False
,JacksonDatabind,12,True,True,True,True,13.305,False,False,False,,False,False,False
,JacksonDatabind,11,True,True,True,True,14.546,False,False,False,183.211,False,False,True
,JacksonDatabind,14,True,True,True,True,13.614,False,False,False,196.454,False,True,True
,JacksonDatabind,33,True,True,True,True,9.818,False,False,False,,False,False,False
,JacksonDatabind,35,True,True,True,True,17.196,False,False,False,215.602,False,True,True
,JacksonDatabind,65,True,True,True,True,17.374,False,False,False,,False,False,False
,JacksonDatabind,58,True,True,True,True,15.751,False,False,False,,False,False,False
,JacksonDatabind,18,True,True,True,True,20.621,False,False,False,,False,False,False
,JacksonDatabind,81,True,True,True,True,22.679,False,False,False,,False,False,False
,JacksonDatabind,20,True,True,True,True,20.64,False,False,False,232.86,False,True,True
,JacksonDatabind,98,True,True,True,True,14.016,False,False,False,,False,False,False
,JacksonDatabind,73,True,True,True,True,15.707,False,False,False,,False,False,False
,JacksonDatabind,79,True,True,True,True,12.828,False,False,False,,False,False,False
,JacksonDatabind,74,True,True,True,True,,False,False,False,,False,False,False
,JacksonDatabind,34,True,True,True,True,9.963,False,False,False,,False,False,False
,JacksonDatabind,72,True,True,True,True,11.708,False,False,False,,False,False,False
,JacksonDatabind,85,True,True,True,True,13.834,False,False,False,,False,False,False
,JacksonDatabind,112,True,True,True,True,,False,False,False,,False,False,False
,JacksonDatabind,66,True,True,True,True,17.498,False,False,False,,False,False,False
,JacksonDatabind,86,True,True,True,True,18.069,False,False,False,,False,False,False
,JacksonDatabind,26,True,True,True,True,12.294,False,False,False,,False,False,False
,JacksonDatabind,111,True,True,True,True,13.748,False,False,False,,False,False,False
,JacksonDatabind,44,True,True,True,True,14.55,False,False,False,,False,False,False
,JacksonDatabind,59,True,True,True,True,15.499,False,False,False,,False,False,False
,JacksonDatabind,64,True,True,True,True,15.115,False,False,False,,False,False,False
,JacksonDatabind,68,True,True,True,True,,False,False,False,,False,False,False
,JacksonDatabind,45,True,True,True,True,12.032,False,False,False,,False,False,False
,JacksonDatabind,67,True,True,True,True,,False,False,False,,False,False,False
,JacksonDatabind,48,True,True,True,True,14.912,False,False,False,,False,False,False
,JacksonDatabind,46,True,True,True,True,15.507,False,False,False,,False,False,False
,JacksonDatabind,27,True,True,True,True,12.136,False,False,False,,False,False,False
,JacksonDatabind,47,True,True,True,True,13.507,False,False,False,,False,False,False
,JacksonDatabind,29,True,True,True,True,14.714,False,False,False,,False,False,False
,JacksonDatabind,91,True,True,True,True,21.101,False,False,False,,False,False,False
,JacksonDatabind,96,True,True,True,True,19.091,False,False,False,,False,False,False
,JacksonDatabind,69,True,True,True,True,12.998,False,False,False,,False,False,False
,Csv,9,True,True,True,True,8.114,False,False,False,20.053,False,True,True
,Csv,10,True,True,True,True,22.109,False,False,True,16.689,False,True,True
,Csv,3,True,True,True,True,7.596,False,False,False,10.262,False,True,True
,Csv,5,True,True,True,True,24.523,False,False,True,12.115,False,True,True
,Csv,15,True,True,True,True,,False,False,False,13.867,False,True,True
,Csv,12,True,True,True,True,8.796,False,False,False,18.772,False,True,True
,Csv,2,True,True,True,True,9.701,False,False,False,16.617,False,True,True
,Csv,7,True,True,True,True,23.372,False,False,True,10.066,False,True,True
,Csv,1,True,True,True,True,13.795,False,True,True,5.784,False,True,True
,Csv,11,True,True,True,True,25.114,False,False,False,19.205,False,True,True
,Csv,14,True,True,True,True,36.643,False,False,False,26.476,False,True,True
,Csv,8,True,True,True,True,,False,False,False,10.782,False,True,True
,Csv,6,True,True,True,True,,False,False,False,12.905,False,True,True
,Csv,13,True,True,True,True,5.68,False,False,False,22.529,False,True,True
,Csv,16,True,True,True,True,44.096,False,False,True,23.713,False,True,True
,Csv,4,True,True,True,True,22.967,False,False,True,17.399,False,True,True
,Cli,3,True,True,True,True,4.062,False,False,False,6.728,False,True,True
,Cli,5,True,True,True,True,3.774,False,False,False,10.681,False,True,True
,Cli,24,True,True,True,True,17.828,False,False,True,20.167,False,True,True
,Cli,22,True,True,True,True,16.429,False,False,False,7.703,False,True,True
,Cli,30,True,True,True,True,,False,False,False,23.482,False,True,True
,Cli,34,True,True,True,True,5.435,False,False,False,12.301,False,True,True
,Cli,19,True,True,True,True,15.373,False,False,True,7.23,False,True,True
,Cli,13,True,True,True,True,35.788,False,False,True,14.125,False,False,True
,Cli,32,True,True,True,True,22.801,False,False,False,15.833,False,True,True
,Cli,9,True,True,True,True,12.742,False,False,False,5.64,False,True,True
,Cli,10,True,True,True,True,12.44,False,False,True,7.25,False,True,True
,Cli,26,True,True,True,True,6.286,False,False,False,6.492,False,True,True
,Cli,23,True,True,True,True,4.033,False,False,False,16.313,False,True,True
,Cli,1,True,True,True,True,8.005,False,False,False,4.535,False,True,True
,Cli,28,True,True,True,True,,False,False,False,8.042,False,True,True
,Cli,17,True,True,True,True,12.503,False,False,True,7.629,False,True,True
,Cli,8,True,True,True,True,6.102,False,False,False,6.421,False,True,True
,Cli,31,True,True,True,True,22.711,False,False,True,11.244,False,True,True
,Cli,16,True,True,True,True,,False,False,False,15.686,False,False,True
,Cli,38,True,True,True,True,8.974,False,False,False,10.891,True,True,True
,Cli,15,True,True,True,True,26.31,False,False,True,13.107,False,False,True
,Cli,12,True,True,True,True,10.91,False,False,True,10.05,False,True,True
,Cli,2,True,True,True,True,9.509,False,False,True,10.197,False,True,True
,Cli,11,True,True,True,True,11.775,False,False,True,6.081,False,True,True
,Cli,14,True,True,True,True,19.774,False,False,False,14.8,False,False,True
,Cli,27,True,True,True,True,,False,False,False,7.439,False,True,True
,Cli,35,True,True,True,True,18.799,True,True,True,12.315,False,True,True
,Cli,29,True,True,True,True,16.421,False,False,True,7.012,False,True,True
,Cli,4,True,True,True,True,9.029,False,False,True,4.1,False,True,True
,Cli,39,True,True,True,True,15.287,True,True,True,7.968,True,True,True
,Cli,36,True,True,True,True,15.686,True,True,True,7.84,True,True,True
,Cli,37,True,True,True,True,15.122,True,True,True,7.418,True,True,True
,Cli,18,True,True,True,True,9.916,False,False,True,4.95,False,True,True
,Cli,20,True,True,True,True,10.789,False,False,True,5.6,False,True,True
,Cli,7,True,True,True,True,24.658,False,False,True,10.653,False,False,True
,Cli,40,True,True,True,True,16.094,True,True,True,8.573,True,True,True
,Cli,21,True,True,True,True,26.748,False,False,True,13.463,False,False,True
,Cli,25,True,True,True,True,10.24,False,False,True,5.471,False,True,True
,Cli,33,True,True,True,True,15.992,False,False,True,8.087,False,True,True
,Jsoup,24,True,True,True,True,52.778,True,True,True,,False,False,False
,Jsoup,22,True,True,True,True,51.011,True,True,True,,False,False,False
,Jsoup,30,True,True,True,True,55.151,True,True,True,,False,False,False
,Jsoup,71,True,True,True,True,107.115,False,True,True,28.389,False,True,True
,Jsoup,52,True,True,True,True,76.081,True,True,True,,False,False,False
,Jsoup,61,True,True,True,True,95.456,True,False,True,17.34,True,True,True
,Jsoup,70,True,True,True,True,109.401,False,True,True,20.933,False,True,True
,Jsoup,10,True,True,True,True,31.542,True,True,True,,False,False,False
,Jsoup,31,True,True,True,True,59.451,True,True,True,,False,False,False
,Jsoup,15,True,True,True,True,47.215,True,True,True,,False,False,False
,Jsoup,53,True,True,True,True,78.067,True,True,True,,False,False,False
,Jsoup,43,True,True,True,True,78.131,True,True,True,,False,False,False
,Jsoup,2,True,True,True,True,10.342,False,False,True,,False,False,False
,Jsoup,77,True,True,True,True,,False,False,False,21.075,False,True,True
,Jsoup,87,True,True,True,True,,False,False,False,20.524,False,True,True
,Jsoup,6,True,True,True,True,,False,False,False,,False,False,False
,Jsoup,37,True,True,True,True,3.287,False,False,False,,False,False,False
,Jsoup,63,True,True,True,True,66.337,False,False,False,20.642,True,True,True
,Jsoup,78,True,True,True,True,,False,False,False,27.507,False,True,True
,Jsoup,75,True,True,True,True,,False,False,False,22.247,False,True,True
,Jsoup,21,True,True,True,True,15.078,False,False,False,,False,False,False
,Jsoup,41,True,True,True,True,,False,False,False,,False,False,False
,Jsoup,5,True,True,True,True,24.455,False,True,True,,False,False,False
,Jsoup,42,True,True,True,True,,False,False,False,,False,False,False
,Jsoup,50,True,True,True,True,74.288,True,True,True,,False,False,False
,Jsoup,13,True,True,True,True,38.439,False,False,False,,False,False,False
,Jsoup,32,True,True,True,True,,False,False,False,,False,False,False
,Jsoup,23,True,True,True,True,50.409,True,True,True,,False,False,False
,Jsoup,1,True,True,True,True,10.121,False,False,True,,False,False,False
,Jsoup,84,True,True,True,True,106.285,False,True,True,21.924,False,True,True
,Jsoup,16,True,True,True,True,44.923,True,True,True,,False,False,False
,Jsoup,38,True,True,True,True,60.697,True,True,True,,False,False,False
,Jsoup,62,True,True,True,True,89.073,True,False,True,14.851,True,True,True
,Jsoup,80,True,True,True,True,110.359,False,True,True,26.56,False,True,True
,Jsoup,90,True,True,True,True,118.406,False,True,True,23.92,False,True,True
,Jsoup,83,True,True,True,True,110.929,False,True,True,18.777,False,True,True
,Jsoup,57,True,True,True,True,84.104,True,False,True,17.697,True,True,True
,Jsoup,56,True,True,True,True,83.827,True,False,True,15.383,True,True,True
,Jsoup,4,True,True,True,True,23.493,False,True,True,,False,False,False
,Jsoup,39,True,True,True,True,62.088,True,True,True,,False,False,False
,Jsoup,36,True,True,True,True,62.674,True,True,True,,False,False,False
,Jsoup,51,True,True,True,True,68.58,True,True,True,,False,False,False
,Jsoup,7,True,True,True,True,27.965,True,True,True,,False,False,False
,Jsoup,40,True,True,True,True,62.173,True,True,True,,False,False,False
,Jsoup,82,True,True,True,True,112.516,False,True,True,22.026,False,True,True
,Jsoup,60,True,True,True,True,,False,False,False,19.332,True,True,True
,Jsoup,55,True,True,True,True,,False,False,False,17.199,True,True,True
,Jsoup,25,True,True,True,True,51.487,True,True,True,,False,False,False
,Jsoup,49,True,True,True,True,71.522,True,True,True,,False,False,False
,Jsoup,3,True,True,True,True,9.628,False,False,True,,False,False,False
,Jsoup,88,True,True,True,True,5.78,False,False,False,32.255,False,True,True
,Jsoup,92,True,True,True,True,4.728,False,False,False,33.405,False,True,True
,Jsoup,19,True,True,True,True,,False,False,False,,False,False,False
,Jsoup,76,True,True,True,True,3.334,False,False,False,25.228,False,True,True
,Jsoup,9,True,True,True,True,,False,False,False,,False,False,False
,Jsoup,28,True,True,True,True,40.634,False,False,False,,False,False,False
,Jsoup,54,True,True,True,True,,False,False,False,20.134,True,True,True
,Jsoup,17,True,True,True,True,,False,False,False,,False,False,False
,Jsoup,8,True,True,True,True,26.666,False,False,False,,False,False,False
,Jsoup,89,True,True,True,True,,False,False,False,23.357,False,True,True
,Jsoup,93,True,True,True,True,,False,False,False,24.491,False,True,True
,Jsoup,12,True,True,True,True,32.378,True,True,True,,False,False,False
,Jsoup,11,True,True,True,True,29.78,True,True,True,,False,False,False
,Jsoup,14,True,True,True,True,44.313,True,True,True,,False,False,False
,Jsoup,33,True,True,True,True,61.753,True,True,True,,False,False,False
,Jsoup,35,True,True,True,True,57.939,True,True,True,,False,False,False
,Jsoup,65,True,True,True,True,95.163,True,False,True,16.437,False,True,True
,Jsoup,58,True,True,True,True,83.095,True,False,True,14.779,True,True,True
,Jsoup,18,True,True,True,True,,False,False,False,,False,False,False
,Jsoup,81,True,True,True,True,101.092,False,True,True,18.907,False,True,True
,Jsoup,20,True,True,True,True,45.707,True,True,True,,False,False,False
,Jsoup,73,True,True,True,True,96.075,False,True,True,20.32,False,True,True
,Jsoup,79,True,True,True,True,104.362,False,True,True,23.433,False,True,True
,Jsoup,74,True,True,True,True,92.815,False,True,True,17.132,False,True,True
,Jsoup,34,True,True,True,True,55.669,True,True,True,,False,False,False
,Jsoup,72,True,True,True,True,90.486,False,True,True,22.028,False,True,True
,Jsoup,85,True,True,True,True,101.794,False,True,True,19.793,False,True,True
,Jsoup,66,True,True,True,True,93.293,True,False,True,17.841,False,True,True
,Jsoup,86,True,True,True,True,98.304,False,True,True,24.403,False,True,True
,Jsoup,26,True,True,True,True,46.917,True,True,True,,False,False,False
,Jsoup,44,True,True,True,True,75.147,False,False,False,,False,False,False
,Jsoup,59,True,True,True,True,,False,False,False,24.229,True,True,True
,Jsoup,64,True,True,True,True,60.319,False,False,False,17.894,True,True,True
,Jsoup,68,True,True,True,True,,False,False,False,62.338,False,True,True
,Jsoup,45,True,True,True,True,65.973,True,True,True,,False,False,False
,Jsoup,67,True,True,True,True,,False,False,False,92.748,False,True,True
,Jsoup,48,True,True,True,True,66.164,True,True,True,,False,False,False
,Jsoup,46,True,True,True,True,,False,False,False,,False,False,False
,Jsoup,27,True,True,True,True,34.159,False,False,False,,False,False,False
,Jsoup,47,True,True,True,True,,False,False,False,,False,False,False
,Jsoup,29,True,True,True,True,,False,False,False,,False,False,False
,Jsoup,91,True,True,True,True,108.944,False,False,False,19.582,False,True,True
,Jsoup,69,True,True,True,True,,False,False,False,17.218,False,True,True
,Compress,3,True,True,True,True,12.797,False,True,True,5.512,False,True,True
,Compress,5,True,True,True,True,13.362,False,True,True,5.882,False,True,True
,Compress,24,True,True,True,True,31.824,False,False,True,18.91,False,True,True
,Compress,42,True,True,True,True,58.02,False,False,True,32.918,False,True,True
,Compress,22,True,True,True,True,32.507,False,False,True,15.771,False,True,True
,Compress,30,True,True,True,True,44.596,False,False,True,22.323,False,True,True
,Compress,34,True,True,True,True,43.332,False,False,True,23.804,False,True,True
,Compress,19,True,True,True,True,26.268,False,False,True,14.101,False,False,True
,Compress,13,True,True,True,True,21.722,False,False,True,9.205,False,True,True
,Compress,32,True,True,True,True,43.791,False,False,True,26.759,False,True,True
,Compress,9,True,True,True,True,19.928,False,True,True,10.104,False,True,True
,Compress,10,True,True,True,True,19.696,False,False,True,9.445,False,True,True
,Compress,26,True,True,True,True,30.366,False,False,True,17.31,False,True,True
,Compress,23,True,True,True,True,31.187,False,False,True,16.944,False,True,True
,Compress,44,True,True,True,True,68.626,False,False,True,41.051,False,True,True
,Compress,1,True,True,True,True,8.633,False,True,True,7.138,False,True,True
,Compress,28,True,True,True,True,33.316,False,False,True,17.289,False,True,True
,Compress,17,True,True,True,True,22.407,False,False,True,10.483,False,True,True
,Compress,8,True,True,True,True,15.559,False,True,True,6.825,False,True,True
,Compress,31,True,True,True,True,43.401,False,False,True,23.026,False,True,True
,Compress,16,True,True,True,True,22.783,False,False,True,10.006,False,True,True
,Compress,38,True,True,True,True,45.883,False,False,True,27.769,False,True,True
,Compress,45,True,True,True,True,68.069,False,False,True,41.52,False,True,True
,Compress,15,True,True,True,True,22.255,False,False,True,10.471,False,True,True
,Compress,12,True,True,True,True,20.58,False,False,True,13.714,False,True,True
,Compress,43,True,True,True,True,67.057,False,False,True,37.827,False,True,True
,Compress,2,True,True,True,True,10.16,False,False,True,4.424,False,True,True
,Compress,11,True,True,True,True,17.494,False,False,False,12.718,False,True,True
,Compress,14,True,True,True,True,21.381,False,False,True,11.602,False,True,True
,Compress,46,True,True,True,True,,False,False,False,32.052,False,True,True
,Compress,27,True,True,True,True,32.291,False,False,True,19.894,False,True,True
,Compress,35,True,True,True,True,43.988,False,False,True,25.787,False,True,True
,Compress,6,True,True,True,True,13.447,False,True,True,5.135,False,True,True
,Compress,29,True,True,True,True,22.826,False,False,True,19.962,False,True,True
,Compress,47,True,True,True,True,,False,False,False,32.115,False,True,True
,Compress,4,True,True,True,True,9.233,False,False,False,10.953,False,True,True
,Compress,39,True,True,True,True,39.027,False,False,True,21.502,False,True,True
,Compress,36,True,True,True,True,37.772,False,False,False,22.773,False,True,True
,Compress,37,True,True,True,True,,False,False,False,23.027,False,True,True
,Compress,18,True,True,True,True,20.319,False,False,True,11.719,False,True,True
,Compress,20,True,True,True,True,,False,False,False,10.617,False,False,True
,Compress,7,True,True,True,True,13.813,False,True,True,6.949,False,True,True
,Compress,40,True,True,True,True,28.933,False,False,False,25.728,False,True,True
,Compress,21,True,True,True,True,,False,False,False,17.986,False,False,True
,Compress,41,True,True,True,True,55.708,False,False,True,23.418,False,True,True
,Compress,25,True,True,True,True,,False,False,False,14.012,False,True,True
,Compress,33,True,True,True,True,43.297,False,False,True,27.52,False,True,True
,Time,3,True,True,True,True,66.2,False,False,False,204.82,False,True,True
,Time,5,True,True,True,True,,False,False,False,185.823,False,True,True
,Time,24,True,True,True,True,349.238,False,False,True,138.417,False,False,True
,Time,22,True,True,True,True,350.19,False,False,True,139.805,False,False,True
,Time,19,True,True,True,True,347.411,False,False,True,148.995,False,False,True
,Time,13,True,True,True,True,339.9,False,False,True,153.231,False,True,True
,Time,9,True,True,True,True,,False,False,False,190.625,False,True,True
,Time,10,True,True,True,True,,False,False,False,187.706,False,True,True
,Time,26,True,True,True,True,,False,False,False,142.787,False,False,True
,Time,23,True,True,True,True,,False,False,False,161.957,False,False,True
,Time,1,True,True,True,True,,False,False,False,205.007,False,True,True
,Time,17,True,True,True,True,,False,False,False,151.967,False,False,True
,Time,8,True,True,True,True,,False,False,False,188.995,False,True,True
,Time,16,True,True,True,True,339.829,False,False,True,143.104,False,False,True
,Time,15,True,True,True,True,336.779,False,False,True,146.151,False,False,True
,Time,12,True,True,True,True,340.451,False,False,True,143.606,False,True,True
,Time,2,True,True,True,True,358.594,False,False,True,183.469,False,True,True
,Time,11,True,True,True,True,,False,False,False,205.374,False,True,True
,Time,14,True,True,True,True,,False,False,False,197.834,False,True,True
,Time,27,True,True,True,True,,False,False,False,188.962,False,False,True
,Time,6,True,True,True,True,,False,False,False,265.984,False,True,True
,Time,4,True,True,True,True,,False,False,False,267.601,False,True,True
,Time,18,True,True,True,True,,False,False,False,215.244,False,False,True
,Time,20,True,True,True,True,162.138,False,False,False,147.059,False,False,True
,Time,7,True,True,True,True,,False,False,False,297.073,False,True,True
,Time,25,True,True,True,True,321.916,False,False,True,139.136,False,False,True
,Mockito,3,True,True,True,True,12.252,False,False,True,,False,False,False
,Mockito,5,True,True,True,True,11.683,False,False,True,79.186,False,True,True
,Mockito,24,True,True,True,True,2.987,False,False,False,0.602,False,False,False
,Mockito,22,True,True,True,True,3.35,False,False,False,0.702,False,False,False
,Mockito,30,True,True,True,True,3.026,False,False,False,0.589,False,False,False
,Mockito,34,True,True,True,True,3.286,False,False,False,0.63,False,False,False
,Mockito,19,True,True,True,True,13.354,False,False,True,,False,False,False
,Mockito,13,True,True,True,True,3.146,False,False,False,0.63,False,False,False
,Mockito,32,True,True,True,True,2.914,False,False,False,0.651,False,False,False
,Mockito,9,True,True,True,True,10.025,False,False,True,82.703,False,True,True
,Mockito,10,True,True,True,True,9.892,False,False,True,92.034,False,True,True
,Mockito,26,True,True,True,True,3.959,False,False,False,0.989,False,False,False
,Mockito,23,True,True,True,True,3.853,False,False,False,0.82,False,False,False
,Mockito,1,True,True,True,True,15.615,False,False,True,,False,False,False
,Mockito,28,True,True,True,True,4.691,False,False,False,0.884,False,False,False
,Mockito,17,True,True,True,True,3.797,False,False,False,0.907,False,False,False
,Mockito,8,True,True,True,True,14.961,False,False,True,172.377,False,True,True
,Mockito,31,True,True,True,True,4.463,False,False,False,0.857,False,False,False
,Mockito,16,True,True,True,True,4.157,False,False,False,0.71,False,False,False
,Mockito,38,True,True,True,True,5.429,False,False,False,0.657,False,False,False
,Mockito,15,True,True,True,True,4.158,False,False,False,0.807,False,False,False
,Mockito,12,True,True,True,True,4.389,False,False,False,0.925,False,False,False
,Mockito,2,True,True,True,True,14.664,False,False,True,113.428,False,False,False
,Mockito,11,True,True,True,True,12.113,False,False,True,109.787,False,False,True
,Mockito,14,True,True,True,True,3.986,False,False,False,1.424,False,False,False
,Mockito,27,True,True,True,True,3.92,False,False,False,0.815,False,False,False
,Mockito,35,True,True,True,True,5.119,False,False,False,1.253,False,False,False
,Mockito,6,True,True,True,True,17.498,False,False,True,102.625,False,False,False
,Mockito,29,True,True,True,True,4.419,False,False,False,0.74,False,False,False
,Mockito,4,True,True,True,True,7.23,False,False,False,122.43,False,True,True
,Mockito,36,True,True,True,True,4.165,False,False,False,0.645,False,False,False
,Mockito,37,True,True,True,True,5.266,False,False,False,0.997,False,False,False
,Mockito,18,True,True,True,True,25.442,False,False,True,,False,False,False
,Mockito,20,True,True,True,True,18.249,False,False,True,,False,False,False
,Mockito,7,True,True,True,True,19.688,False,False,True,113.745,False,True,True
,Mockito,21,True,True,True,True,16.284,False,False,True,107.814,False,True,True
,Mockito,25,True,True,True,True,4.57,False,False,False,1.474,False,False,False
,Mockito,33,True,True,True,True,5.494,False,False,False,1.039,False,False,False
,Codec,9,True,True,True,True,14.682,False,False,False,15.401,False,True,True
,Codec,10,True,True,True,True,19.414,False,True,True,12.084,False,True,True
,Codec,3,True,True,True,True,11.031,False,False,False,8.162,False,True,True
,Codec,5,True,True,True,True,,False,False,False,8.04,False,True,True
,Codec,15,True,True,True,True,23.634,False,False,False,25.623,False,True,True
,Codec,18,True,True,True,True,,False,False,False,19.075,False,True,True
,Codec,12,True,True,True,True,22.357,False,False,False,22.612,False,True,True
,Codec,2,True,True,True,True,,False,False,False,4.015,False,True,True
,Codec,7,True,True,True,True,16.891,False,True,True,8.697,False,True,True
,Codec,1,True,True,True,True,10.92,False,True,True,5.855,False,True,True
,Codec,11,True,True,True,True,9.454,False,True,True,35.155,False,True,True
,Codec,14,True,True,True,True,,False,False,False,12.273,False,True,True
,Codec,8,True,True,True,True,13.071,False,True,True,11.227,False,True,True
,Codec,17,True,True,True,True,4.106,False,False,False,22.153,False,True,True
,Codec,6,True,True,True,True,15.474,False,True,True,8.384,False,True,True
,Codec,13,True,True,True,True,10.286,False,False,False,21.322,False,True,True
,Codec,16,True,True,True,True,,False,False,False,16.933,False,True,True
,Codec,4,True,True,True,True,11.918,False,False,False,7.991,False,True,True
,Gson,9,True,True,True,True,5.394,False,False,False,22.147,False,True,True
,Gson,10,True,True,True,True,12.928,False,False,False,22.937,False,True,True
,Gson,3,True,True,True,True,,False,False,False,20.352,False,True,True
,Gson,5,True,True,True,True,62.543,True,True,True,21.55,False,True,True
,Gson,15,True,True,True,True,,False,False,False,26.05,False,True,True
,Gson,18,True,True,True,True,57.058,False,True,True,20.623,False,True,True
,Gson,12,True,True,True,True,55.072,False,True,True,24.733,False,True,True
,Gson,2,True,True,True,True,49.415,True,True,True,21.476,False,True,True
,Gson,7,True,True,True,True,52.029,True,True,True,25.574,False,True,True
,Gson,1,True,True,True,True,30.491,True,True,True,15.9,True,False,True
,Gson,11,True,True,True,True,51.528,False,True,True,22.366,False,True,True
,Gson,14,True,True,True,True,50.981,False,True,True,70.224,False,True,True
,Gson,8,True,True,True,True,54.882,True,True,True,19.38,False,True,True
,Gson,17,True,True,True,True,53.198,False,True,True,24.833,False,True,True
,Gson,6,True,True,True,True,53.933,True,True,True,23.89,False,True,True
,Gson,13,True,True,True,True,56.481,False,True,True,20.988,False,True,True
,Gson,16,True,True,True,True,51.536,False,True,True,18.26,False,True,True
,Gson,4,True,True,True,True,48.741,True,True,True,21.351,False,True,True
,JacksonCore,3,True,True,True,True,25.358,False,True,True,10.54,False,True,True
,JacksonCore,5,True,True,True,True,28.053,True,True,True,15.35,True,True,True
,JacksonCore,24,True,True,True,True,24.065,False,False,True,31.629,False,True,True
,JacksonCore,22,True,True,True,True,19.859,False,False,True,19.738,True,True,True
,JacksonCore,19,True,True,True,True,40.191,True,True,True,15.934,True,True,True
,JacksonCore,13,True,True,True,True,39.619,True,True,True,13.8,True,True,True
,JacksonCore,9,True,True,True,True,32.506,True,True,True,12.523,True,True,True
,JacksonCore,10,True,True,True,True,39.379,True,True,True,17.919,True,True,True
,JacksonCore,26,True,True,True,True,25.692,False,False,True,24.014,False,True,True
,JacksonCore,23,True,True,True,True,23.553,False,False,True,24.769,False,True,True
,JacksonCore,1,True,True,True,True,25.742,False,True,True,10.94,False,True,True
,JacksonCore,17,True,True,True,True,43.605,True,True,True,17.397,True,True,True
,JacksonCore,8,True,True,True,True,35.975,True,True,True,12.001,True,True,True
,JacksonCore,16,True,True,True,True,49.776,True,True,True,16.567,True,True,True
,JacksonCore,15,True,True,True,True,41.803,True,True,True,13.947,True,True,True
,JacksonCore,12,True,True,True,True,45.387,True,True,True,13.854,True,True,True
,JacksonCore,2,True,True,True,True,27.124,True,True,True,12.03,True,True,True
,JacksonCore,11,True,True,True,True,43.02,True,True,True,18.426,True,True,True
,JacksonCore,14,True,True,True,True,43.004,True,True,True,13.885,True,True,True
,JacksonCore,6,True,True,True,True,29.652,True,True,True,14.093,True,True,True
,JacksonCore,4,True,True,True,True,32.069,True,True,True,11.352,True,True,True
,JacksonCore,18,True,True,True,True,28.241,False,False,False,13.57,True,True,True
,JacksonCore,20,True,True,True,True,17.904,False,False,True,20.006,True,True,True
,JacksonCore,7,True,True,True,True,,False,False,False,12.667,True,True,True
,JacksonCore,21,True,True,True,True,13.482,False,False,True,20.149,True,True,True
,JacksonCore,25,True,True,True,True,,False,False,False,28.98,False,True,True
,JxPath,3,True,True,True,True,16.265,False,False,True,41.309,True,False,True
,JxPath,5,True,True,True,True,,False,False,False,44.518,True,False,True
,JxPath,22,True,True,True,True,20.342,False,False,False,21.126,False,False,True
,JxPath,19,True,True,True,True,,False,False,False,23.487,True,False,True
,JxPath,13,True,True,True,True,22.026,False,False,True,46.191,True,False,True
,JxPath,9,True,True,True,True,3.943,False,False,False,46.374,True,False,True
,JxPath,10,True,True,True,True,,False,False,False,42.617,True,False,True
,JxPath,1,True,True,True,True,3.506,False,False,False,44.448,True,False,True
,JxPath,17,True,True,True,True,2.695,False,False,False,24.792,True,False,True
,JxPath,8,True,True,True,True,18.587,False,False,False,41.164,True,False,True
,JxPath,16,True,True,True,True,,False,False,False,25.421,True,False,True
,JxPath,15,True,True,True,True,22.439,False,False,True,21.505,True,False,True
,JxPath,12,True,True,True,True,12.243,False,False,False,40.254,True,False,True
,JxPath,2,True,True,True,True,,False,False,False,38.693,True,False,True
,JxPath,11,True,True,True,True,19.07,False,False,True,38.944,True,False,True
,JxPath,14,True,True,True,True,19.421,False,False,True,21.409,True,False,True
,JxPath,6,True,True,True,True,19.535,False,False,True,38.468,True,False,True
,JxPath,4,True,True,True,True,19.052,False,False,True,39.344,True,False,True
,JxPath,18,True,True,True,True,21.422,False,False,True,22.027,True,False,True
,JxPath,20,True,True,True,True,22.738,False,False,True,23.216,False,False,True
,JxPath,7,True,True,True,True,21.593,False,False,True,40.592,True,False,True
,JxPath,21,True,True,True,True,22.774,False,False,True,21.472,False,False,True
,Lang,49,True,True,True,True,73.176,False,False,True,,False,False,False
,Lang,3,True,True,True,True,132.628,False,False,True,,False,False,False
,Lang,5,True,True,True,True,,False,False,False,,False,False,False
,Lang,24,True,True,True,True,102.728,False,False,True,,False,False,False
,Lang,42,True,True,True,True,69.766,False,False,True,,False,False,False
,Lang,50,True,True,True,True,,False,False,False,,False,False,False
,Lang,22,True,True,True,True,51.767,False,False,False,,False,False,False
,Lang,30,True,True,True,True,,False,False,False,,False,False,False
,Lang,34,True,True,True,True,91.063,False,True,True,,False,False,False
,Lang,19,True,True,True,True,,False,False,False,,False,False,False
,Lang,13,True,True,True,True,5.313,False,False,False,,False,False,False
,Lang,52,True,True,True,True,,False,False,False,,False,False,False
,Lang,61,True,True,True,True,30.783,False,False,False,,False,False,False
,Lang,32,True,True,True,True,,False,False,False,,False,False,False
,Lang,9,True,True,True,True,125.569,False,False,True,,False,False,False
,Lang,10,True,True,True,True,123.098,False,False,True,,False,False,False
,Lang,26,True,True,True,True,91.964,False,False,True,,False,False,False
,Lang,23,True,True,True,True,16.991,False,False,False,,False,False,False
,Lang,44,True,True,True,True,,False,False,False,,False,False,False
,Lang,1,True,True,True,True,56.06,False,True,True,,False,False,False
,Lang,28,True,True,True,True,,False,False,False,,False,False,False
,Lang,17,True,True,True,True,108.038,False,False,True,,False,False,False
,Lang,8,True,True,True,True,,False,False,False,,False,False,False
,Lang,31,True,True,True,True,41.412,False,False,False,,False,False,False
,Lang,54,True,True,True,True,,False,False,False,,False,False,False
,Lang,59,True,True,True,True,72.547,False,False,True,,False,False,False
,Lang,64,True,True,True,True,67.303,False,False,True,,False,False,False
,Lang,16,True,True,True,True,105.16,False,False,True,,False,False,False
,Lang,38,True,True,True,True,73.575,False,True,True,,False,False,False
,Lang,62,True,True,True,True,72.668,False,False,True,,False,False,False
,Lang,45,True,True,True,True,93.147,False,False,True,,False,False,False
,Lang,15,True,True,True,True,,False,False,False,,False,False,False
,Lang,53,True,True,True,True,64.176,False,False,True,,False,False,False
,Lang,12,True,True,True,True,121.185,False,False,True,,False,False,False
,Lang,43,True,True,True,True,185.665,False,False,True,,False,False,False
,Lang,11,True,True,True,True,114.946,False,False,True,,False,False,False
,Lang,14,True,True,True,True,,False,False,False,,False,False,False
,Lang,48,True,True,True,True,41.799,False,False,False,,False,False,False
,Lang,46,True,True,True,True,,False,False,False,,False,False,False
,Lang,27,True,True,True,True,89.283,False,False,True,,False,False,False
,Lang,35,True,True,True,True,25.985,False,False,False,,False,False,False
,Lang,6,True,True,True,True,,False,False,False,,False,False,False
,Lang,29,True,True,True,True,80.119,False,False,True,,False,False,False
,Lang,47,True,True,True,True,72.559,False,False,True,,False,False,False
,Lang,56,True,True,True,True,64.414,False,False,True,,False,False,False
,Lang,4,True,True,True,True,127.351,False,False,True,,False,False,False
,Lang,39,True,True,True,True,64.786,False,True,True,,False,False,False
,Lang,57,True,True,True,True,53.678,False,False,True,,False,False,False
,Lang,36,True,True,True,True,65.847,False,True,True,,False,False,False
,Lang,51,True,True,True,True,64.864,False,False,True,,False,False,False
,Lang,37,True,True,True,True,69.098,False,True,True,,False,False,False
,Lang,65,True,True,True,True,62.96,False,False,True,,False,False,False
,Lang,58,True,True,True,True,66.359,False,False,True,,False,False,False
,Lang,18,True,True,True,True,91.463,False,False,True,,False,False,False
,Lang,63,True,True,True,True,61.108,False,False,True,,False,False,False
,Lang,20,True,True,True,True,86.997,False,False,True,,False,False,False
,Lang,7,True,True,True,True,124.376,False,False,True,,False,False,False
,Lang,40,True,True,True,True,68.569,False,True,True,,False,False,False
,Lang,21,True,True,True,True,91.349,False,False,True,,False,False,False
,Lang,60,True,True,True,True,20.648,False,False,False,,False,False,False
,Lang,41,True,True,True,True,,False,False,False,,False,False,False
,Lang,55,True,True,True,True,66.365,False,False,True,,False,False,False
,Lang,25,True,True,True,True,,False,False,False,,False,False,False
,Lang,33,True,True,True,True,71.432,False,True,True,,False,False,False
,JacksonXml,3,True,True,True,True,2.992,False,False,False,5.455,True,True,True
,JacksonXml,5,True,True,True,True,3.251,False,False,False,5.085,True,True,True
,JacksonXml,2,True,True,True,True,2.978,False,False,False,5.218,True,True,True
,JacksonXml,1,True,True,True,True,3.359,False,False,False,5.696,True,True,True
,JacksonXml,6,True,True,True,True,3.074,False,False,False,10.358,True,True,True
,JacksonXml,4,True,True,True,True,3.55,False,False,False,6.241,True,True,True
,Collections,28,True,True,True,True,16.432,False,False,False,8.41,False,False,False
,Collections,26,True,True,True,True,15.368,False,True,True,9.344,False,True,True
,Collections,27,True,True,True,True,16.203,False,False,False,8.604,False,False,False
,Collections,25,True,True,True,True,15.743,False,True,True,10.295,False,True,True
,Math,24,True,True,True,True,,False,False,False,379.892,False,True,True
,Math,22,True,True,True,True,462.679,False,False,False,392.752,False,True,True
,Math,30,True,True,True,True,510.214,False,False,False,362.009,False,False,True
,Math,103,True,True,True,True,30.275,False,True,True,23.915,False,True,True
,Math,106,True,True,True,True,22.463,False,True,True,15.737,False,True,True
,Math,71,True,True,True,True,62.977,False,False,False,64.556,False,True,True
,Math,102,True,True,True,True,34.471,False,True,True,23.639,False,True,True
,Math,52,True,True,True,True,67.701,False,False,False,101.957,False,True,True
,Math,61,True,True,True,True,,False,False,False,74.911,False,True,True
,Math,70,True,True,True,True,109.906,False,True,True,60.3,False,True,True
,Math,10,True,True,True,True,,False,False,False,654.144,False,True,True
,Math,97,True,True,True,True,25.396,False,False,False,21.45,False,True,True
,Math,31,True,True,True,True,,False,False,False,356.416,False,True,True
,Math,15,True,True,True,True,490.688,False,False,False,406.268,False,True,True
,Math,53,True,True,True,True,,False,False,False,106.831,False,True,True
,Math,43,True,True,True,True,185.555,False,False,False,129.733,False,True,True
,Math,2,True,True,True,True,,False,False,False,320.666,False,True,True
,Math,77,True,True,True,True,104.744,False,True,True,59.735,False,True,True
,Math,87,True,True,True,True,30.07,False,False,False,45.96,False,True,True
,Math,6,True,True,True,True,,False,False,False,737.83,False,True,True
,Math,37,True,True,True,True,,False,False,False,353.392,False,True,True
,Math,63,True,True,True,True,,False,False,False,67.041,False,True,True
,Math,78,True,True,True,True,105.519,False,True,True,56.506,False,True,True
,Math,100,True,True,True,True,33.628,False,True,True,25.319,False,True,True
,Math,75,True,True,True,True,102.135,False,True,True,56.589,False,True,True
,Math,21,True,True,True,True,530.461,False,False,False,388.175,False,True,True
,Math,41,True,True,True,True,,False,False,False,139.87,False,True,True
,Math,5,True,True,True,True,,False,False,False,696.907,False,True,True
,Math,94,True,True,True,True,64.669,False,True,True,35.853,False,True,True
,Math,42,True,True,True,True,,False,False,False,135.368,False,True,True
,Math,50,True,True,True,True,,False,False,False,127.613,False,True,True
,Math,13,True,True,True,True,,False,False,False,746.299,False,True,True
,Math,32,True,True,True,True,,False,False,False,360.944,False,True,True
,Math,23,True,True,True,True,,False,False,False,385.831,False,True,True
,Math,1,True,True,True,True,345.049,False,False,False,302.345,False,True,True
,Math,84,True,True,True,True,101.471,False,True,True,54.932,False,True,True
,Math,16,True,True,True,True,643.441,False,True,True,415.202,False,True,True
,Math,38,True,True,True,True,,False,False,False,133.031,False,True,True
,Math,62,True,True,True,True,,False,False,False,79.093,False,True,True
,Math,80,True,True,True,True,101.134,False,True,True,57.682,False,True,True
,Math,90,True,True,True,True,39.199,False,False,True,41.642,False,True,True
,Math,83,True,True,True,True,20.118,False,False,False,56.63,False,True,True
,Math,57,True,True,True,True,,False,False,False,84.58,False,True,True
,Math,56,True,True,True,True,70.601,False,False,False,101.579,False,True,True
,Math,4,True,True,True,True,,False,False,False,280.32,False,True,True
,Math,39,True,True,True,True,302.689,False,True,True,140.511,False,True,True
,Math,36,True,True,True,True,16.144,False,False,False,351.105,False,True,True
,Math,51,True,True,True,True,,False,False,False,116.972,False,True,True
,Math,101,True,True,True,True,32.48,False,True,True,24.356,False,True,True
,Math,7,True,True,True,True,,False,False,False,686.977,False,True,True
,Math,40,True,True,True,True,15.619,False,False,False,137.418,False,True,True
,Math,82,True,True,True,True,2.666,False,False,False,53.214,False,True,True
,Math,60,True,True,True,True,129.355,False,False,False,71.189,False,True,True
,Math,55,True,True,True,True,,False,False,False,89.707,False,True,True
,Math,25,True,True,True,True,599.66,False,True,True,363.101,False,True,True
,Math,49,True,True,True,True,,False,False,False,118.815,False,True,True
,Math,3,True,True,True,True,,False,False,False,297.897,False,True,True
,Math,88,True,True,True,True,43.299,False,False,False,44.328,False,True,True
,Math,92,True,True,True,True,56.682,False,True,True,31.667,False,True,True
,Math,19,True,True,True,True,,False,False,False,377.545,False,True,True
,Math,76,True,True,True,True,,False,False,False,57.63,False,True,True
,Math,105,True,True,True,True,20.582,False,True,True,15.695,False,True,True
,Math,9,True,True,True,True,,False,False,False,633.846,False,True,True
,Math,104,True,True,True,True,27.604,False,True,True,17.514,False,True,True
,Math,28,True,True,True,True,,False,False,False,359.23,False,True,True
,Math,54,True,True,True,True,,False,False,False,88.163,False,True,True
,Math,17,True,True,True,True,457.522,False,False,False,372.67,False,True,True
,Math,8,True,True,True,True,,False,False,False,696.359,False,True,True
,Math,95,True,True,True,True,3.55,False,False,False,28.658,False,True,True
,Math,89,True,True,True,True,35.406,False,False,False,38.182,False,True,True
,Math,99,True,True,True,True,58.759,False,True,True,32.649,False,True,True
,Math,93,True,True,True,True,58.819,False,True,True,33.009,False,True,True
,Math,12,True,True,True,True,,False,False,False,696.484,False,True,True
,Math,11,True,True,True,True,768.483,False,False,False,627.435,False,True,True
,Math,14,True,True,True,True,,False,False,False,792.228,False,True,True
,Math,33,True,True,True,True,,False,False,False,370.131,False,True,True
,Math,35,True,True,True,True,3.912,False,False,False,336.107,False,True,True
,Math,65,True,True,True,True,,False,False,False,60.894,False,True,True
,Math,58,True,True,True,True,,False,False,False,102.876,False,True,True
,Math,18,True,True,True,True,,False,False,False,404.041,False,True,True
,Math,81,True,True,True,True,108.236,False,True,True,56.97,False,True,True
,Math,20,True,True,True,True,,False,False,False,407.79,False,True,True
,Math,98,True,True,True,True,30.879,False,True,True,21.67,False,True,True
,Math,73,True,True,True,True,100.254,False,True,True,54.347,False,True,True
,Math,79,True,True,True,True,90.035,False,True,True,55.626,False,True,True
,Math,74,True,True,True,True,109.907,False,True,True,57.495,False,True,True
,Math,34,True,True,True,True,,False,False,False,354.783,False,False,True
,Math,72,True,True,True,True,112.507,False,True,True,61.023,False,True,True
,Math,85,True,True,True,True,,False,False,False,53.616,False,True,True
,Math,66,True,True,True,True,132.901,False,True,True,68.578,False,True,True
,Math,86,True,True,True,True,,False,False,False,52.145,False,True,True
,Math,26,True,True,True,True,,False,False,False,396.077,False,True,True
,Math,44,True,True,True,True,182.841,False,False,False,135.178,False,True,True
,Math,59,True,True,True,True,,False,False,False,78.129,False,True,True
,Math,64,True,True,True,True,,False,False,False,67.32,False,True,True
,Math,68,True,True,True,True,122.651,False,True,True,71.189,False,True,True
,Math,45,True,True,True,True,37.6,False,False,False,136.281,False,True,True
,Math,67,True,True,True,True,131.772,False,True,True,66.616,False,True,True
,Math,48,True,True,True,True,,False,False,False,128.266,False,True,True
,Math,46,True,True,True,True,,False,False,False,128.855,False,True,True
,Math,27,True,True,True,True,611.142,False,True,True,386.645,False,True,True
,Math,47,True,True,True,True,164.665,False,False,False,127.402,False,True,True
,Math,29,True,True,True,True,,False,False,False,359.885,False,True,True
,Math,91,True,True,True,True,74.698,False,True,True,42.002,False,True,True
,Math,96,True,True,True,True,,False,False,False,26.771,False,True,True
,Math,69,True,True,True,True,63.494,False,False,False,63.958,False,True,True
,Closure,150,True,True,True,True,,False,False,False,,False,False,False
,Closure,142,True,True,True,True,,False,False,False,,False,False,False
,Closure,24,True,True,True,True,,False,False,False,1574.959,False,True,True
,Closure,113,True,True,True,True,,False,False,False,1011.84,False,True,True
,Closure,22,True,True,True,True,,False,False,False,1560.257,False,True,True
,Closure,30,True,True,True,True,,False,False,False,1565.72,False,True,True
,Closure,103,True,True,True,True,,False,False,False,,False,False,False
,Closure,106,True,True,True,True,,False,False,False,111.436,False,True,True
,Closure,71,True,True,True,True,,False,False,False,1270.083,False,True,True
,Closure,102,True,True,True,True,,False,False,False,,False,False,False
,Closure,52,True,True,True,True,,False,False,False,1404.204,False,True,True
,Closure,61,True,True,True,True,,False,False,False,1323.404,False,True,True
,Closure,70,True,True,True,True,,False,False,False,1389.084,False,True,True
,Closure,10,True,True,True,True,,False,False,False,821.873,False,True,True
,Closure,144,True,True,True,True,,False,False,False,,False,False,False
,Closure,132,True,True,True,True,,False,False,False,920.16,False,True,True
,Closure,176,True,True,True,True,,False,False,False,1031.061,False,True,True
,Closure,139,True,True,True,True,,False,False,False,,False,False,False
,Closure,97,True,True,True,True,,False,False,False,,False,False,False
,Closure,31,True,True,True,True,,False,False,False,1529.681,False,True,True
,Closure,141,True,True,True,True,,False,False,False,,False,False,False
,Closure,175,True,True,True,True,,False,False,False,1020.961,False,True,True
,Closure,124,True,True,True,True,,False,False,False,978.436,False,True,True
,Closure,15,True,True,True,True,,False,False,False,1531.843,False,True,True
,Closure,53,True,True,True,True,,False,False,False,1461.339,False,True,True
,Closure,128,True,True,True,True,,False,False,False,906.057,False,True,True
,Closure,159,True,True,True,True,,False,False,False,1336.376,False,True,True
,Closure,43,True,True,True,True,,False,False,False,1393.875,False,True,True
,Closure,2,True,True,True,True,,False,False,False,881.137,False,True,True
,Closure,77,True,True,True,True,,False,False,False,1247.117,False,True,True
,Closure,170,True,True,True,True,,False,False,False,972.565,False,True,True
,Closure,173,True,True,True,True,,False,False,False,977.371,False,True,True
,Closure,87,True,True,True,True,,False,False,False,1058.607,False,True,True
,Closure,6,True,True,True,True,4.683,False,False,False,860.406,False,True,True
,Closure,135,True,True,True,True,,False,False,False,,False,False,False
,Closure,119,True,True,True,True,,False,False,False,959.133,False,True,True
,Closure,37,True,True,True,True,,False,False,False,1472.772,False,True,True
,Closure,137,True,True,True,True,,False,False,False,,False,False,False
,Closure,165,True,True,True,True,,False,False,False,1557.015,False,True,True
,Closure,78,True,True,True,True,,False,False,False,1218.853,False,True,True
,Closure,100,True,True,True,True,,False,False,False,,False,False,False
,Closure,75,True,True,True,True,,False,False,False,1296.589,False,True,True
,Closure,21,True,True,True,True,,False,False,False,1454.233,False,True,True
,Closure,41,True,True,True,True,,False,False,False,1371.271,False,True,True
,Closure,155,True,True,True,True,,False,False,False,1113.803,False,True,True
,Closure,116,True,True,True,True,,False,False,False,901.454,False,True,True
,Closure,5,True,True,True,True,,False,False,False,800.63,False,True,True
,Closure,164,True,True,True,True,,False,False,False,1361.254,False,True,True
,Closure,94,True,True,True,True,,False,False,False,,False,False,False
,Closure,42,True,True,True,True,,False,False,False,1414.171,False,True,True
,Closure,50,True,True,True,True,,False,False,False,1431.143,False,True,True
,Closure,169,True,True,True,True,,False,False,False,814.567,False,True,True
,Closure,158,True,True,True,True,,False,False,False,1295.951,False,True,True
,Closure,13,True,True,True,True,,False,False,False,1543.944,False,True,True
,Closure,151,True,True,True,True,,False,False,False,,False,False,False
,Closure,121,True,True,True,True,,False,False,False,862.111,False,True,True
,Closure,32,True,True,True,True,,False,False,False,1429.901,False,True,True
,Closure,23,True,True,True,True,,False,False,False,1554.716,False,True,True
,Closure,1,True,True,True,True,,False,False,False,865.224,False,True,True
,Closure,84,True,True,True,True,,False,False,False,1130.831,False,True,True
,Closure,16,True,True,True,True,,False,False,False,1549.894,False,True,True
,Closure,38,True,True,True,True,,False,False,False,1480.512,False,True,True
,Closure,174,True,True,True,True,,False,False,False,973.657,False,True,True
,Closure,62,True,True,True,True,,False,False,False,1383.748,False,True,True
,Closure,80,True,True,True,True,,False,False,False,1247.341,False,True,True
,Closure,109,True,True,True,True,,False,False,False,1007.065,False,True,True
,Closure,90,True,True,True,True,,False,False,False,,False,False,False
,Closure,83,True,True,True,True,,False,False,False,1070.332,False,True,True
,Closure,57,True,True,True,True,,False,False,False,1374.105,False,True,True
,Closure,154,True,True,True,True,,False,False,False,1202.086,False,True,True
,Closure,130,True,True,True,True,,False,False,False,876.742,False,True,True
,Closure,163,True,True,True,True,,False,False,False,1420.479,False,True,True
,Closure,56,True,True,True,True,,False,False,False,1350.738,False,True,True
,Closure,123,True,True,True,True,,False,False,False,997.862,False,True,True
,Closure,127,True,True,True,True,,False,False,False,868.117,False,True,True
,Closure,4,True,True,True,True,,False,False,False,930.893,False,True,True
,Closure,39,True,True,True,True,,False,False,False,1436.207,False,True,True
,Closure,126,True,True,True,True,,False,False,False,865.319,False,True,True
,Closure,36,True,True,True,True,,False,False,False,1418.461,False,True,True
,Closure,51,True,True,True,True,,False,False,False,1427.8,False,True,True
,Closure,153,True,True,True,True,,False,False,False,1079.289,False,True,True
,Closure,101,True,True,True,True,2.114,False,False,False,,False,False,False
,Closure,157,True,True,True,True,,False,False,False,1284.964,False,True,True
,Closure,166,True,True,True,True,,False,False,False,1555.619,False,True,True
,Closure,7,True,True,True,True,,False,False,False,814.612,False,True,True
,Closure,40,True,True,True,True,,False,False,False,1417.138,False,True,True
,Closure,110,True,True,True,True,,False,False,False,970.214,False,True,True
,Closure,82,True,True,True,True,,False,False,False,1127.796,False,True,True
,Closure,60,True,True,True,True,,False,False,False,1316.671,False,True,True
,Closure,129,True,True,True,True,,False,False,False,909.439,False,True,True
,Closure,55,True,True,True,True,,False,False,False,1394.652,False,True,True
,Closure,25,True,True,True,True,,False,False,False,1527.976,False,True,True
,Closure,49,True,True,True,True,,False,False,False,1512.733,False,True,True
,Closure,3,True,True,True,True,,False,False,False,845.362,False,True,True
,Closure,88,True,True,True,True,,False,False,False,1156.702,False,True,True
,Closure,140,True,True,True,True,,False,False,False,,False,False,False
,Closure,92,True,True,True,True,,False,False,False,,False,False,False
,Closure,19,True,True,True,True,,False,False,False,1526.259,False,True,True
,Closure,134,True,True,True,True,,False,False,False,,False,False,False
,Closure,76,True,True,True,True,,False,False,False,1213.237,False,True,True
,Closure,105,True,True,True,True,,False,False,False,,False,False,False
,Closure,107,True,True,True,True,,False,False,False,989.688,False,True,True
,Closure,9,True,True,True,True,,False,False,False,807.262,False,True,True
,Closure,117,True,True,True,True,,False,False,False,971.693,False,True,True
,Closure,156,True,True,True,True,,False,False,False,1251.683,False,True,True
,Closure,104,True,True,True,True,,False,False,False,,False,False,False
,Closure,28,True,True,True,True,,False,False,False,1493.055,False,True,True
,Closure,54,True,True,True,True,,False,False,False,1334.969,False,True,True
,Closure,17,True,True,True,True,,False,False,False,1529.757,False,True,True
,Closure,8,True,True,True,True,,False,False,False,790.453,False,True,True
,Closure,95,True,True,True,True,,False,False,False,,False,False,False
,Closure,89,True,True,True,True,,False,False,False,1050.218,False,True,True
,Closure,108,True,True,True,True,,False,False,False,923.792,False,True,True
,Closure,125,True,True,True,True,,False,False,False,860.152,False,True,True
,Closure,145,True,True,True,True,,False,False,False,,False,False,False
,Closure,136,True,True,True,True,,False,False,False,,False,False,False
,Closure,99,True,True,True,True,,False,False,False,,False,False,False
,Closure,168,True,True,True,True,,False,False,False,1439.234,False,True,True
,Closure,146,True,True,True,True,,False,False,False,,False,False,False
,Closure,171,True,True,True,True,,False,False,False,910.735,False,True,True
,Closure,148,True,True,True,True,,False,False,False,,False,False,False
,Closure,12,True,True,True,True,,False,False,False,1391.35,False,True,True
,Closure,11,True,True,True,True,,False,False,False,742.388,False,True,True
,Closure,143,True,True,True,True,,False,False,False,,False,False,False
,Closure,14,True,True,True,True,,False,False,False,1422.919,False,True,True
,Closure,33,True,True,True,True,,False,False,False,1385.792,False,True,True
,Closure,161,True,True,True,True,,False,False,False,1259.239,False,True,True
,Closure,35,True,True,True,True,,False,False,False,1344.347,False,True,True
,Closure,162,True,True,True,True,,False,False,False,1332.387,False,True,True
,Closure,65,True,True,True,True,,False,False,False,1287.388,False,True,True
,Closure,149,True,True,True,True,2.322,False,False,False,,False,False,False
,Closure,160,True,True,True,True,,False,False,False,1308.544,False,True,True
,Closure,115,True,True,True,True,,False,False,False,942.223,False,True,True
,Closure,58,True,True,True,True,,False,False,False,1241.378,False,True,True
,Closure,18,True,True,True,True,,False,False,False,1443.581,False,True,True
,Closure,81,True,True,True,True,,False,False,False,1130.135,False,True,True
,Closure,20,True,True,True,True,,False,False,False,1463.751,False,True,True
,Closure,122,True,True,True,True,,False,False,False,919.055,False,True,True
,Closure,98,True,True,True,True,,False,False,False,,False,False,False
,Closure,73,True,True,True,True,,False,False,False,1222.481,False,True,True
,Closure,79,True,True,True,True,,False,False,False,1152.671,False,True,True
,Closure,74,True,True,True,True,,False,False,False,1248.037,False,True,True
,Closure,34,True,True,True,True,,False,False,False,1517.439,False,True,True
,Closure,72,True,True,True,True,,False,False,False,1199.135,False,True,True
,Closure,172,True,True,True,True,,False,False,False,946.008,False,True,True
,Closure,85,True,True,True,True,,False,False,False,1108.274,False,True,True
,Closure,112,True,True,True,True,,False,False,False,950.124,False,True,True
,Closure,118,True,True,True,True,,False,False,False,896.028,False,True,True
,Closure,66,True,True,True,True,,False,False,False,1282.417,False,True,True
,Closure,138,True,True,True,True,,False,False,False,,False,False,False
,Closure,86,True,True,True,True,,False,False,False,1064.731,False,True,True
,Closure,26,True,True,True,True,,False,False,False,1432.935,False,True,True
,Closure,111,True,True,True,True,4.116,False,False,False,904.983,False,True,True
,Closure,44,True,True,True,True,,False,False,False,1380.722,False,True,True
,Closure,59,True,True,True,True,,False,False,False,1338.415,False,True,True
,Closure,64,True,True,True,True,,False,False,False,1320.477,False,True,True
,Closure,68,True,True,True,True,,False,False,False,1221.226,False,True,True
,Closure,45,True,True,True,True,,False,False,False,1310.987,False,True,True
,Closure,67,True,True,True,True,,False,False,False,1255.458,False,True,True
,Closure,133,True,True,True,True,,False,False,False,860.486,False,True,True
,Closure,48,True,True,True,True,,False,False,False,1327.196,False,True,True
,Closure,131,True,True,True,True,,False,False,False,831.234,False,True,True
,Closure,46,True,True,True,True,,False,False,False,1274.623,False,True,True
,Closure,27,True,True,True,True,,False,False,False,1403.094,False,True,True
,Closure,47,True,True,True,True,,False,False,False,1237.994,False,True,True
,Closure,29,True,True,True,True,,False,False,False,1408.745,False,True,True
,Closure,114,True,True,True,True,,False,False,False,912.574,False,True,True
,Closure,167,True,True,True,True,,False,False,False,1440.98,False,True,True
,Closure,91,True,True,True,True,,False,False,False,,False,False,False
,Closure,96,True,True,True,True,,False,False,False,,False,False,False
,Closure,152,True,True,True,True,,False,False,False,,False,False,False
,Closure,120,True,True,True,True,,False,False,False,847.403,False,True,True
,Closure,147,True,True,True,True,,False,False,False,,False,False,False
,Closure,69,True,True,True,True,,False,False,False,1157.673,False,True,True
