com.google.gson.DefaultDateTypeAdapter,44,0.645
com.google.gson.DefaultDateTypeAdapter,45,0.645
com.google.gson.DefaultDateTypeAdapter,46,0.645
com.google.gson.internal.bind.DateTypeAdapter,41,0.612
com.google.gson.internal.bind.DateTypeAdapter,49,0.612
com.google.gson.internal.bind.DateTypeAdapter,50,0.612
com.google.gson.internal.bind.DateTypeAdapter,51,0.612
com.google.gson.internal.bind.DateTypeAdapter,52,0.612
com.google.gson.internal.bind.DateTypeAdapter,53,0.612
com.google.gson.internal.bind.DateTypeAdapter,56,0.612
com.google.gson.internal.bind.DateTypeAdapter,57,0.612
com.google.gson.internal.bind.DateTypeAdapter,58,0.612
com.google.gson.JsonSyntaxException,34,0.577
com.google.gson.JsonSyntaxException,35,0.577
com.google.gson.JsonParseException,52,0.577
com.google.gson.JsonParseException,53,0.577
com.google.gson.internal.bind.DateTypeAdapter,90,0.516
com.google.gson.internal.bind.DateTypeAdapter,91,0.516
com.google.gson.internal.bind.DateTypeAdapter,92,0.516
com.google.gson.internal.bind.DateTypeAdapter,86,0.471
com.google.gson.internal.bind.DateTypeAdapter,72,0.408
com.google.gson.internal.bind.DateTypeAdapter,76,0.408
com.google.gson.internal.bind.DateTypeAdapter,79,0.408
com.google.gson.internal.bind.DateTypeAdapter,80,0.408
com.google.gson.internal.bind.DateTypeAdapter,81,0.408
com.google.gson.DefaultDateTypeAdapter,98,0.408
com.google.gson.DefaultDateTypeAdapter,102,0.408
com.google.gson.DefaultDateTypeAdapter,105,0.408
com.google.gson.DefaultDateTypeAdapter,106,0.408
com.google.gson.DefaultDateTypeAdapter,107,0.408
com.google.gson.DefaultDateTypeAdapter,61,0.4
com.google.gson.DefaultDateTypeAdapter,62,0.4
com.google.gson.DefaultDateTypeAdapter,63,0.4
com.google.gson.DefaultDateTypeAdapter,64,0.4
com.google.gson.DefaultDateTypeAdapter,65,0.4
com.google.gson.DefaultDateTypeAdapter,66,0.4
com.google.gson.internal.bind.DateTypeAdapter,66,0.333
com.google.gson.internal.bind.TypeAdapters,524,0.333
com.google.gson.internal.bind.TypeAdapters,525,0.333
com.google.gson.internal.bind.TypeAdapters,525,0.333
com.google.gson.internal.bind.DateTypeAdapter,62,0.289
com.google.gson.DefaultDateTypeAdapter,71,0.261
com.google.gson.DefaultDateTypeAdapter,72,0.261
com.google.gson.DefaultDateTypeAdapter,73,0.261
com.google.gson.DefaultDateTypeAdapter,79,0.236
com.google.gson.DefaultDateTypeAdapter,82,0.236
com.google.gson.DefaultDateTypeAdapter,95,0.236
com.google.gson.internal.bind.TypeAdapters,527,0.204
com.google.gson.internal.bind.TypeAdapters,532,0.204
com.google.gson.internal.bind.TypeAdapters,533,0.204
com.google.gson.JsonPrimitive,64,0.162
com.google.gson.JsonPrimitive,65,0.162
com.google.gson.JsonPrimitive,66,0.162
com.google.gson.JsonPrimitive,275,0.157
com.google.gson.JsonPrimitive,274,0.152
com.google.gson.JsonPrimitive,178,0.146
com.google.gson.JsonPrimitive,181,0.146
com.google.gson.JsonPrimitive,176,0.144
com.google.gson.JsonPrimitive,112,0.138
com.google.gson.Gson,457,0.132
com.google.gson.JsonPrimitive,100,0.131
com.google.gson.JsonPrimitive,101,0.131
com.google.gson.JsonPrimitive,102,0.131
com.google.gson.JsonPrimitive,94,0.131
com.google.gson.JsonPrimitive,104,0.131
com.google.gson.JsonPrimitive,146,0.126
com.google.gson.JsonElement,33,0.122
com.google.gson.internal.Excluder,160,0.118
com.google.gson.internal.,45,0.105
com.google.gson.internal.,48,0.105
com.google.gson.reflect.TypeToken,303,0.095
com.google.gson.Gson,177,0.094
com.google.gson.Gson,178,0.094
com.google.gson.Gson,180,0.094
com.google.gson.Gson,181,0.094
com.google.gson.internal.bind.DateTypeAdapter,45,0.085
com.google.gson.Gson,308,0.082
com.google.gson.internal.bind.JsonAdapterAnnotationTypeAdapterFactory,36,0.082
com.google.gson.internal.bind.JsonAdapterAnnotationTypeAdapterFactory,37,0.082
com.google.gson.internal.bind.JsonAdapterAnnotationTypeAdapterFactory,38,0.082
com.google.gson.internal.bind.CollectionTypeAdapterFactory,39,0.082
com.google.gson.internal.bind.CollectionTypeAdapterFactory,40,0.082
com.google.gson.internal.bind.CollectionTypeAdapterFactory,41,0.082
com.google.gson.internal.ConstructorConstructor,47,0.082
com.google.gson.internal.ConstructorConstructor,48,0.082
com.google.gson.internal.ConstructorConstructor,49,0.082
com.google.gson.internal.bind.ReflectiveTypeAdapterFactory,55,0.082
com.google.gson.internal.bind.ReflectiveTypeAdapterFactory,56,0.082
com.google.gson.internal.bind.ReflectiveTypeAdapterFactory,57,0.082
com.google.gson.internal.bind.ReflectiveTypeAdapterFactory,58,0.082
com.google.gson.internal.bind.ReflectiveTypeAdapterFactory,59,0.082
com.google.gson.internal.bind.MapTypeAdapterFactory,110,0.082
com.google.gson.internal.bind.MapTypeAdapterFactory,111,0.082
com.google.gson.Gson,112,0.082
com.google.gson.internal.bind.MapTypeAdapterFactory,112,0.082
com.google.gson.internal.bind.MapTypeAdapterFactory,113,0.082
com.google.gson.Gson,115,0.082
com.google.gson.Gson,116,0.082
com.google.gson.Gson,126,0.082
com.google.gson.Gson,126,0.082
com.google.gson.Gson,133,0.082
com.google.gson.Gson,133,0.082
com.google.gson.Gson,188,0.082
com.google.gson.Gson,189,0.082
com.google.gson.Gson,190,0.082
com.google.gson.Gson,191,0.082
com.google.gson.Gson,192,0.082
com.google.gson.Gson,193,0.082
com.google.gson.Gson,195,0.082
com.google.gson.Gson,198,0.082
com.google.gson.Gson,199,0.082
com.google.gson.Gson,202,0.082
com.google.gson.Gson,205,0.082
com.google.gson.Gson,208,0.082
com.google.gson.Gson,209,0.082
com.google.gson.Gson,210,0.082
com.google.gson.Gson,211,0.082
com.google.gson.Gson,212,0.082
com.google.gson.Gson,213,0.082
com.google.gson.Gson,214,0.082
com.google.gson.Gson,215,0.082
com.google.gson.Gson,216,0.082
com.google.gson.Gson,217,0.082
com.google.gson.Gson,218,0.082
com.google.gson.Gson,219,0.082
com.google.gson.Gson,220,0.082
com.google.gson.Gson,221,0.082
com.google.gson.Gson,222,0.082
com.google.gson.Gson,223,0.082
com.google.gson.Gson,224,0.082
com.google.gson.Gson,225,0.082
com.google.gson.Gson,226,0.082
com.google.gson.Gson,227,0.082
com.google.gson.Gson,228,0.082
com.google.gson.Gson,229,0.082
com.google.gson.Gson,230,0.082
com.google.gson.Gson,231,0.082
com.google.gson.Gson,232,0.082
com.google.gson.Gson,233,0.082
com.google.gson.Gson,234,0.082
com.google.gson.Gson,235,0.082
com.google.gson.Gson,236,0.082
com.google.gson.Gson,237,0.082
com.google.gson.Gson,240,0.082
com.google.gson.Gson,241,0.082
com.google.gson.Gson,242,0.082
com.google.gson.Gson,243,0.082
com.google.gson.Gson,244,0.082
com.google.gson.Gson,247,0.082
com.google.gson.Gson,248,0.082
com.google.gson.Gson,251,0.082
com.google.gson.Gson,254,0.082
com.google.gson.Gson,254,0.082
com.google.gson.Gson,275,0.082
com.google.gson.Gson,278,0.082
com.google.gson.Gson,278,0.082
com.google.gson.Gson,307,0.082
com.google.gson.internal.bind.TypeAdapters,779,0.082
com.google.gson.internal.bind.TypeAdapters,779,0.082
com.google.gson.internal.bind.TypeAdapters,792,0.082
com.google.gson.internal.bind.TypeAdapters,792,0.082
com.google.gson.reflect.TypeToken,94,0.082
com.google.gson.Gson,341,0.082
com.google.gson.Gson,342,0.082
com.google.gson.Gson,343,0.082
com.google.gson.Gson,344,0.082
com.google.gson.Gson,345,0.082
com.google.gson.Gson,346,0.082
com.google.gson.Gson,350,0.082
com.google.gson.Gson,351,0.082
com.google.gson.Gson,356,0.082
com.google.gson.Gson,357,0.082
com.google.gson.Gson,359,0.082
com.google.gson.Gson,360,0.082
com.google.gson.Gson,361,0.082
com.google.gson.Gson,362,0.082
com.google.gson.Gson,363,0.082
com.google.gson.Gson,364,0.082
com.google.gson.Gson,369,0.082
com.google.gson.Gson,371,0.082
com.google.gson.Gson,372,0.082
com.google.gson.internal.bind.TypeAdapters,829,0.082
com.google.gson.internal.bind.TypeAdapters,830,0.082
com.google.gson.Gson,882,0.082
com.google.gson.Gson,886,0.082
com.google.gson.Gson,889,0.082
com.google.gson.Gson,890,0.082
com.google.gson.stream.JsonWriter,418,0.081
com.google.gson.stream.JsonWriter,419,0.081
com.google.gson.stream.JsonWriter,420,0.081
com.google.gson.internal.,122,0.081
com.google.gson.reflect.TypeToken,280,0.081
com.google.gson.Gson,336,0.081
com.google.gson.Gson,337,0.081
com.google.gson.reflect.TypeToken,296,0.081
com.google.gson.stream.JsonWriter,417,0.081
com.google.gson.reflect.TypeToken,72,0.081
com.google.gson.reflect.TypeToken,73,0.081
com.google.gson.reflect.TypeToken,74,0.081
com.google.gson.reflect.TypeToken,75,0.081
com.google.gson.reflect.TypeToken,71,0.081
com.google.gson.internal.,120,0.081
com.google.gson.internal.,96,0.081
com.google.gson.internal.,97,0.081
com.google.gson.internal.,98,0.081
com.google.gson.TypeAdapter,119,0.08
com.google.gson.internal.,41,0.08
com.google.gson.internal.bind.TypeAdapters,833,0.08
com.google.gson.internal.,38,0.08
com.google.gson.stream.JsonWriter,414,0.079
com.google.gson.internal.bind.TypeAdapters,795,0.075
com.google.gson.internal.bind.TypeAdapters,796,0.075
com.google.gson.Gson,516,0.073
com.google.gson.Gson,519,0.073
com.google.gson.internal.bind.TypeAdapters,782,0.073
com.google.gson.internal.Excluder,117,0.071
com.google.gson.internal.Excluder,205,0.071
com.google.gson.internal.Excluder,206,0.071
com.google.gson.internal.Excluder,212,0.071
com.google.gson.internal.bind.ObjectTypeAdapter,41,0.07
com.google.gson.internal.bind.ObjectTypeAdapter,44,0.07
com.google.gson.internal.Excluder,112,0.07
com.google.gson.internal.Excluder,113,0.07
com.google.gson.internal.Excluder,114,0.07
com.google.gson.internal.Excluder,116,0.07
com.google.gson.Gson,366,0.07
com.google.gson.internal.bind.TypeAdapters,831,0.07
com.google.gson.internal.Excluder,201,0.07
com.google.gson.internal.Excluder,197,0.07
com.google.gson.internal.Excluder,216,0.07
com.google.gson.internal.Excluder,217,0.07
com.google.gson.internal.Excluder,192,0.07
com.google.gson.stream.JsonWriter,576,0.069
com.google.gson.stream.JsonWriter,560,0.069
com.google.gson.stream.JsonWriter,558,0.069
com.google.gson.stream.JsonWriter,559,0.069
com.google.gson.stream.JsonWriter,555,0.069
com.google.gson.stream.JsonWriter,557,0.069
com.google.gson.stream.JsonWriter,550,0.068
com.google.gson.stream.JsonWriter,551,0.068
com.google.gson.stream.JsonWriter,552,0.068
com.google.gson.stream.JsonWriter,553,0.068
com.google.gson.stream.JsonWriter,554,0.068
com.google.gson.stream.JsonWriter,575,0.068
com.google.gson.stream.JsonWriter,578,0.068
com.google.gson.stream.JsonWriter,579,0.068
com.google.gson.stream.JsonReader,571,0.067
com.google.gson.stream.JsonReader,572,0.067
com.google.gson.stream.JsonReader,825,0.066
com.google.gson.Gson,539,0.065
com.google.gson.Gson,540,0.065
com.google.gson.Gson,584,0.065
com.google.gson.Gson,587,0.065
com.google.gson.Gson,588,0.065
com.google.gson.Gson,538,0.064
com.google.gson.Gson,583,0.064
com.google.gson.internal.Streams,77,0.063
com.google.gson.Gson,649,0.063
com.google.gson.Gson,652,0.063
com.google.gson.Gson,653,0.063
com.google.gson.Gson,656,0.063
com.google.gson.Gson,657,0.063
com.google.gson.Gson,605,0.063
com.google.gson.Gson,613,0.063
com.google.gson.Gson,597,0.061
com.google.gson.Gson,598,0.061
com.google.gson.Gson,599,0.061
com.google.gson.Gson,600,0.061
com.google.gson.Gson,601,0.061
com.google.gson.Gson,602,0.061
com.google.gson.Gson,603,0.061
com.google.gson.Gson,609,0.061
com.google.gson.Gson,610,0.061
com.google.gson.Gson,611,0.061
com.google.gson.stream.JsonWriter,253,0.061
com.google.gson.stream.JsonWriter,254,0.061
com.google.gson.stream.JsonWriter,261,0.061
com.google.gson.stream.JsonWriter,277,0.061
com.google.gson.stream.JsonWriter,242,0.06
com.google.gson.stream.JsonWriter,269,0.06
com.google.gson.stream.JsonWriter,270,0.06
com.google.gson.Gson,700,0.059
com.google.gson.stream.JsonWriter,400,0.059
com.google.gson.stream.JsonWriter,405,0.059
com.google.gson.stream.JsonWriter,235,0.059
com.google.gson.stream.JsonWriter,236,0.059
com.google.gson.stream.JsonReader,454,0.059
com.google.gson.stream.JsonWriter,376,0.058
com.google.gson.stream.JsonWriter,377,0.058
com.google.gson.stream.JsonWriter,629,0.058
com.google.gson.stream.JsonWriter,630,0.058
com.google.gson.stream.JsonWriter,650,0.058
com.google.gson.stream.JsonWriter,366,0.058
com.google.gson.stream.JsonWriter,369,0.058
com.google.gson.stream.JsonWriter,617,0.058
com.google.gson.stream.JsonWriter,625,0.058
com.google.gson.stream.JsonReader,1425,0.056
com.google.gson.stream.JsonReader,824,0.056
com.google.gson.stream.JsonWriter,167,0.056
com.google.gson.stream.JsonWriter,168,0.056
com.google.gson.stream.JsonWriter,170,0.056
com.google.gson.stream.JsonWriter,182,0.056
com.google.gson.stream.JsonWriter,190,0.056
com.google.gson.stream.JsonWriter,197,0.056
com.google.gson.stream.JsonWriter,198,0.056
com.google.gson.stream.JsonWriter,201,0.056
com.google.gson.stream.JsonWriter,202,0.056
com.google.gson.stream.JsonWriter,354,0.056
com.google.gson.stream.JsonWriter,359,0.056
com.google.gson.stream.JsonWriter,360,0.056
com.google.gson.stream.JsonReader,840,0.054
com.google.gson.stream.JsonReader,841,0.054
com.google.gson.stream.JsonReader,842,0.054
com.google.gson.stream.JsonReader,1022,0.053
com.google.gson.stream.JsonReader,1026,0.053
com.google.gson.Gson,728,0.053
com.google.gson.stream.JsonReader,1012,0.053
com.google.gson.stream.JsonReader,1013,0.053
com.google.gson.stream.JsonReader,1014,0.053
com.google.gson.Gson,779,0.053
com.google.gson.stream.JsonReader,1015,0.053
com.google.gson.stream.JsonReader,1422,0.053
com.google.gson.stream.JsonReader,1001,0.053
com.google.gson.stream.JsonReader,1002,0.053
com.google.gson.stream.JsonReader,1004,0.053
com.google.gson.stream.JsonReader,1005,0.053
com.google.gson.stream.JsonReader,1007,0.053
com.google.gson.stream.JsonReader,1008,0.053
com.google.gson.stream.JsonReader,1009,0.053
com.google.gson.stream.JsonReader,1011,0.053
com.google.gson.stream.JsonReader,822,0.052
com.google.gson.stream.JsonReader,817,0.052
com.google.gson.stream.JsonReader,818,0.052
com.google.gson.Gson,814,0.052
com.google.gson.internal.bind.MapTypeAdapterFactory,207,0.051
com.google.gson.internal.bind.MapTypeAdapterFactory,208,0.051
com.google.gson.internal.bind.MapTypeAdapterFactory,209,0.051
com.google.gson.Gson,727,0.049
com.google.gson.Gson,724,0.049
com.google.gson.Gson,778,0.049
com.google.gson.internal.bind.MapTypeAdapterFactory,205,0.048
com.google.gson.internal.bind.MapTypeAdapterFactory,206,0.048
com.google.gson.internal.bind.MapTypeAdapterFactory,210,0.048
com.google.gson.internal.bind.MapTypeAdapterFactory,211,0.048
com.google.gson.Gson,812,0.048
com.google.gson.Gson,813,0.048
com.google.gson.Gson,810,0.048
com.google.gson.Gson,811,0.048
com.google.gson.Gson,806,0.048
com.google.gson.Gson,807,0.048
com.google.gson.Gson,808,0.048
com.google.gson.Gson,831,0.048
com.google.gson.stream.JsonReader,1591,0.047
com.google.gson.internal.bind.MapTypeAdapterFactory,204,0.046
com.google.gson.stream.JsonReader,1589,0.046
com.google.gson.stream.JsonReader,1590,0.046
com.google.gson.stream.JsonReader,333,0.046
com.google.gson.stream.JsonReader,575,0.046
com.google.gson.internal.ConstructorConstructor,189,0.045
com.google.gson.internal.ConstructorConstructor,189,0.045
com.google.gson.internal.bind.MapTypeAdapterFactory,199,0.045
com.google.gson.internal.bind.TypeAdapters,520,0.043
com.google.gson.stream.JsonReader,429,0.043
com.google.gson.internal.bind.SqlDateTypeAdapter,42,0.043
com.google.gson.internal.bind.SqlDateTypeAdapter,43,0.043
com.google.gson.stream.JsonReader,432,0.043
com.google.gson.internal.bind.TimeTypeAdapter,44,0.043
com.google.gson.stream.JsonReader,538,0.043
com.google.gson.stream.JsonReader,1582,0.043
com.google.gson.stream.JsonReader,1583,0.043
com.google.gson.stream.JsonReader,1585,0.043
com.google.gson.internal.bind.TypeAdapters,810,0.043
com.google.gson.internal.bind.TypeAdapters,811,0.043
com.google.gson.stream.JsonReader,326,0.042
com.google.gson.stream.JsonReader,327,0.042
com.google.gson.stream.JsonReader,427,0.042
com.google.gson.stream.JsonReader,428,0.042
com.google.gson.internal.bind.TypeAdapters,647,0.041
com.google.gson.internal.ConstructorConstructor,181,0.04
com.google.gson.internal.ConstructorConstructor,182,0.04
com.google.gson.internal.ConstructorConstructor,175,0.04
com.google.gson.stream.JsonReader,1397,0.039
com.google.gson.stream.JsonReader,1409,0.039
com.google.gson.stream.JsonReader,1410,0.039
com.google.gson.stream.JsonReader,553,0.039
com.google.gson.stream.JsonReader,554,0.039
com.google.gson.stream.JsonReader,1362,0.039
com.google.gson.stream.JsonReader,540,0.039
com.google.gson.stream.JsonReader,1301,0.039
com.google.gson.stream.JsonReader,1304,0.039
com.google.gson.stream.JsonReader,1310,0.039
com.google.gson.stream.JsonReader,1311,0.039
com.google.gson.stream.JsonReader,1349,0.039
com.google.gson.stream.JsonReader,1350,0.039
com.google.gson.stream.JsonReader,1353,0.039
com.google.gson.stream.JsonReader,1354,0.039
com.google.gson.stream.JsonReader,1358,0.039
com.google.gson.stream.JsonReader,537,0.039
com.google.gson.stream.JsonReader,1289,0.039
com.google.gson.stream.JsonReader,1290,0.039
com.google.gson.stream.JsonReader,1291,0.039
com.google.gson.stream.JsonReader,1295,0.039
com.google.gson.stream.JsonReader,1298,0.039
com.google.gson.stream.JsonReader,1300,0.039
com.google.gson.stream.JsonReader,1340,0.039
com.google.gson.stream.JsonReader,1341,0.039
com.google.gson.stream.JsonReader,1342,0.039
com.google.gson.stream.JsonReader,1344,0.039
com.google.gson.stream.JsonReader,1345,0.039
com.google.gson.stream.JsonReader,1346,0.039
com.google.gson.stream.JsonReader,466,0.039
com.google.gson.stream.JsonReader,467,0.039
com.google.gson.stream.JsonReader,469,0.039
com.google.gson.stream.JsonReader,482,0.039
com.google.gson.stream.JsonReader,520,0.039
com.google.gson.stream.JsonReader,536,0.039
com.google.gson.stream.JsonReader,293,0.039
com.google.gson.stream.JsonReader,294,0.039
com.google.gson.stream.JsonReader,230,0.039
com.google.gson.stream.JsonReader,238,0.039
com.google.gson.stream.JsonReader,239,0.039
com.google.gson.stream.JsonReader,240,0.039
com.google.gson.stream.JsonReader,242,0.039
com.google.gson.stream.JsonReader,243,0.039
com.google.gson.stream.JsonReader,245,0.039
com.google.gson.stream.JsonReader,269,0.039
com.google.gson.stream.JsonReader,270,0.039
com.google.gson.stream.JsonReader,272,0.039
com.google.gson.stream.JsonReader,283,0.039
com.google.gson.stream.JsonReader,284,0.039
com.google.gson.stream.JsonReader,289,0.039
com.google.gson.stream.JsonReader,290,0.039
com.google.gson.internal.bind.ObjectTypeAdapter,42,0.038
com.google.gson.internal.bind.ObjectTypeAdapter,50,0.038
com.google.gson.internal.bind.ObjectTypeAdapter,51,0.038
com.google.gson.internal.bind.ObjectTypeAdapter,52,0.038
com.google.gson.internal.,315,0.036
com.google.gson.internal.,317,0.036
com.google.gson.internal.,318,0.036
com.google.gson.internal.,319,0.036
com.google.gson.internal.bind.MapTypeAdapterFactory,142,0.035
com.google.gson.internal.bind.MapTypeAdapterFactory,123,0.035
com.google.gson.internal.bind.MapTypeAdapterFactory,124,0.035
com.google.gson.internal.bind.MapTypeAdapterFactory,125,0.035
com.google.gson.internal.bind.MapTypeAdapterFactory,126,0.035
com.google.gson.internal.bind.MapTypeAdapterFactory,127,0.035
com.google.gson.internal.bind.MapTypeAdapterFactory,131,0.035
com.google.gson.internal.bind.MapTypeAdapterFactory,133,0.035
com.google.gson.internal.bind.MapTypeAdapterFactory,140,0.035
com.google.gson.internal.bind.MapTypeAdapterFactory,152,0.035
com.google.gson.internal.bind.MapTypeAdapterFactory,153,0.035
com.google.gson.internal.bind.MapTypeAdapterFactory,155,0.035
com.google.gson.internal.bind.MapTypeAdapterFactory,157,0.035
com.google.gson.internal.bind.MapTypeAdapterFactory,158,0.035
com.google.gson.internal.,311,0.035
com.google.gson.internal.bind.TypeAdapters,645,0.034
com.google.gson.internal.UnsafeAllocator,30,0.033
com.google.gson.internal.UnsafeAllocator,39,0.033
com.google.gson.internal.UnsafeAllocator,40,0.033
com.google.gson.internal.UnsafeAllocator,41,0.033
com.google.gson.internal.UnsafeAllocator,42,0.033
com.google.gson.internal.UnsafeAllocator,43,0.033
com.google.gson.internal.UnsafeAllocator,44,0.033
com.google.gson.internal.UnsafeAllocator,44,0.033
com.google.gson.internal.ConstructorConstructor,90,0.033
com.google.gson.internal.ConstructorConstructor,197,0.033
com.google.gson.internal.ConstructorConstructor,202,0.033
com.google.gson.internal.ConstructorConstructor,202,0.033
com.google.gson.internal.ConstructorConstructor,203,0.033
com.google.gson.internal.,370,0.029
com.google.gson.internal.bind.ReflectiveTypeAdapterFactory,152,0.028
com.google.gson.internal.ConstructorConstructor,174,0.026
com.google.gson.internal.ConstructorConstructor,86,0.026
com.google.gson.internal.bind.TypeAdapterRuntimeTypeWrapper,58,0.026
com.google.gson.stream.JsonReader,827,0.025
com.google.gson.internal.bind.TypeAdapterRuntimeTypeWrapper,55,0.025
com.google.gson.internal.bind.TypeAdapterRuntimeTypeWrapper,56,0.025
com.google.gson.stream.JsonReader,577,0.024
com.google.gson.stream.JsonReader,574,0.024
com.google.gson.internal.,470,0.024
com.google.gson.internal.,101,0.023
com.google.gson.internal.,102,0.023
com.google.gson.internal.,103,0.023
com.google.gson.internal.,125,0.023
com.google.gson.internal.,130,0.023
com.google.gson.internal.,131,0.023
com.google.gson.internal.,132,0.023
com.google.gson.internal.,216,0.023
com.google.gson.internal.,466,0.023
com.google.gson.internal.,479,0.023
com.google.gson.internal.,480,0.023
com.google.gson.internal.,481,0.023
com.google.gson.internal.,270,0.023
com.google.gson.internal.,271,0.023
com.google.gson.internal.,272,0.023
com.google.gson.internal.,351,0.023
com.google.gson.internal.,352,0.023
com.google.gson.internal.,353,0.023
com.google.gson.internal.,354,0.023
com.google.gson.internal.,356,0.023
com.google.gson.internal.,357,0.023
com.google.gson.internal.,358,0.023
com.google.gson.internal.,359,0.023
com.google.gson.internal.,368,0.023
com.google.gson.internal.bind.ReflectiveTypeAdapterFactory,113,0.023
com.google.gson.internal.bind.ReflectiveTypeAdapterFactory,114,0.023
com.google.gson.internal.bind.ReflectiveTypeAdapterFactory,240,0.023
com.google.gson.internal.bind.ReflectiveTypeAdapterFactory,242,0.023
com.google.gson.internal.bind.ReflectiveTypeAdapterFactory,110,0.023
com.google.gson.internal.bind.ReflectiveTypeAdapterFactory,111,0.023
com.google.gson.internal.bind.ReflectiveTypeAdapterFactory,112,0.023
com.google.gson.internal.,230,0.023
com.google.gson.internal.bind.ReflectiveTypeAdapterFactory,239,0.023
com.google.gson.internal.bind.ReflectiveTypeAdapterFactory,123,0.023
com.google.gson.internal.bind.ReflectiveTypeAdapterFactory,124,0.023
com.google.gson.internal.bind.ReflectiveTypeAdapterFactory,125,0.023
com.google.gson.internal.bind.ReflectiveTypeAdapterFactory,238,0.023
com.google.gson.internal.,229,0.022
com.google.gson.internal.bind.ReflectiveTypeAdapterFactory,245,0.022
com.google.gson.internal.bind.ReflectiveTypeAdapterFactory,246,0.022
com.google.gson.internal.bind.ReflectiveTypeAdapterFactory,247,0.022
com.google.gson.internal.bind.ReflectiveTypeAdapterFactory,235,0.022
com.google.gson.internal.bind.ReflectiveTypeAdapterFactory,237,0.022
com.google.gson.internal.bind.ReflectiveTypeAdapterFactory,230,0.022
com.google.gson.internal.,462,0.022
com.google.gson.internal.,434,0.022
com.google.gson.internal.,435,0.022
com.google.gson.internal.,442,0.022
com.google.gson.internal.,444,0.022
com.google.gson.internal.,445,0.022
com.google.gson.internal.,446,0.022
com.google.gson.internal.,447,0.022
com.google.gson.internal.,448,0.022
com.google.gson.internal.,451,0.022
com.google.gson.internal.,452,0.022
com.google.gson.internal.,453,0.022
com.google.gson.internal.,454,0.022
com.google.gson.internal.,455,0.022
com.google.gson.internal.,456,0.022
com.google.gson.internal.,457,0.022
com.google.gson.internal.,459,0.022
com.google.gson.stream.JsonReader,826,0.022
com.google.gson.internal.,100,0.021
com.google.gson.stream.JsonWriter,401,0.021
com.google.gson.stream.JsonWriter,402,0.021
com.google.gson.stream.JsonWriter,403,0.021
com.google.gson.stream.JsonWriter,597,0.021
com.google.gson.stream.JsonWriter,598,0.021
com.google.gson.stream.JsonWriter,600,0.021
com.google.gson.stream.JsonWriter,603,0.021
com.google.gson.stream.JsonWriter,604,0.021
com.google.gson.stream.JsonWriter,605,0.021
com.google.gson.stream.JsonWriter,643,0.021
com.google.gson.stream.JsonWriter,644,0.021
com.google.gson.stream.JsonWriter,645,0.021
com.google.gson.internal.ConstructorConstructor,84,0.021
com.google.gson.internal.ConstructorConstructor,85,0.021
com.google.gson.internal.ConstructorConstructor,118,0.021
com.google.gson.internal.ConstructorConstructor,119,0.021
com.google.gson.internal.ConstructorConstructor,130,0.021
com.google.gson.stream.JsonWriter,395,0.021
com.google.gson.stream.JsonWriter,396,0.021
com.google.gson.stream.JsonWriter,389,0.021
com.google.gson.stream.JsonWriter,392,0.021
com.google.gson.stream.JsonWriter,386,0.021
com.google.gson.GsonBuilder,556,0.021
com.google.gson.GsonBuilder,559,0.021
com.google.gson.stream.JsonWriter,317,0.02
com.google.gson.GsonBuilder,539,0.02
com.google.gson.GsonBuilder,540,0.02
com.google.gson.GsonBuilder,541,0.02
com.google.gson.GsonBuilder,542,0.02
com.google.gson.GsonBuilder,543,0.02
com.google.gson.GsonBuilder,545,0.02
com.google.gson.GsonBuilder,554,0.02
com.google.gson.GsonBuilder,69,0.02
com.google.gson.GsonBuilder,70,0.02
com.google.gson.GsonBuilder,71,0.02
com.google.gson.GsonBuilder,72,0.02
com.google.gson.GsonBuilder,74,0.02
com.google.gson.GsonBuilder,76,0.02
com.google.gson.GsonBuilder,79,0.02
com.google.gson.GsonBuilder,80,0.02
com.google.gson.GsonBuilder,83,0.02
com.google.gson.GsonBuilder,93,0.02
com.google.gson.GsonBuilder,94,0.02
com.google.gson.stream.JsonWriter,308,0.02
com.google.gson.stream.JsonWriter,307,0.02
com.google.gson.Gson,701,0.02
com.google.gson.internal.bind.TypeAdapterRuntimeTypeWrapper,77,0.019
com.google.gson.internal.Primitives,98,0.019
com.google.gson.internal.Primitives,99,0.019
com.google.gson.internal.Primitives,100,0.019
com.google.gson.FieldNamingPolicy,39,0.019
com.google.gson.internal.bind.TypeAdapterRuntimeTypeWrapper,68,0.019
com.google.gson.internal.bind.TypeAdapterRuntimeTypeWrapper,69,0.019
com.google.gson.internal.bind.TypeAdapterRuntimeTypeWrapper,52,0.019
com.google.gson.internal.bind.TypeAdapterRuntimeTypeWrapper,53,0.019
com.google.gson.internal.bind.TypeAdapterRuntimeTypeWrapper,54,0.019
com.google.gson.internal.bind.TypeAdapterRuntimeTypeWrapper,75,0.019
com.google.gson.internal.bind.TypeAdapterRuntimeTypeWrapper,79,0.019
com.google.gson.internal.bind.ReflectiveTypeAdapterFactory,79,0.019
com.google.gson.internal.,124,0.019
com.google.gson.internal.bind.ReflectiveTypeAdapterFactory,136,0.018
com.google.gson.internal.bind.ReflectiveTypeAdapterFactory,71,0.018
com.google.gson.internal.bind.ReflectiveTypeAdapterFactory,76,0.018
com.google.gson.internal.bind.ReflectiveTypeAdapterFactory,77,0.018
com.google.gson.internal.bind.ReflectiveTypeAdapterFactory,78,0.018
com.google.gson.internal.bind.ReflectiveTypeAdapterFactory,86,0.018
com.google.gson.internal.bind.ReflectiveTypeAdapterFactory,103,0.018
com.google.gson.internal.bind.ReflectiveTypeAdapterFactory,105,0.018
com.google.gson.internal.bind.ReflectiveTypeAdapterFactory,105,0.018
com.google.gson.internal.bind.ReflectiveTypeAdapterFactory,106,0.018
com.google.gson.internal.bind.ReflectiveTypeAdapterFactory,131,0.018
com.google.gson.internal.bind.ReflectiveTypeAdapterFactory,132,0.018
com.google.gson.internal.bind.ReflectiveTypeAdapterFactory,154,0.018
com.google.gson.internal.bind.ReflectiveTypeAdapterFactory,155,0.018
com.google.gson.internal.bind.ReflectiveTypeAdapterFactory,156,0.018
com.google.gson.internal.bind.ReflectiveTypeAdapterFactory,157,0.018
com.google.gson.internal.bind.ReflectiveTypeAdapterFactory,158,0.018
com.google.gson.internal.bind.ReflectiveTypeAdapterFactory,159,0.018
com.google.gson.internal.bind.ReflectiveTypeAdapterFactory,160,0.018
com.google.gson.internal.bind.ReflectiveTypeAdapterFactory,161,0.018
com.google.gson.internal.bind.ReflectiveTypeAdapterFactory,162,0.018
com.google.gson.internal.bind.ReflectiveTypeAdapterFactory,163,0.018
com.google.gson.internal.bind.ReflectiveTypeAdapterFactory,164,0.018
com.google.gson.internal.bind.ReflectiveTypeAdapterFactory,166,0.018
com.google.gson.internal.bind.ReflectiveTypeAdapterFactory,182,0.018
com.google.gson.internal.bind.ReflectiveTypeAdapterFactory,183,0.018
com.google.gson.internal.bind.ReflectiveTypeAdapterFactory,184,0.018
com.google.gson.internal.bind.ReflectiveTypeAdapterFactory,185,0.018
com.google.gson.internal.bind.ReflectiveTypeAdapterFactory,186,0.018
com.google.gson.internal.Primitives,72,0.018
com.google.gson.internal.bind.ReflectiveTypeAdapterFactory,62,0.018
com.google.gson.internal.bind.ReflectiveTypeAdapterFactory,66,0.018
com.google.gson.internal.bind.ReflectiveTypeAdapterFactory,149,0.018
com.google.gson.internal.bind.ReflectiveTypeAdapterFactory,150,0.018
com.google.gson.internal.bind.ReflectiveTypeAdapterFactory,151,0.018
com.google.gson.internal.bind.ReflectiveTypeAdapterFactory,171,0.018
com.google.gson.internal.bind.ReflectiveTypeAdapterFactory,172,0.018
com.google.gson.internal.bind.ReflectiveTypeAdapterFactory,173,0.018
com.google.gson.internal.bind.ReflectiveTypeAdapterFactory,174,0.018
com.google.gson.internal.bind.ReflectiveTypeAdapterFactory,97,0.018
com.google.gson.internal.bind.ReflectiveTypeAdapterFactory,145,0.018
com.google.gson.internal.bind.ReflectiveTypeAdapterFactory,146,0.018
com.google.gson.internal.bind.ReflectiveTypeAdapterFactory,147,0.018
com.google.gson.internal.bind.ReflectiveTypeAdapterFactory,148,0.018
com.google.gson.internal.bind.ReflectiveTypeAdapterFactory,196,0.018
com.google.gson.internal.bind.ReflectiveTypeAdapterFactory,197,0.018
com.google.gson.internal.bind.ReflectiveTypeAdapterFactory,198,0.018
com.google.gson.internal.bind.ReflectiveTypeAdapterFactory,199,0.018
com.google.gson.internal.bind.ReflectiveTypeAdapterFactory,90,0.018
com.google.gson.internal.bind.ReflectiveTypeAdapterFactory,92,0.018
com.google.gson.internal.bind.ReflectiveTypeAdapterFactory,96,0.018
com.google.gson.internal.bind.ReflectiveTypeAdapterFactory,140,0.018
com.google.gson.internal.bind.ReflectiveTypeAdapterFactory,141,0.018
com.google.gson.internal.bind.TypeAdapters,758,0.018
com.google.gson.internal.Excluder,174,0.018
com.google.gson.internal.Excluder,178,0.018
com.google.gson.internal.Excluder,179,0.018
com.google.gson.internal.Excluder,188,0.018
com.google.gson.stream.JsonWriter,583,0.018
com.google.gson.internal.Excluder,170,0.018
com.google.gson.internal.Excluder,159,0.018
com.google.gson.internal.Excluder,163,0.018
com.google.gson.internal.Excluder,150,0.018
com.google.gson.internal.Excluder,154,0.018
com.google.gson.internal.bind.JsonAdapterAnnotationTypeAdapterFactory,44,0.018
com.google.gson.internal.bind.TypeAdapters,756,0.018
com.google.gson.internal.bind.TypeAdapters,757,0.018
com.google.gson.stream.JsonWriter,347,0.018
com.google.gson.Gson,729,0.018
com.google.gson.internal.bind.JsonAdapterAnnotationTypeAdapterFactory,42,0.018
com.google.gson.internal.bind.JsonAdapterAnnotationTypeAdapterFactory,43,0.018
com.google.gson.internal.bind.MapTypeAdapterFactory,120,0.018
com.google.gson.stream.JsonWriter,582,0.018
com.google.gson.Gson,780,0.018
com.google.gson.Gson,781,0.018
com.google.gson.Gson,786,0.018
com.google.gson.Gson,793,0.018
com.google.gson.Gson,794,0.018
com.google.gson.Gson,815,0.017
com.google.gson.stream.JsonWriter,345,0.017
com.google.gson.stream.JsonWriter,346,0.017
com.google.gson.stream.JsonWriter,349,0.017
com.google.gson.stream.JsonWriter,350,0.017
com.google.gson.stream.JsonWriter,341,0.017
com.google.gson.stream.JsonWriter,337,0.017
com.google.gson.stream.JsonWriter,338,0.017
com.google.gson.stream.JsonWriter,325,0.017
com.google.gson.stream.JsonWriter,326,0.017
com.google.gson.stream.JsonWriter,327,0.017
com.google.gson.stream.JsonWriter,328,0.017
com.google.gson.internal.bind.CollectionTypeAdapterFactory,48,0.016
com.google.gson.internal.bind.MapTypeAdapterFactory,116,0.016
com.google.gson.internal.bind.MapTypeAdapterFactory,118,0.016
com.google.gson.internal.bind.MapTypeAdapterFactory,119,0.016
com.google.gson.internal.bind.TypeAdapterRuntimeTypeWrapper,32,0.016
com.google.gson.internal.bind.TypeAdapterRuntimeTypeWrapper,33,0.016
com.google.gson.internal.bind.TypeAdapterRuntimeTypeWrapper,34,0.016
com.google.gson.internal.bind.TypeAdapterRuntimeTypeWrapper,35,0.016
com.google.gson.internal.bind.TypeAdapterRuntimeTypeWrapper,36,0.016
com.google.gson.stream.JsonReader,459,0.016
com.google.gson.stream.JsonReader,544,0.016
com.google.gson.stream.JsonReader,1417,0.016
com.google.gson.stream.JsonReader,542,0.016
com.google.gson.stream.JsonReader,543,0.016
com.google.gson.stream.JsonReader,1347,0.016
com.google.gson.stream.JsonReader,1413,0.016
com.google.gson.stream.JsonReader,541,0.016
com.google.gson.internal.,327,0.016
com.google.gson.internal.,334,0.016
com.google.gson.internal.,342,0.016
com.google.gson.internal.,350,0.016
com.google.gson.internal.,372,0.016
com.google.gson.internal.,391,0.016
com.google.gson.internal.ConstructorConstructor,79,0.015
com.google.gson.internal.ConstructorConstructor,80,0.015
com.google.gson.internal.ConstructorConstructor,69,0.015
com.google.gson.internal.ConstructorConstructor,70,0.015
com.google.gson.internal.ConstructorConstructor,71,0.015
com.google.gson.internal.ConstructorConstructor,52,0.015
com.google.gson.internal.ConstructorConstructor,53,0.015
com.google.gson.internal.ConstructorConstructor,58,0.015
com.google.gson.internal.ConstructorConstructor,59,0.015
com.google.gson.internal.bind.CollectionTypeAdapterFactory,44,0.015
com.google.gson.internal.bind.CollectionTypeAdapterFactory,46,0.015
com.google.gson.internal.bind.CollectionTypeAdapterFactory,47,0.015
com.google.gson.internal.bind.ArrayTypeAdapter,44,0.015
com.google.gson.stream.JsonReader,1314,0.015
com.google.gson.internal.bind.ArrayTypeAdapter,42,0.014
com.google.gson.internal.bind.ArrayTypeAdapter,43,0.014
com.google.gson.internal.bind.TypeAdapters,521,0.014
com.google.gson.reflect.TypeToken,101,0.014
