org.apache.commons.math.distribution.AbstractContinuousDistribution,88,0.707
org.apache.commons.math.distribution.AbstractContinuousDistribution,97,0.707
org.apache.commons.math.distribution.AbstractContinuousDistribution,100,0.707
org.apache.commons.math.distribution.AbstractContinuousDistribution,104,0.707
org.apache.commons.math.analysis.solvers.UnivariateRealSolverUtils,199,0.707
org.apache.commons.math.analysis.solvers.UnivariateRealSolverUtils,203,0.707
org.apache.commons.math.analysis.solvers.UnivariateRealSolverUtils,204,0.707
org.apache.commons.math.distribution.NormalDistributionImpl,128,0.5
org.apache.commons.math.distribution.NormalDistributionImpl,129,0.5
org.apache.commons.math.distribution.NormalDistributionImpl,131,0.5
org.apache.commons.math.distribution.NormalDistributionImpl,132,0.5
org.apache.commons.math.distribution.NormalDistributionImpl,162,0.5
org.apache.commons.math.distribution.NormalDistributionImpl,178,0.5
org.apache.commons.math.distribution.NormalDistributionImpl,181,0.5
org.apache.commons.math.special.Gamma,181,0.5
org.apache.commons.math.distribution.NormalDistributionImpl,184,0.5
org.apache.commons.math.distribution.NormalDistributionImpl,200,0.5
org.apache.commons.math.distribution.NormalDistributionImpl,203,0.5
org.apache.commons.math.distribution.NormalDistributionImpl,206,0.5
org.apache.commons.math.distribution.NormalDistributionImpl,221,0.5
org.apache.commons.math.distribution.NormalDistributionImpl,223,0.5
org.apache.commons.math.distribution.NormalDistributionImpl,224,0.5
org.apache.commons.math.distribution.NormalDistributionImpl,229,0.5
org.apache.commons.math.distribution.NormalDistributionImpl,156,0.408
org.apache.commons.math.distribution.NormalDistributionImpl,159,0.408
org.apache.commons.math.estimation.AbstractEstimator,111,0.354
org.apache.commons.math.estimation.AbstractEstimator,112,0.354
org.apache.commons.math.distribution.NormalDistributionImpl,72,0.267
org.apache.commons.math.distribution.NormalDistributionImpl,88,0.267
org.apache.commons.math.MaxIterationsExceededException,43,0.25
org.apache.commons.math.MaxIterationsExceededException,44,0.25
org.apache.commons.math.MaxIterationsExceededException,45,0.25
org.apache.commons.math.distribution.NormalDistributionImpl,126,0.236
org.apache.commons.math.distribution.NormalDistributionImpl,127,0.236
org.apache.commons.math.special.Gamma,162,0.224
org.apache.commons.math.estimation.EstimationException,45,0.213
org.apache.commons.math.estimation.EstimationException,46,0.213
org.apache.commons.math.MathException,172,0.196
org.apache.commons.math.estimation.LevenbergMarquardtEstimator,584,0.196
org.apache.commons.math.special.Erf,51,0.189
org.apache.commons.math.special.Erf,52,0.189
org.apache.commons.math.special.Erf,55,0.189
org.apache.commons.math.distribution.AbstractContinuousDistribution,69,0.177
org.apache.commons.math.distribution.AbstractContinuousDistribution,70,0.177
org.apache.commons.math.distribution.AbstractContinuousDistribution,73,0.177
org.apache.commons.math.distribution.AbstractContinuousDistribution,81,0.177
org.apache.commons.math.distribution.AbstractContinuousDistribution,82,0.177
org.apache.commons.math.distribution.AbstractContinuousDistribution,83,0.177
org.apache.commons.math.distribution.AbstractContinuousDistribution,85,0.177
org.apache.commons.math.distribution.AbstractContinuousDistribution,86,0.177
org.apache.commons.math.estimation.LevenbergMarquardtEstimator,362,0.177
org.apache.commons.math.estimation.LevenbergMarquardtEstimator,488,0.177
org.apache.commons.math.estimation.LevenbergMarquardtEstimator,489,0.177
org.apache.commons.math.estimation.LevenbergMarquardtEstimator,490,0.177
org.apache.commons.math.estimation.LevenbergMarquardtEstimator,492,0.177
org.apache.commons.math.estimation.LevenbergMarquardtEstimator,493,0.177
org.apache.commons.math.estimation.LevenbergMarquardtEstimator,494,0.177
org.apache.commons.math.estimation.LevenbergMarquardtEstimator,495,0.177
org.apache.commons.math.estimation.LevenbergMarquardtEstimator,496,0.177
org.apache.commons.math.estimation.LevenbergMarquardtEstimator,497,0.177
org.apache.commons.math.estimation.LevenbergMarquardtEstimator,499,0.177
org.apache.commons.math.estimation.LevenbergMarquardtEstimator,500,0.177
org.apache.commons.math.estimation.LevenbergMarquardtEstimator,501,0.177
org.apache.commons.math.estimation.LevenbergMarquardtEstimator,503,0.177
org.apache.commons.math.estimation.LevenbergMarquardtEstimator,563,0.177
org.apache.commons.math.estimation.LevenbergMarquardtEstimator,564,0.177
org.apache.commons.math.estimation.LevenbergMarquardtEstimator,565,0.177
org.apache.commons.math.estimation.LevenbergMarquardtEstimator,567,0.177
org.apache.commons.math.estimation.LevenbergMarquardtEstimator,568,0.177
org.apache.commons.math.estimation.LevenbergMarquardtEstimator,569,0.177
org.apache.commons.math.estimation.LevenbergMarquardtEstimator,570,0.177
org.apache.commons.math.estimation.LevenbergMarquardtEstimator,571,0.177
org.apache.commons.math.estimation.LevenbergMarquardtEstimator,572,0.177
org.apache.commons.math.estimation.LevenbergMarquardtEstimator,575,0.177
org.apache.commons.math.estimation.LevenbergMarquardtEstimator,576,0.177
org.apache.commons.math.estimation.LevenbergMarquardtEstimator,577,0.177
org.apache.commons.math.estimation.LevenbergMarquardtEstimator,578,0.177
org.apache.commons.math.estimation.LevenbergMarquardtEstimator,580,0.177
org.apache.commons.math.estimation.LevenbergMarquardtEstimator,583,0.177
org.apache.commons.math.estimation.LevenbergMarquardtEstimator,585,0.177
org.apache.commons.math.estimation.LevenbergMarquardtEstimator,586,0.177
org.apache.commons.math.estimation.LevenbergMarquardtEstimator,590,0.177
org.apache.commons.math.analysis.solvers.UnivariateRealSolverUtils,127,0.171
org.apache.commons.math.analysis.solvers.UnivariateRealSolverUtils,182,0.171
org.apache.commons.math.analysis.solvers.UnivariateRealSolverUtils,183,0.171
org.apache.commons.math.analysis.solvers.UnivariateRealSolverUtils,186,0.171
org.apache.commons.math.analysis.solvers.UnivariateRealSolverUtils,189,0.171
org.apache.commons.math.analysis.solvers.UnivariateRealSolverUtils,190,0.171
org.apache.commons.math.analysis.solvers.UnivariateRealSolverUtils,191,0.171
org.apache.commons.math.analysis.solvers.UnivariateRealSolverUtils,193,0.171
org.apache.commons.math.analysis.solvers.UnivariateRealSolverUtils,194,0.171
org.apache.commons.math.analysis.solvers.UnivariateRealSolverUtils,195,0.171
org.apache.commons.math.analysis.solvers.UnivariateRealSolverUtils,198,0.171
org.apache.commons.math.analysis.solvers.UnivariateRealSolverUtils,170,0.167
org.apache.commons.math.analysis.solvers.UnivariateRealSolverUtils,173,0.167
org.apache.commons.math.analysis.solvers.UnivariateRealSolverUtils,177,0.167
org.apache.commons.math.estimation.LevenbergMarquardtEstimator,383,0.167
org.apache.commons.math.estimation.LevenbergMarquardtEstimator,384,0.167
org.apache.commons.math.estimation.LevenbergMarquardtEstimator,385,0.167
org.apache.commons.math.estimation.LevenbergMarquardtEstimator,386,0.167
org.apache.commons.math.estimation.LevenbergMarquardtEstimator,388,0.167
org.apache.commons.math.estimation.LevenbergMarquardtEstimator,389,0.167
org.apache.commons.math.estimation.LevenbergMarquardtEstimator,390,0.167
org.apache.commons.math.estimation.LevenbergMarquardtEstimator,486,0.167
org.apache.commons.math.estimation.LevenbergMarquardtEstimator,487,0.167
org.apache.commons.math.estimation.LevenbergMarquardtEstimator,507,0.167
org.apache.commons.math.estimation.LevenbergMarquardtEstimator,508,0.167
org.apache.commons.math.estimation.LevenbergMarquardtEstimator,509,0.167
org.apache.commons.math.estimation.LevenbergMarquardtEstimator,510,0.167
org.apache.commons.math.estimation.LevenbergMarquardtEstimator,511,0.167
org.apache.commons.math.estimation.LevenbergMarquardtEstimator,512,0.167
org.apache.commons.math.estimation.LevenbergMarquardtEstimator,514,0.167
org.apache.commons.math.estimation.LevenbergMarquardtEstimator,515,0.167
org.apache.commons.math.estimation.LevenbergMarquardtEstimator,517,0.167
org.apache.commons.math.estimation.LevenbergMarquardtEstimator,518,0.167
org.apache.commons.math.estimation.LevenbergMarquardtEstimator,519,0.167
org.apache.commons.math.estimation.LevenbergMarquardtEstimator,526,0.167
org.apache.commons.math.estimation.LevenbergMarquardtEstimator,527,0.167
org.apache.commons.math.estimation.LevenbergMarquardtEstimator,531,0.167
org.apache.commons.math.estimation.LevenbergMarquardtEstimator,534,0.167
org.apache.commons.math.estimation.LevenbergMarquardtEstimator,537,0.167
org.apache.commons.math.estimation.LevenbergMarquardtEstimator,538,0.167
org.apache.commons.math.estimation.LevenbergMarquardtEstimator,539,0.167
org.apache.commons.math.estimation.LevenbergMarquardtEstimator,540,0.167
org.apache.commons.math.estimation.LevenbergMarquardtEstimator,542,0.167
org.apache.commons.math.estimation.LevenbergMarquardtEstimator,544,0.167
org.apache.commons.math.estimation.LevenbergMarquardtEstimator,545,0.167
org.apache.commons.math.estimation.LevenbergMarquardtEstimator,546,0.167
org.apache.commons.math.estimation.LevenbergMarquardtEstimator,547,0.167
org.apache.commons.math.estimation.LevenbergMarquardtEstimator,548,0.167
org.apache.commons.math.estimation.LevenbergMarquardtEstimator,549,0.167
org.apache.commons.math.estimation.LevenbergMarquardtEstimator,551,0.167
org.apache.commons.math.estimation.LevenbergMarquardtEstimator,552,0.167
org.apache.commons.math.estimation.LevenbergMarquardtEstimator,553,0.167
org.apache.commons.math.estimation.LevenbergMarquardtEstimator,557,0.167
org.apache.commons.math.estimation.LevenbergMarquardtEstimator,559,0.167
org.apache.commons.math.estimation.LevenbergMarquardtEstimator,620,0.167
org.apache.commons.math.estimation.LevenbergMarquardtEstimator,621,0.167
org.apache.commons.math.estimation.LevenbergMarquardtEstimator,622,0.167
org.apache.commons.math.estimation.LevenbergMarquardtEstimator,623,0.167
org.apache.commons.math.estimation.LevenbergMarquardtEstimator,625,0.167
org.apache.commons.math.estimation.LevenbergMarquardtEstimator,626,0.167
org.apache.commons.math.estimation.LevenbergMarquardtEstimator,630,0.167
org.apache.commons.math.estimation.LevenbergMarquardtEstimator,634,0.167
org.apache.commons.math.estimation.LevenbergMarquardtEstimator,635,0.167
org.apache.commons.math.estimation.LevenbergMarquardtEstimator,636,0.167
org.apache.commons.math.estimation.LevenbergMarquardtEstimator,637,0.167
org.apache.commons.math.estimation.LevenbergMarquardtEstimator,639,0.167
org.apache.commons.math.estimation.LevenbergMarquardtEstimator,644,0.167
org.apache.commons.math.estimation.LevenbergMarquardtEstimator,645,0.167
org.apache.commons.math.estimation.LevenbergMarquardtEstimator,646,0.167
org.apache.commons.math.estimation.LevenbergMarquardtEstimator,650,0.167
org.apache.commons.math.estimation.LevenbergMarquardtEstimator,653,0.167
org.apache.commons.math.estimation.LevenbergMarquardtEstimator,654,0.167
org.apache.commons.math.estimation.LevenbergMarquardtEstimator,655,0.167
org.apache.commons.math.estimation.LevenbergMarquardtEstimator,656,0.167
org.apache.commons.math.estimation.LevenbergMarquardtEstimator,657,0.167
org.apache.commons.math.estimation.LevenbergMarquardtEstimator,658,0.167
org.apache.commons.math.estimation.LevenbergMarquardtEstimator,659,0.167
org.apache.commons.math.estimation.LevenbergMarquardtEstimator,660,0.167
org.apache.commons.math.estimation.LevenbergMarquardtEstimator,661,0.167
org.apache.commons.math.estimation.LevenbergMarquardtEstimator,666,0.167
org.apache.commons.math.estimation.LevenbergMarquardtEstimator,667,0.167
org.apache.commons.math.estimation.LevenbergMarquardtEstimator,668,0.167
org.apache.commons.math.estimation.LevenbergMarquardtEstimator,669,0.167
org.apache.commons.math.estimation.LevenbergMarquardtEstimator,672,0.167
org.apache.commons.math.estimation.LevenbergMarquardtEstimator,673,0.167
org.apache.commons.math.estimation.LevenbergMarquardtEstimator,674,0.167
org.apache.commons.math.estimation.LevenbergMarquardtEstimator,675,0.167
org.apache.commons.math.estimation.LevenbergMarquardtEstimator,676,0.167
org.apache.commons.math.estimation.LevenbergMarquardtEstimator,684,0.167
org.apache.commons.math.estimation.LevenbergMarquardtEstimator,685,0.167
org.apache.commons.math.estimation.LevenbergMarquardtEstimator,686,0.167
org.apache.commons.math.estimation.LevenbergMarquardtEstimator,692,0.167
org.apache.commons.math.estimation.LevenbergMarquardtEstimator,693,0.167
org.apache.commons.math.estimation.LevenbergMarquardtEstimator,694,0.167
org.apache.commons.math.estimation.LevenbergMarquardtEstimator,697,0.167
org.apache.commons.math.estimation.LevenbergMarquardtEstimator,701,0.167
org.apache.commons.math.estimation.LevenbergMarquardtEstimator,702,0.167
org.apache.commons.math.estimation.LevenbergMarquardtEstimator,703,0.167
org.apache.commons.math.estimation.LevenbergMarquardtEstimator,704,0.167
org.apache.commons.math.estimation.LevenbergMarquardtEstimator,705,0.167
org.apache.commons.math.estimation.LevenbergMarquardtEstimator,706,0.167
org.apache.commons.math.estimation.LevenbergMarquardtEstimator,708,0.167
org.apache.commons.math.estimation.LevenbergMarquardtEstimator,713,0.167
org.apache.commons.math.estimation.LevenbergMarquardtEstimator,714,0.167
org.apache.commons.math.estimation.LevenbergMarquardtEstimator,717,0.167
org.apache.commons.math.estimation.LevenbergMarquardtEstimator,360,0.162
org.apache.commons.math.estimation.LevenbergMarquardtEstimator,361,0.162
org.apache.commons.math.estimation.LevenbergMarquardtEstimator,364,0.162
org.apache.commons.math.estimation.LevenbergMarquardtEstimator,365,0.162
org.apache.commons.math.distribution.AbstractContinuousDistribution,62,0.154
org.apache.commons.math.distribution.NormalDistributionImpl,43,0.147
org.apache.commons.math.distribution.NormalDistributionImpl,46,0.147
org.apache.commons.math.distribution.NormalDistributionImpl,54,0.147
org.apache.commons.math.distribution.NormalDistributionImpl,55,0.147
org.apache.commons.math.distribution.NormalDistributionImpl,56,0.147
org.apache.commons.math.distribution.NormalDistributionImpl,57,0.147
org.apache.commons.math.distribution.NormalDistributionImpl,80,0.147
org.apache.commons.math.distribution.NormalDistributionImpl,81,0.147
org.apache.commons.math.distribution.NormalDistributionImpl,97,0.147
org.apache.commons.math.distribution.NormalDistributionImpl,102,0.147
org.apache.commons.math.distribution.NormalDistributionImpl,103,0.147
org.apache.commons.math.MathException,106,0.146
org.apache.commons.math.MathException,107,0.146
org.apache.commons.math.MathException,108,0.146
org.apache.commons.math.MathException,109,0.146
org.apache.commons.math.MathException,60,0.14
org.apache.commons.math.MathException,67,0.14
org.apache.commons.math.MathException,73,0.14
org.apache.commons.math.estimation.LevenbergMarquardtEstimator,398,0.139
org.apache.commons.math.MathException,85,0.138
org.apache.commons.math.MathException,119,0.136
org.apache.commons.math.MathException,120,0.136
org.apache.commons.math.MathException,121,0.136
org.apache.commons.math.MathException,122,0.136
org.apache.commons.math.estimation.LevenbergMarquardtEstimator,811,0.134
org.apache.commons.math.estimation.LevenbergMarquardtEstimator,813,0.134
org.apache.commons.math.ConvergenceException,45,0.127
org.apache.commons.math.ConvergenceException,46,0.127
org.apache.commons.math.estimation.LevenbergMarquardtEstimator,462,0.127
org.apache.commons.math.estimation.LevenbergMarquardtEstimator,479,0.127
org.apache.commons.math.estimation.LevenbergMarquardtEstimator,480,0.127
org.apache.commons.math.MathException,166,0.125
org.apache.commons.math.estimation.LevenbergMarquardtEstimator,235,0.125
org.apache.commons.math.estimation.LevenbergMarquardtEstimator,238,0.125
org.apache.commons.math.estimation.LevenbergMarquardtEstimator,242,0.125
org.apache.commons.math.estimation.LevenbergMarquardtEstimator,243,0.125
org.apache.commons.math.estimation.LevenbergMarquardtEstimator,244,0.125
org.apache.commons.math.estimation.LevenbergMarquardtEstimator,247,0.125
org.apache.commons.math.estimation.LevenbergMarquardtEstimator,251,0.125
org.apache.commons.math.estimation.LevenbergMarquardtEstimator,252,0.125
org.apache.commons.math.estimation.LevenbergMarquardtEstimator,253,0.125
org.apache.commons.math.estimation.LevenbergMarquardtEstimator,254,0.125
org.apache.commons.math.estimation.LevenbergMarquardtEstimator,257,0.125
org.apache.commons.math.estimation.LevenbergMarquardtEstimator,258,0.125
org.apache.commons.math.estimation.LevenbergMarquardtEstimator,259,0.125
org.apache.commons.math.estimation.LevenbergMarquardtEstimator,261,0.125
org.apache.commons.math.estimation.LevenbergMarquardtEstimator,264,0.125
org.apache.commons.math.estimation.LevenbergMarquardtEstimator,269,0.125
org.apache.commons.math.estimation.LevenbergMarquardtEstimator,270,0.125
org.apache.commons.math.estimation.LevenbergMarquardtEstimator,271,0.125
org.apache.commons.math.estimation.LevenbergMarquardtEstimator,272,0.125
org.apache.commons.math.estimation.LevenbergMarquardtEstimator,273,0.125
org.apache.commons.math.estimation.LevenbergMarquardtEstimator,274,0.125
org.apache.commons.math.estimation.LevenbergMarquardtEstimator,275,0.125
org.apache.commons.math.estimation.LevenbergMarquardtEstimator,276,0.125
org.apache.commons.math.estimation.LevenbergMarquardtEstimator,277,0.125
org.apache.commons.math.estimation.LevenbergMarquardtEstimator,279,0.125
org.apache.commons.math.estimation.LevenbergMarquardtEstimator,283,0.125
org.apache.commons.math.estimation.LevenbergMarquardtEstimator,288,0.125
org.apache.commons.math.estimation.LevenbergMarquardtEstimator,289,0.125
org.apache.commons.math.estimation.LevenbergMarquardtEstimator,293,0.125
org.apache.commons.math.estimation.LevenbergMarquardtEstimator,296,0.125
org.apache.commons.math.estimation.LevenbergMarquardtEstimator,297,0.125
org.apache.commons.math.estimation.LevenbergMarquardtEstimator,298,0.125
org.apache.commons.math.estimation.LevenbergMarquardtEstimator,300,0.125
org.apache.commons.math.estimation.LevenbergMarquardtEstimator,301,0.125
org.apache.commons.math.estimation.LevenbergMarquardtEstimator,302,0.125
org.apache.commons.math.estimation.LevenbergMarquardtEstimator,303,0.125
org.apache.commons.math.estimation.LevenbergMarquardtEstimator,306,0.125
org.apache.commons.math.estimation.LevenbergMarquardtEstimator,309,0.125
org.apache.commons.math.estimation.LevenbergMarquardtEstimator,310,0.125
org.apache.commons.math.estimation.LevenbergMarquardtEstimator,311,0.125
org.apache.commons.math.estimation.LevenbergMarquardtEstimator,312,0.125
org.apache.commons.math.estimation.LevenbergMarquardtEstimator,313,0.125
org.apache.commons.math.estimation.LevenbergMarquardtEstimator,314,0.125
org.apache.commons.math.estimation.LevenbergMarquardtEstimator,315,0.125
org.apache.commons.math.estimation.LevenbergMarquardtEstimator,317,0.125
org.apache.commons.math.estimation.LevenbergMarquardtEstimator,320,0.125
org.apache.commons.math.estimation.LevenbergMarquardtEstimator,321,0.125
org.apache.commons.math.estimation.LevenbergMarquardtEstimator,325,0.125
org.apache.commons.math.estimation.LevenbergMarquardtEstimator,328,0.125
org.apache.commons.math.estimation.LevenbergMarquardtEstimator,329,0.125
org.apache.commons.math.estimation.LevenbergMarquardtEstimator,330,0.125
org.apache.commons.math.estimation.LevenbergMarquardtEstimator,331,0.125
org.apache.commons.math.estimation.LevenbergMarquardtEstimator,336,0.125
org.apache.commons.math.estimation.LevenbergMarquardtEstimator,337,0.125
org.apache.commons.math.estimation.LevenbergMarquardtEstimator,338,0.125
org.apache.commons.math.estimation.LevenbergMarquardtEstimator,339,0.125
org.apache.commons.math.estimation.LevenbergMarquardtEstimator,340,0.125
org.apache.commons.math.estimation.LevenbergMarquardtEstimator,341,0.125
org.apache.commons.math.estimation.LevenbergMarquardtEstimator,344,0.125
org.apache.commons.math.estimation.LevenbergMarquardtEstimator,345,0.125
org.apache.commons.math.estimation.LevenbergMarquardtEstimator,346,0.125
org.apache.commons.math.estimation.LevenbergMarquardtEstimator,348,0.125
org.apache.commons.math.estimation.LevenbergMarquardtEstimator,349,0.125
org.apache.commons.math.estimation.LevenbergMarquardtEstimator,350,0.125
org.apache.commons.math.estimation.LevenbergMarquardtEstimator,351,0.125
org.apache.commons.math.estimation.LevenbergMarquardtEstimator,352,0.125
org.apache.commons.math.estimation.LevenbergMarquardtEstimator,355,0.125
org.apache.commons.math.estimation.LevenbergMarquardtEstimator,358,0.125
org.apache.commons.math.estimation.LevenbergMarquardtEstimator,366,0.125
org.apache.commons.math.estimation.LevenbergMarquardtEstimator,367,0.125
org.apache.commons.math.estimation.LevenbergMarquardtEstimator,368,0.125
org.apache.commons.math.estimation.LevenbergMarquardtEstimator,372,0.125
org.apache.commons.math.estimation.LevenbergMarquardtEstimator,374,0.125
org.apache.commons.math.estimation.LevenbergMarquardtEstimator,375,0.125
org.apache.commons.math.estimation.LevenbergMarquardtEstimator,376,0.125
org.apache.commons.math.estimation.LevenbergMarquardtEstimator,377,0.125
org.apache.commons.math.estimation.LevenbergMarquardtEstimator,378,0.125
org.apache.commons.math.estimation.LevenbergMarquardtEstimator,380,0.125
org.apache.commons.math.estimation.LevenbergMarquardtEstimator,394,0.125
org.apache.commons.math.estimation.LevenbergMarquardtEstimator,403,0.125
org.apache.commons.math.estimation.LevenbergMarquardtEstimator,408,0.125
org.apache.commons.math.estimation.LevenbergMarquardtEstimator,413,0.125
org.apache.commons.math.estimation.LevenbergMarquardtEstimator,419,0.125
org.apache.commons.math.estimation.LevenbergMarquardtEstimator,421,0.125
org.apache.commons.math.estimation.LevenbergMarquardtEstimator,452,0.125
org.apache.commons.math.estimation.LevenbergMarquardtEstimator,453,0.125
org.apache.commons.math.estimation.LevenbergMarquardtEstimator,455,0.125
org.apache.commons.math.estimation.LevenbergMarquardtEstimator,458,0.125
org.apache.commons.math.estimation.LevenbergMarquardtEstimator,459,0.125
org.apache.commons.math.estimation.LevenbergMarquardtEstimator,460,0.125
org.apache.commons.math.estimation.LevenbergMarquardtEstimator,461,0.125
org.apache.commons.math.estimation.LevenbergMarquardtEstimator,464,0.125
org.apache.commons.math.estimation.LevenbergMarquardtEstimator,469,0.125
org.apache.commons.math.estimation.LevenbergMarquardtEstimator,470,0.125
org.apache.commons.math.estimation.LevenbergMarquardtEstimator,471,0.125
org.apache.commons.math.estimation.LevenbergMarquardtEstimator,472,0.125
org.apache.commons.math.estimation.LevenbergMarquardtEstimator,473,0.125
org.apache.commons.math.estimation.LevenbergMarquardtEstimator,474,0.125
org.apache.commons.math.estimation.LevenbergMarquardtEstimator,476,0.125
org.apache.commons.math.estimation.LevenbergMarquardtEstimator,477,0.125
org.apache.commons.math.estimation.LevenbergMarquardtEstimator,478,0.125
org.apache.commons.math.estimation.LevenbergMarquardtEstimator,798,0.125
org.apache.commons.math.estimation.LevenbergMarquardtEstimator,799,0.125
org.apache.commons.math.estimation.LevenbergMarquardtEstimator,800,0.125
org.apache.commons.math.estimation.LevenbergMarquardtEstimator,801,0.125
org.apache.commons.math.estimation.LevenbergMarquardtEstimator,803,0.125
org.apache.commons.math.estimation.LevenbergMarquardtEstimator,804,0.125
org.apache.commons.math.estimation.LevenbergMarquardtEstimator,805,0.125
org.apache.commons.math.estimation.LevenbergMarquardtEstimator,821,0.125
org.apache.commons.math.estimation.LevenbergMarquardtEstimator,822,0.125
org.apache.commons.math.estimation.LevenbergMarquardtEstimator,823,0.125
org.apache.commons.math.estimation.LevenbergMarquardtEstimator,824,0.125
org.apache.commons.math.estimation.LevenbergMarquardtEstimator,825,0.125
org.apache.commons.math.estimation.LevenbergMarquardtEstimator,826,0.125
org.apache.commons.math.estimation.LevenbergMarquardtEstimator,828,0.125
org.apache.commons.math.estimation.LevenbergMarquardtEstimator,829,0.125
org.apache.commons.math.estimation.LevenbergMarquardtEstimator,830,0.125
org.apache.commons.math.estimation.LevenbergMarquardtEstimator,833,0.125
org.apache.commons.math.estimation.LevenbergMarquardtEstimator,116,0.123
org.apache.commons.math.estimation.LevenbergMarquardtEstimator,119,0.123
org.apache.commons.math.estimation.LevenbergMarquardtEstimator,122,0.123
org.apache.commons.math.estimation.LevenbergMarquardtEstimator,123,0.123
org.apache.commons.math.estimation.LevenbergMarquardtEstimator,124,0.123
org.apache.commons.math.estimation.LevenbergMarquardtEstimator,125,0.123
org.apache.commons.math.estimation.LevenbergMarquardtEstimator,127,0.123
org.apache.commons.math.estimation.LevenbergMarquardtEstimator,139,0.123
org.apache.commons.math.estimation.LevenbergMarquardtEstimator,140,0.123
org.apache.commons.math.estimation.LevenbergMarquardtEstimator,149,0.123
org.apache.commons.math.estimation.LevenbergMarquardtEstimator,150,0.123
org.apache.commons.math.estimation.LevenbergMarquardtEstimator,160,0.123
org.apache.commons.math.estimation.LevenbergMarquardtEstimator,161,0.123
org.apache.commons.math.estimation.LevenbergMarquardtEstimator,171,0.123
org.apache.commons.math.estimation.LevenbergMarquardtEstimator,172,0.123
org.apache.commons.math.estimation.LevenbergMarquardtEstimator,206,0.123
org.apache.commons.math.estimation.LevenbergMarquardtEstimator,209,0.123
org.apache.commons.math.estimation.LevenbergMarquardtEstimator,210,0.123
org.apache.commons.math.estimation.LevenbergMarquardtEstimator,211,0.123
org.apache.commons.math.estimation.LevenbergMarquardtEstimator,212,0.123
org.apache.commons.math.estimation.LevenbergMarquardtEstimator,213,0.123
org.apache.commons.math.estimation.LevenbergMarquardtEstimator,214,0.123
org.apache.commons.math.estimation.LevenbergMarquardtEstimator,217,0.123
org.apache.commons.math.estimation.LevenbergMarquardtEstimator,218,0.123
org.apache.commons.math.estimation.LevenbergMarquardtEstimator,219,0.123
org.apache.commons.math.estimation.LevenbergMarquardtEstimator,220,0.123
org.apache.commons.math.estimation.LevenbergMarquardtEstimator,221,0.123
org.apache.commons.math.estimation.LevenbergMarquardtEstimator,222,0.123
org.apache.commons.math.estimation.LevenbergMarquardtEstimator,223,0.123
org.apache.commons.math.estimation.LevenbergMarquardtEstimator,226,0.123
org.apache.commons.math.estimation.LevenbergMarquardtEstimator,229,0.123
org.apache.commons.math.estimation.LevenbergMarquardtEstimator,230,0.123
org.apache.commons.math.estimation.LevenbergMarquardtEstimator,234,0.123
org.apache.commons.math.estimation.LevenbergMarquardtEstimator,744,0.123
org.apache.commons.math.estimation.LevenbergMarquardtEstimator,745,0.123
org.apache.commons.math.estimation.LevenbergMarquardtEstimator,746,0.123
org.apache.commons.math.estimation.LevenbergMarquardtEstimator,747,0.123
org.apache.commons.math.estimation.LevenbergMarquardtEstimator,748,0.123
org.apache.commons.math.estimation.LevenbergMarquardtEstimator,749,0.123
org.apache.commons.math.estimation.LevenbergMarquardtEstimator,751,0.123
org.apache.commons.math.estimation.LevenbergMarquardtEstimator,755,0.123
org.apache.commons.math.estimation.LevenbergMarquardtEstimator,758,0.123
org.apache.commons.math.estimation.LevenbergMarquardtEstimator,759,0.123
org.apache.commons.math.estimation.LevenbergMarquardtEstimator,760,0.123
org.apache.commons.math.estimation.LevenbergMarquardtEstimator,761,0.123
org.apache.commons.math.estimation.LevenbergMarquardtEstimator,762,0.123
org.apache.commons.math.estimation.LevenbergMarquardtEstimator,763,0.123
org.apache.commons.math.estimation.LevenbergMarquardtEstimator,764,0.123
org.apache.commons.math.estimation.LevenbergMarquardtEstimator,765,0.123
org.apache.commons.math.estimation.LevenbergMarquardtEstimator,767,0.123
org.apache.commons.math.estimation.LevenbergMarquardtEstimator,772,0.123
org.apache.commons.math.estimation.LevenbergMarquardtEstimator,773,0.123
org.apache.commons.math.estimation.LevenbergMarquardtEstimator,774,0.123
org.apache.commons.math.estimation.LevenbergMarquardtEstimator,777,0.123
org.apache.commons.math.estimation.LevenbergMarquardtEstimator,781,0.123
org.apache.commons.math.estimation.LevenbergMarquardtEstimator,782,0.123
org.apache.commons.math.estimation.LevenbergMarquardtEstimator,783,0.123
org.apache.commons.math.estimation.LevenbergMarquardtEstimator,786,0.123
org.apache.commons.math.estimation.LevenbergMarquardtEstimator,787,0.123
org.apache.commons.math.estimation.LevenbergMarquardtEstimator,788,0.123
org.apache.commons.math.estimation.LevenbergMarquardtEstimator,789,0.123
org.apache.commons.math.estimation.LevenbergMarquardtEstimator,790,0.123
org.apache.commons.math.estimation.LevenbergMarquardtEstimator,793,0.123
org.apache.commons.math.estimation.LevenbergMarquardtEstimator,794,0.123
org.apache.commons.math.estimation.LevenbergMarquardtEstimator,797,0.123
org.apache.commons.math.estimation.AbstractEstimator,84,0.121
org.apache.commons.math.estimation.AbstractEstimator,85,0.121
org.apache.commons.math.estimation.AbstractEstimator,86,0.121
org.apache.commons.math.estimation.AbstractEstimator,87,0.121
org.apache.commons.math.estimation.AbstractEstimator,88,0.121
org.apache.commons.math.estimation.AbstractEstimator,89,0.121
org.apache.commons.math.estimation.AbstractEstimator,90,0.121
org.apache.commons.math.estimation.AbstractEstimator,93,0.121
org.apache.commons.math.special.Gamma,169,0.116
org.apache.commons.math.special.Gamma,170,0.116
org.apache.commons.math.special.Gamma,171,0.116
org.apache.commons.math.special.Gamma,172,0.116
org.apache.commons.math.special.Gamma,174,0.116
org.apache.commons.math.special.Gamma,175,0.116
org.apache.commons.math.special.Gamma,178,0.116
org.apache.commons.math.special.Gamma,180,0.116
org.apache.commons.math.special.Gamma,183,0.116
org.apache.commons.math.estimation.WeightedMeasurement,70,0.113
org.apache.commons.math.estimation.WeightedMeasurement,71,0.113
org.apache.commons.math.estimation.WeightedMeasurement,72,0.113
org.apache.commons.math.estimation.WeightedMeasurement,73,0.113
org.apache.commons.math.estimation.WeightedMeasurement,74,0.113
org.apache.commons.math.estimation.AbstractEstimator,138,0.11
org.apache.commons.math.estimation.AbstractEstimator,139,0.11
org.apache.commons.math.estimation.AbstractEstimator,140,0.11
org.apache.commons.math.estimation.AbstractEstimator,141,0.11
org.apache.commons.math.estimation.AbstractEstimator,142,0.11
org.apache.commons.math.estimation.AbstractEstimator,144,0.11
org.apache.commons.math.estimation.AbstractEstimator,110,0.105
org.apache.commons.math.estimation.AbstractEstimator,115,0.105
org.apache.commons.math.estimation.AbstractEstimator,116,0.105
org.apache.commons.math.estimation.AbstractEstimator,117,0.105
org.apache.commons.math.estimation.AbstractEstimator,118,0.105
org.apache.commons.math.estimation.AbstractEstimator,119,0.105
org.apache.commons.math.estimation.AbstractEstimator,120,0.105
org.apache.commons.math.estimation.AbstractEstimator,122,0.105
org.apache.commons.math.estimation.AbstractEstimator,124,0.105
org.apache.commons.math.special.Gamma,163,0.105
org.apache.commons.math.estimation.EstimatedParameter,81,0.104
org.apache.commons.math.estimation.EstimatedParameter,82,0.104
org.apache.commons.math.special.Gamma,161,0.103
org.apache.commons.math.estimation.AbstractEstimator,48,0.102
org.apache.commons.math.estimation.AbstractEstimator,49,0.102
org.apache.commons.math.estimation.AbstractEstimator,50,0.102
org.apache.commons.math.estimation.AbstractEstimator,59,0.102
org.apache.commons.math.estimation.AbstractEstimator,60,0.102
org.apache.commons.math.estimation.AbstractEstimator,99,0.102
org.apache.commons.math.estimation.AbstractEstimator,100,0.102
org.apache.commons.math.estimation.AbstractEstimator,239,0.102
org.apache.commons.math.estimation.AbstractEstimator,240,0.102
org.apache.commons.math.estimation.AbstractEstimator,243,0.102
org.apache.commons.math.estimation.AbstractEstimator,244,0.102
org.apache.commons.math.estimation.AbstractEstimator,247,0.102
org.apache.commons.math.estimation.AbstractEstimator,248,0.102
org.apache.commons.math.estimation.AbstractEstimator,249,0.102
org.apache.commons.math.estimation.AbstractEstimator,250,0.102
org.apache.commons.math.estimation.AbstractEstimator,252,0.102
org.apache.commons.math.estimation.AbstractEstimator,254,0.102
org.apache.commons.math.estimation.WeightedMeasurement,97,0.101
org.apache.commons.math.estimation.WeightedMeasurement,116,0.101
org.apache.commons.math.special.Gamma,159,0.098
org.apache.commons.math.special.Gamma,187,0.098
org.apache.commons.math.estimation.EstimatedParameter,46,0.097
org.apache.commons.math.estimation.EstimatedParameter,47,0.097
org.apache.commons.math.estimation.EstimatedParameter,48,0.097
org.apache.commons.math.estimation.EstimatedParameter,49,0.097
org.apache.commons.math.estimation.EstimatedParameter,50,0.097
org.apache.commons.math.estimation.EstimatedParameter,88,0.097
org.apache.commons.math.special.Gamma,94,0.069
org.apache.commons.math.special.Gamma,96,0.069
org.apache.commons.math.special.Gamma,97,0.069
org.apache.commons.math.special.Gamma,98,0.069
org.apache.commons.math.special.Gamma,100,0.069
org.apache.commons.math.special.Gamma,102,0.069
org.apache.commons.math.special.Gamma,103,0.069
org.apache.commons.math.special.Gamma,104,0.069
org.apache.commons.math.special.Gamma,91,0.068
org.apache.commons.math.special.Gamma,107,0.068
org.apache.commons.math.distribution.AbstractContinuousDistribution,46,0.064
org.apache.commons.math.distribution.AbstractContinuousDistribution,47,0.064
org.apache.commons.math.distribution.AbstractDistribution,39,0.058
org.apache.commons.math.distribution.AbstractDistribution,40,0.058
