org.joda.time.chrono.GJChronology,975,0.535
org.joda.time.chrono.GJChronology,976,0.535
org.joda.time.chrono.GJChronology,978,0.535
org.joda.time.chrono.GJChronology,979,0.535
org.joda.time.IllegalFieldValueException,314,0.5
org.joda.time.LocalDate,1500,0.408
org.joda.time.LocalDate,1531,0.408
org.joda.time.LocalDate,1663,0.408
org.joda.time.LocalDate,1708,0.408
org.joda.time.LocalDate,1763,0.408
org.joda.time.chrono.GJChronology,339,0.392
org.joda.time.chrono.GJChronology,340,0.392
org.joda.time.chrono.GJChronology,341,0.392
org.joda.time.chrono.JulianChronology,50,0.354
org.joda.time.chrono.JulianChronology,80,0.354
org.joda.time.chrono.JulianChronology,81,0.354
org.joda.time.field.SkipDateTimeField,90,0.354
org.joda.time.field.SkipDateTimeField,94,0.354
org.joda.time.chrono.GJChronology,95,0.354
org.joda.time.chrono.GJChronology,96,0.354
org.joda.time.chrono.BasicChronology,152,0.354
org.joda.time.chrono.BasicChronology,157,0.354
org.joda.time.chrono.GJChronology,596,0.354
org.joda.time.chrono.GJChronology,922,0.354
org.joda.time.LocalDate,1965,0.316
org.joda.time.format.FormatUtils,51,0.306
org.joda.time.format.FormatUtils,52,0.306
org.joda.time.format.FormatUtils,53,0.306
org.joda.time.chrono.BasicWeekyearDateTimeField,72,0.306
org.joda.time.chrono.BasicWeekyearDateTimeField,75,0.306
org.joda.time.chrono.JulianChronology,79,0.283
org.joda.time.chrono.JulianChronology,83,0.283
org.joda.time.field.SkipDateTimeField,82,0.274
org.joda.time.chrono.GJChronology,330,0.263
org.joda.time.chrono.GJChronology,335,0.263
org.joda.time.chrono.GJChronology,336,0.263
org.joda.time.chrono.GJChronology,337,0.263
org.joda.time.chrono.GJChronology,346,0.263
org.joda.time.chrono.GJChronology,974,0.254
org.joda.time.format.DateTimeFormatterBuilder,955,0.236
org.joda.time.format.DateTimeFormatterBuilder,534,0.231
org.joda.time.format.DateTimeFormatterBuilder,537,0.231
org.joda.time.chrono.GJLocaleSymbols,239,0.224
org.joda.time.chrono.BasicChronology,763,0.224
org.joda.time.LocalDate,1819,0.224
org.joda.time.chrono.BasicWeekyearDateTimeField,181,0.221
org.joda.time.LocalDate,1202,0.213
org.joda.time.LocalDate,1205,0.213
org.joda.time.format.DateTimeFormatterBuilder,1804,0.212
org.joda.time.chrono.BasicChronology,549,0.208
org.joda.time.chrono.BasicChronology,411,0.206
org.joda.time.field.SkipDateTimeField,91,0.204
org.joda.time.field.SkipDateTimeField,92,0.204
org.joda.time.chrono.GJChronology,97,0.204
org.joda.time.chrono.GJChronology,98,0.204
org.joda.time.chrono.GJChronology,99,0.204
org.joda.time.chrono.GJChronology,100,0.204
org.joda.time.chrono.BasicChronology,546,0.2
org.joda.time.chrono.BasicChronology,548,0.2
org.joda.time.chrono.GJChronology,320,0.189
org.joda.time.chrono.GJChronology,306,0.183
org.joda.time.chrono.GJChronology,316,0.181
org.joda.time.chrono.GJChronology,319,0.181
org.joda.time.chrono.BasicWeekyearDateTimeField,128,0.179
org.joda.time.chrono.BasicWeekyearDateTimeField,129,0.179
org.joda.time.chrono.BasicWeekyearDateTimeField,133,0.179
org.joda.time.chrono.BasicWeekyearDateTimeField,134,0.179
org.joda.time.chrono.BasicWeekyearDateTimeField,140,0.179
org.joda.time.chrono.BasicWeekyearDateTimeField,144,0.179
org.joda.time.chrono.BasicWeekyearDateTimeField,145,0.179
org.joda.time.chrono.BasicWeekyearDateTimeField,146,0.179
org.joda.time.chrono.BasicWeekyearDateTimeField,147,0.179
org.joda.time.chrono.BasicWeekyearDateTimeField,154,0.179
org.joda.time.chrono.BasicWeekyearDateTimeField,155,0.179
org.joda.time.chrono.BasicWeekyearDateTimeField,162,0.179
org.joda.time.chrono.BasicWeekyearDateTimeField,168,0.179
org.joda.time.chrono.BasicWeekyearDateTimeField,173,0.179
org.joda.time.chrono.BasicWeekyearDateTimeField,179,0.179
org.joda.time.chrono.BasicWeekyearDateTimeField,189,0.179
org.joda.time.chrono.BasicWeekyearDateTimeField,191,0.179
org.joda.time.chrono.BasicWeekyearDateTimeField,200,0.179
org.joda.time.chrono.BasicWeekyearDateTimeField,204,0.179
org.joda.time.IllegalFieldValueException,46,0.177
org.joda.time.chrono.BasicWeekyearDateTimeField,228,0.171
org.joda.time.format.ISODateTimeFormat,658,0.167
org.joda.time.LocalDate,558,0.162
org.joda.time.chrono.GJChronology,215,0.158
org.joda.time.chrono.GJChronology,216,0.158
org.joda.time.chrono.GJChronology,217,0.158
org.joda.time.chrono.GJChronology,270,0.158
org.joda.time.chrono.GJChronology,271,0.158
org.joda.time.base.AbstractInstant,436,0.158
org.joda.time.base.AbstractInstant,439,0.158
org.joda.time.LocalDate,552,0.158
org.joda.time.LocalDate,555,0.158
org.joda.time.format.DateTimeFormatterBuilder,1007,0.158
org.joda.time.format.DateTimeFormatterBuilder,1767,0.156
org.joda.time.format.DateTimeFormatterBuilder,1770,0.156
org.joda.time.format.DateTimeFormatterBuilder,1771,0.156
org.joda.time.chrono.JulianChronology,211,0.156
org.joda.time.field.PreciseDurationDateTimeField,95,0.155
org.joda.time.field.PreciseDurationDateTimeField,96,0.155
org.joda.time.chrono.BasicChronology,336,0.155
org.joda.time.chrono.BasicChronology,337,0.155
org.joda.time.chrono.BasicChronology,338,0.155
org.joda.time.format.DateTimeFormatterBuilder,1800,0.155
org.joda.time.format.DateTimeFormatterBuilder,1801,0.155
org.joda.time.LocalDate,1041,0.152
org.joda.time.LocalDate,1042,0.152
org.joda.time.LocalDate,577,0.147
org.joda.time.chrono.GJChronology,882,0.147
org.joda.time.chrono.GJChronology,174,0.144
org.joda.time.LocalDate,570,0.141
org.joda.time.LocalDate,573,0.141
org.joda.time.LocalDate,574,0.141
org.joda.time.field.PreciseDurationDateTimeField,163,0.14
org.joda.time.chrono.GJChronology,295,0.139
org.joda.time.format.ISODateTimeFormat,991,0.139
org.joda.time.LocalDate,455,0.135
org.joda.time.LocalDate,456,0.135
org.joda.time.LocalDate,457,0.135
org.joda.time.LocalDate,458,0.135
org.joda.time.LocalDate,459,0.135
org.joda.time.LocalDate,460,0.135
org.joda.time.chrono.BasicYearDateTimeField,131,0.134
org.joda.time.chrono.JulianChronology,226,0.134
org.joda.time.chrono.JulianChronology,228,0.134
org.joda.time.chrono.JulianChronology,229,0.134
org.joda.time.format.DateTimeFormat,504,0.134
org.joda.time.format.DateTimeFormat,505,0.134
org.joda.time.chrono.GJChronology,510,0.134
org.joda.time.chrono.GJChronology,511,0.134
org.joda.time.chrono.GJChronology,512,0.134
org.joda.time.chrono.GJChronology,513,0.134
org.joda.time.chrono.GJChronology,514,0.134
org.joda.time.chrono.GJChronology,515,0.134
org.joda.time.chrono.GJChronology,516,0.134
org.joda.time.chrono.GJChronology,517,0.134
org.joda.time.chrono.GJChronology,518,0.134
org.joda.time.chrono.GJChronology,519,0.134
org.joda.time.chrono.GJChronology,521,0.134
org.joda.time.LocalDate,610,0.132
org.joda.time.DateTimeFieldType,508,0.131
org.joda.time.chrono.GJChronology,992,0.131
org.joda.time.chrono.GJChronology,1099,0.131
org.joda.time.chrono.BasicWeekyearDateTimeField,60,0.131
org.joda.time.chrono.BasicChronology,506,0.131
org.joda.time.chrono.JulianChronology,78,0.13
org.joda.time.chrono.JulianChronology,85,0.13
org.joda.time.chrono.JulianChronology,207,0.13
org.joda.time.chrono.JulianChronology,253,0.129
org.joda.time.DateTimeFieldType,254,0.129
org.joda.time.chrono.JulianChronology,261,0.129
org.joda.time.format.DateTimeFormatterBuilder,498,0.129
org.joda.time.LocalDate,1894,0.129
org.joda.time.LocalDate,1895,0.129
org.joda.time.LocalDate,1896,0.129
org.joda.time.LocalDate,1897,0.129
org.joda.time.LocalDate,619,0.128
org.joda.time.chrono.GJChronology,292,0.128
org.joda.time.IllegalFieldValueException,45,0.127
org.joda.time.chrono.BasicChronology,502,0.126
org.joda.time.chrono.BasicChronology,503,0.126
org.joda.time.chrono.BasicChronology,504,0.126
org.joda.time.chrono.GJEraDateTimeField,61,0.125
org.joda.time.chrono.GJEraDateTimeField,68,0.125
org.joda.time.chrono.BasicYearDateTimeField,127,0.125
org.joda.time.chrono.BasicYearDateTimeField,128,0.125
org.joda.time.chrono.BasicYearDateTimeField,129,0.125
org.joda.time.chrono.BasicYearDateTimeField,133,0.125
org.joda.time.base.AbstractInstant,137,0.125
org.joda.time.chrono.GJLocaleSymbols,175,0.125
org.joda.time.chrono.JulianChronology,241,0.125
org.joda.time.chrono.JulianChronology,245,0.125
org.joda.time.chrono.GJChronology,489,0.125
org.joda.time.chrono.GJChronology,494,0.125
org.joda.time.chrono.GJChronology,500,0.125
org.joda.time.chrono.GJChronology,506,0.125
org.joda.time.chrono.GJChronology,526,0.125
org.joda.time.chrono.GJChronology,535,0.125
org.joda.time.chrono.GJChronology,536,0.125
org.joda.time.chrono.GJChronology,537,0.125
org.joda.time.chrono.GJChronology,541,0.125
org.joda.time.chrono.GJChronology,542,0.125
org.joda.time.chrono.GJChronology,543,0.125
org.joda.time.chrono.GJChronology,550,0.125
org.joda.time.chrono.GJChronology,551,0.125
org.joda.time.chrono.GJChronology,552,0.125
org.joda.time.chrono.GJChronology,553,0.125
org.joda.time.chrono.GJChronology,554,0.125
org.joda.time.chrono.GJChronology,555,0.125
org.joda.time.chrono.GJChronology,556,0.125
org.joda.time.chrono.GJChronology,558,0.125
org.joda.time.chrono.GJChronology,559,0.125
org.joda.time.chrono.GJChronology,560,0.125
org.joda.time.chrono.GJChronology,562,0.125
org.joda.time.chrono.GJChronology,563,0.125
org.joda.time.chrono.GJChronology,564,0.125
org.joda.time.chrono.GJChronology,566,0.125
org.joda.time.chrono.GJChronology,567,0.125
org.joda.time.chrono.GJChronology,568,0.125
org.joda.time.chrono.GJChronology,569,0.125
org.joda.time.chrono.GJChronology,570,0.125
org.joda.time.chrono.GJChronology,576,0.125
org.joda.time.chrono.GJChronology,577,0.125
org.joda.time.chrono.GJChronology,578,0.125
org.joda.time.chrono.GJChronology,579,0.125
org.joda.time.chrono.GJChronology,581,0.125
org.joda.time.chrono.GJChronology,621,0.125
org.joda.time.chrono.GJChronology,622,0.125
org.joda.time.chrono.GJChronology,631,0.125
org.joda.time.chrono.GJChronology,632,0.125
org.joda.time.chrono.GJChronology,633,0.125
org.joda.time.chrono.GJChronology,634,0.125
org.joda.time.chrono.GJChronology,635,0.125
org.joda.time.chrono.GJChronology,636,0.125
org.joda.time.chrono.GJChronology,639,0.125
org.joda.time.chrono.GJChronology,641,0.125
org.joda.time.chrono.GJChronology,642,0.125
org.joda.time.chrono.GJChronology,643,0.125
org.joda.time.chrono.GJChronology,645,0.125
org.joda.time.chrono.GJChronology,646,0.125
org.joda.time.chrono.GJChronology,943,0.125
org.joda.time.chrono.GJChronology,944,0.125
org.joda.time.chrono.GJChronology,954,0.125
org.joda.time.chrono.GJChronology,955,0.125
org.joda.time.chrono.GJChronology,965,0.125
org.joda.time.chrono.GJChronology,966,0.125
org.joda.time.chrono.GJChronology,967,0.125
org.joda.time.chrono.GJChronology,968,0.125
org.joda.time.chrono.GJChronology,970,0.125
org.joda.time.chrono.GJChronology,971,0.125
org.joda.time.chrono.GJChronology,1094,0.125
org.joda.time.chrono.GJChronology,1095,0.125
org.joda.time.chrono.GJChronology,1096,0.125
org.joda.time.chrono.GJDayOfWeekDateTimeField,112,0.124
org.joda.time.chrono.GJDayOfWeekDateTimeField,103,0.123
org.joda.time.chrono.BasicChronology,353,0.12
org.joda.time.chrono.GJChronology,873,0.12
org.joda.time.chrono.GJChronology,884,0.12
org.joda.time.format.DateTimeFormatter,302,0.12
org.joda.time.chrono.GJChronology,418,0.118
org.joda.time.format.DateTimeFormatterBuilder,755,0.118
org.joda.time.field.PreciseDateTimeField,82,0.115
org.joda.time.chrono.GJChronology,417,0.115
org.joda.time.format.DateTimeFormatterBuilder,829,0.115
org.joda.time.chrono.GJLocaleSymbols,48,0.114
org.joda.time.chrono.BasicChronology,357,0.114
org.joda.time.chrono.BasicWeekOfWeekyearDateTimeField,111,0.113
org.joda.time.chrono.GJLocaleSymbols,42,0.113
org.joda.time.chrono.GJLocaleSymbols,45,0.113
org.joda.time.chrono.GJLocaleSymbols,46,0.113
org.joda.time.chrono.GJLocaleSymbols,47,0.113
org.joda.time.chrono.BasicChronology,517,0.112
org.joda.time.LocalDate,1206,0.112
org.joda.time.field.SkipDateTimeField,88,0.11
org.joda.time.field.SkipDateTimeField,89,0.11
org.joda.time.format.DateTimeFormatterBuilder,486,0.11
org.joda.time.format.DateTimeFormatterBuilder,489,0.11
org.joda.time.format.DateTimeFormatterBuilder,492,0.11
org.joda.time.format.DateTimeFormatterBuilder,495,0.11
org.joda.time.format.DateTimeFormatter,190,0.109
org.joda.time.format.DateTimeFormatter,193,0.109
org.joda.time.format.DateTimeFormatter,204,0.109
org.joda.time.chrono.BasicChronology,525,0.107
org.joda.time.chrono.BasicChronology,526,0.107
org.joda.time.chrono.BasicChronology,529,0.107
org.joda.time.chrono.BasicChronology,530,0.107
org.joda.time.chrono.BasicChronology,533,0.107
org.joda.time.chrono.BasicWeekOfWeekyearDateTimeField,79,0.107
org.joda.time.chrono.GJChronology,214,0.107
org.joda.time.chrono.GJChronology,227,0.107
org.joda.time.chrono.GJChronology,228,0.107
org.joda.time.chrono.GJChronology,229,0.107
org.joda.time.chrono.BasicChronology,348,0.106
org.joda.time.chrono.BasicChronology,349,0.106
org.joda.time.chrono.BasicChronology,351,0.106
org.joda.time.chrono.GJChronology,921,0.106
org.joda.time.field.BaseDateTimeField,94,0.106
org.joda.time.field.BaseDateTimeField,792,0.105
org.joda.time.format.DateTimeFormatterBuilder,1754,0.105
org.joda.time.format.DateTimeFormatterBuilder,1755,0.105
org.joda.time.format.DateTimeFormatterBuilder,1756,0.105
org.joda.time.format.DateTimeFormatterBuilder,1757,0.105
org.joda.time.chrono.BasicChronology,159,0.104
org.joda.time.chrono.BasicChronology,153,0.104
org.joda.time.chrono.BasicChronology,158,0.104
org.joda.time.chrono.GJChronology,654,0.103
org.joda.time.chrono.BasicChronology,531,0.102
org.joda.time.chrono.GJChronology,84,0.102
org.joda.time.chrono.GJChronology,85,0.102
org.joda.time.chrono.GJChronology,86,0.102
org.joda.time.chrono.GJChronology,87,0.102
org.joda.time.chrono.GJChronology,88,0.102
org.joda.time.LocalDate,335,0.102
org.joda.time.LocalDate,336,0.102
org.joda.time.LocalDate,338,0.102
org.joda.time.LocalDate,339,0.102
org.joda.time.LocalDate,340,0.102
org.joda.time.LocalDate,341,0.102
org.joda.time.LocalDate,342,0.102
org.joda.time.format.DateTimeFormatterBuilder,1760,0.102
org.joda.time.DateTimeFieldType,173,0.101
org.joda.time.chrono.GJChronology,653,0.095
org.joda.time.chrono.GJChronology,474,0.094
org.joda.time.chrono.GJChronology,476,0.094
org.joda.time.chrono.GJChronology,477,0.094
org.joda.time.chrono.GJChronology,478,0.094
org.joda.time.chrono.GJChronology,479,0.094
org.joda.time.chrono.GJChronology,481,0.094
org.joda.time.chrono.GJChronology,482,0.094
org.joda.time.chrono.GJChronology,483,0.094
org.joda.time.chrono.GJChronology,485,0.094
org.joda.time.LocalDate,728,0.094
org.joda.time.LocalDate,729,0.094
org.joda.time.LocalDate,730,0.094
org.joda.time.LocalDate,731,0.094
org.joda.time.LocalDate,732,0.094
org.joda.time.LocalDate,733,0.094
org.joda.time.format.DateTimeFormatter,322,0.094
org.joda.time.format.DateTimeFormatter,325,0.094
org.joda.time.chrono.BasicWeekyearDateTimeField,237,0.091
org.joda.time.chrono.BasicChronology,509,0.091
org.joda.time.chrono.AssembledChronology,216,0.09
org.joda.time.field.BaseDateTimeField,886,0.088
org.joda.time.field.BaseDateTimeField,887,0.088
org.joda.time.field.BaseDateTimeField,888,0.088
org.joda.time.field.BaseDateTimeField,890,0.088
org.joda.time.chrono.BasicWeekOfWeekyearDateTimeField,54,0.085
org.joda.time.LocalDate,638,0.085
org.joda.time.chrono.BasicChronology,700,0.084
org.joda.time.LocalDate,632,0.083
org.joda.time.LocalDate,635,0.083
org.joda.time.LocalDate,636,0.083
org.joda.time.LocalDate,637,0.083
org.joda.time.chrono.BasicChronology,614,0.081
org.joda.time.chrono.BasicChronology,615,0.081
org.joda.time.chrono.BasicChronology,613,0.081
org.joda.time.chrono.BasicChronology,612,0.081
org.joda.time.chrono.BasicChronology,691,0.081
org.joda.time.field.FieldUtils,240,0.081
org.joda.time.field.FieldUtils,235,0.081
org.joda.time.DateTimeFieldType,512,0.081
org.joda.time.format.FormatUtils,64,0.081
org.joda.time.format.FormatUtils,63,0.081
org.joda.time.format.FormatUtils,66,0.081
org.joda.time.chrono.BasicGJChronology,188,0.079
org.joda.time.field.ZeroIsMaxDateTimeField,52,0.079
org.joda.time.field.ZeroIsMaxDateTimeField,53,0.079
org.joda.time.field.ZeroIsMaxDateTimeField,56,0.079
org.joda.time.field.DelegatedDateTimeField,196,0.079
org.joda.time.DateTimeFieldType,245,0.079
org.joda.time.chrono.AssembledChronology,370,0.079
org.joda.time.chrono.GJChronology,584,0.079
org.joda.time.format.DateTimeFormatterBuilder,2654,0.079
org.joda.time.field.SkipDateTimeField,80,0.078
org.joda.time.field.SkipDateTimeField,81,0.078
org.joda.time.field.SkipDateTimeField,84,0.078
org.joda.time.DateTimeFieldType,484,0.077
org.joda.time.chrono.BasicChronology,507,0.077
org.joda.time.format.DateTimeFormatter,659,0.077
org.joda.time.format.DateTimeFormatter,660,0.077
org.joda.time.format.DateTimeFormatter,663,0.077
org.joda.time.chrono.BasicChronology,394,0.077
org.joda.time.chrono.BasicChronology,395,0.077
org.joda.time.chrono.BasicChronology,396,0.077
org.joda.time.field.DelegatedDateTimeField,96,0.076
org.joda.time.chrono.BasicGJChronology,120,0.076
org.joda.time.DateTimeFieldType,273,0.076
org.joda.time.chrono.GregorianChronology,233,0.076
org.joda.time.chrono.GregorianChronology,241,0.076
org.joda.time.chrono.AssembledChronology,240,0.075
org.joda.time.chrono.GregorianChronology,221,0.075
org.joda.time.chrono.GregorianChronology,225,0.075
org.joda.time.chrono.BasicChronology,420,0.074
org.joda.time.chrono.BasicChronology,408,0.074
org.joda.time.chrono.BasicChronology,409,0.074
org.joda.time.chrono.BasicChronology,410,0.074
org.joda.time.chrono.BasicChronology,413,0.074
org.joda.time.chrono.BasicChronology,415,0.074
org.joda.time.chrono.BasicChronology,416,0.074
org.joda.time.chrono.BasicChronology,418,0.074
org.joda.time.chrono.BasicChronology,437,0.074
org.joda.time.format.FormatUtils,50,0.074
org.joda.time.format.FormatUtils,62,0.074
org.joda.time.format.FormatUtils,92,0.074
org.joda.time.chrono.BasicGJChronology,139,0.074
org.joda.time.DurationFieldType,278,0.073
org.joda.time.chrono.BasicGJChronology,190,0.073
org.joda.time.chrono.GJChronology,733,0.073
org.joda.time.chrono.GJChronology,734,0.073
org.joda.time.chrono.ISOChronology,147,0.073
org.joda.time.base.BaseLocal,47,0.073
org.joda.time.base.BaseLocal,48,0.073
org.joda.time.DateTimeFieldType,318,0.073
org.joda.time.DateTimeFieldType,327,0.072
org.joda.time.format.DateTimeFormatterBuilder,1822,0.072
org.joda.time.chrono.BasicGJChronology,123,0.072
org.joda.time.tz.FixedDateTimeZone,49,0.072
org.joda.time.chrono.BasicChronology,369,0.072
org.joda.time.chrono.BasicChronology,747,0.072
org.joda.time.chrono.BasicChronology,748,0.072
org.joda.time.chrono.BasicChronology,752,0.072
org.joda.time.chrono.GregorianChronology,197,0.071
org.joda.time.chrono.GJChronology,588,0.071
org.joda.time.chrono.GJChronology,656,0.071
org.joda.time.chrono.GJChronology,924,0.071
org.joda.time.DateTimeZone,1058,0.071
org.joda.time.field.BaseDateTimeField,69,0.07
org.joda.time.DateTime,487,0.069
org.joda.time.DateTime,489,0.069
org.joda.time.chrono.BasicGJChronology,142,0.069
org.joda.time.chrono.JulianChronology,219,0.068
org.joda.time.chrono.JulianChronology,221,0.068
org.joda.time.chrono.JulianChronology,233,0.068
org.joda.time.chrono.JulianChronology,237,0.068
org.joda.time.format.DateTimeFormatterBuilder,108,0.068
org.joda.time.format.DateTimeFormatterBuilder,112,0.068
org.joda.time.format.DateTimeFormatterBuilder,105,0.068
org.joda.time.format.DateTimeFormatterBuilder,106,0.068
org.joda.time.format.DateTimeFormatterBuilder,107,0.068
org.joda.time.format.DateTimeFormatter,110,0.068
org.joda.time.format.DateTimeFormatterBuilder,110,0.068
org.joda.time.format.DateTimeFormatter,111,0.068
org.joda.time.format.DateTimeFormatterBuilder,111,0.068
org.joda.time.format.DateTimeFormatter,112,0.068
org.joda.time.format.DateTimeFormatter,113,0.068
org.joda.time.format.DateTimeFormatter,114,0.068
org.joda.time.format.DateTimeFormatterBuilder,114,0.068
org.joda.time.format.DateTimeFormatter,115,0.068
org.joda.time.format.DateTimeFormatterBuilder,115,0.068
org.joda.time.format.DateTimeFormatter,116,0.068
org.joda.time.format.DateTimeFormatter,117,0.068
org.joda.time.format.DateTimeFormatter,118,0.068
org.joda.time.format.DateTimeFormatter,119,0.068
org.joda.time.chrono.BasicYearDateTimeField,54,0.067
org.joda.time.format.DateTimeFormatterBuilder,374,0.067
org.joda.time.format.DateTimeFormatterBuilder,376,0.067
org.joda.time.format.DateTimeFormatterBuilder,377,0.067
org.joda.time.format.DateTimeFormatterBuilder,378,0.067
org.joda.time.chrono.BasicChronology,505,0.067
org.joda.time.format.DateTimeFormatterBuilder,1165,0.067
org.joda.time.format.DateTimeFormatterBuilder,1166,0.067
org.joda.time.format.DateTimeFormatterBuilder,1175,0.067
org.joda.time.format.DateTimeFormatterBuilder,1176,0.067
org.joda.time.chrono.BasicGJChronology,140,0.067
org.joda.time.format.DateTimeFormatterBuilder,1138,0.066
org.joda.time.format.DateTimeFormatterBuilder,1140,0.066
org.joda.time.format.DateTimeFormatterBuilder,1141,0.066
org.joda.time.format.DateTimeFormatterBuilder,1154,0.066
org.joda.time.format.DateTimeFormatterBuilder,1158,0.066
org.joda.time.format.DateTimeFormatterBuilder,1161,0.066
org.joda.time.IllegalFieldValueException,108,0.066
org.joda.time.IllegalFieldValueException,109,0.066
org.joda.time.IllegalFieldValueException,110,0.066
org.joda.time.IllegalFieldValueException,111,0.066
org.joda.time.IllegalFieldValueException,112,0.066
org.joda.time.IllegalFieldValueException,113,0.066
org.joda.time.IllegalFieldValueException,114,0.066
org.joda.time.IllegalFieldValueException,115,0.066
org.joda.time.IllegalFieldValueException,116,0.066
org.joda.time.IllegalFieldValueException,117,0.066
org.joda.time.format.DateTimeFormatterBuilder,84,0.066
org.joda.time.format.DateTimeFormatterBuilder,85,0.066
org.joda.time.format.DateTimeFormatterBuilder,86,0.066
org.joda.time.chrono.GJEraDateTimeField,60,0.066
org.joda.time.format.DateTimeFormatter,948,0.065
org.joda.time.chrono.AssembledChronology,308,0.065
org.joda.time.format.DateTimeFormatterBuilder,1228,0.065
org.joda.time.format.DateTimeFormatterBuilder,1229,0.065
org.joda.time.format.DateTimeFormatterBuilder,2696,0.065
org.joda.time.format.DateTimeFormatterBuilder,2697,0.065
org.joda.time.format.DateTimeFormatterBuilder,2701,0.065
org.joda.time.format.DateTimeFormatterBuilder,2703,0.065
org.joda.time.format.DateTimeFormatterBuilder,2706,0.065
org.joda.time.format.DateTimeFormatterBuilder,2707,0.065
org.joda.time.format.DateTimeFormatterBuilder,2708,0.065
org.joda.time.format.DateTimeFormatterBuilder,2710,0.065
org.joda.time.chrono.BasicGJChronology,98,0.065
org.joda.time.format.DateTimeFormatterBuilder,1494,0.065
org.joda.time.format.DateTimeFormatterBuilder,1496,0.065
org.joda.time.format.DateTimeFormatterBuilder,1499,0.065
org.joda.time.format.DateTimeFormatterBuilder,1503,0.065
org.joda.time.format.DateTimeFormatter,614,0.064
org.joda.time.format.DateTimeFormatter,615,0.064
org.joda.time.format.DateTimeFormatter,616,0.064
org.joda.time.format.DateTimeFormatter,535,0.064
org.joda.time.format.DateTimeFormatter,536,0.064
org.joda.time.format.DateTimeFormatter,539,0.064
org.joda.time.format.DateTimeFormatter,540,0.064
org.joda.time.chrono.AssembledChronology,248,0.064
org.joda.time.chrono.BasicGJChronology,180,0.063
org.joda.time.IllegalFieldValueException,41,0.063
org.joda.time.IllegalFieldValueException,42,0.063
org.joda.time.IllegalFieldValueException,44,0.063
org.joda.time.IllegalFieldValueException,59,0.063
org.joda.time.IllegalFieldValueException,63,0.063
org.joda.time.chrono.AssembledChronology,212,0.063
org.joda.time.DateTimeFieldType,492,0.062
org.joda.time.format.DateTimeFormatterBuilder,1463,0.062
org.joda.time.format.DateTimeFormatterBuilder,1464,0.062
org.joda.time.format.DateTimeFormatterBuilder,1465,0.062
org.joda.time.chrono.AssembledChronology,268,0.062
org.joda.time.format.FormatUtils,67,0.062
org.joda.time.chrono.BasicChronology,444,0.061
org.joda.time.chrono.GJChronology,719,0.061
org.joda.time.chrono.GJChronology,746,0.061
org.joda.time.DateTimeZone,1054,0.06
org.joda.time.DateTimeZone,1057,0.06
org.joda.time.base.BaseDateTime,225,0.06
org.joda.time.format.DateTimeFormatter,129,0.06
org.joda.time.format.DateTimeFormatter,130,0.06
org.joda.time.format.DateTimeFormatter,131,0.06
org.joda.time.format.DateTimeFormatter,132,0.06
org.joda.time.format.DateTimeFormatter,133,0.06
org.joda.time.format.DateTimeFormatter,134,0.06
org.joda.time.format.DateTimeFormatter,135,0.06
org.joda.time.format.DateTimeFormatter,136,0.06
org.joda.time.format.DateTimeFormatter,137,0.06
org.joda.time.format.DateTimeFormatter,138,0.06
org.joda.time.field.PreciseDurationDateTimeField,92,0.06
org.joda.time.base.BaseDateTime,223,0.06
org.joda.time.base.BaseDateTime,224,0.06
org.joda.time.chrono.ISOChronology,143,0.06
org.joda.time.chrono.ISOChronology,146,0.06
org.joda.time.chrono.BasicWeekyearDateTimeField,234,0.059
org.joda.time.chrono.BasicWeekyearDateTimeField,235,0.059
org.joda.time.chrono.BasicWeekyearDateTimeField,236,0.059
org.joda.time.chrono.BasicWeekyearDateTimeField,239,0.059
org.joda.time.chrono.BasicMonthOfYearDateTimeField,72,0.059
org.joda.time.chrono.BasicGJChronology,175,0.059
org.joda.time.chrono.BasicGJChronology,176,0.059
org.joda.time.chrono.BasicGJChronology,177,0.059
org.joda.time.chrono.BasicGJChronology,179,0.059
org.joda.time.chrono.BasicGJChronology,195,0.059
org.joda.time.chrono.BasicGJChronology,196,0.059
org.joda.time.chrono.BasicGJChronology,198,0.059
org.joda.time.chrono.BasicGJChronology,96,0.058
org.joda.time.field.DelegatedDateTimeField,228,0.058
org.joda.time.field.SkipDateTimeField,96,0.057
org.joda.time.format.DateTimeFormatterBuilder,1319,0.057
org.joda.time.format.DateTimeFormatterBuilder,1320,0.057
org.joda.time.format.DateTimeFormatterBuilder,1321,0.057
org.joda.time.format.DateTimeFormatterBuilder,1322,0.057
org.joda.time.format.DateTimeFormatterBuilder,1323,0.057
org.joda.time.chrono.AssembledChronology,292,0.057
org.joda.time.chrono.BasicChronology,560,0.057
org.joda.time.chrono.BasicGJChronology,95,0.056
org.joda.time.chrono.BasicChronology,494,0.056
org.joda.time.chrono.BasicChronology,495,0.056
org.joda.time.field.PreciseDateTimeField,79,0.056
org.joda.time.DateTimeUtils,285,0.056
org.joda.time.field.PreciseDurationDateTimeField,154,0.055
org.joda.time.DateTimeFieldType,363,0.055
org.joda.time.chrono.GJChronology,773,0.055
org.joda.time.chrono.BasicWeekOfWeekyearDateTimeField,65,0.054
org.joda.time.format.DateTimeFormatterBuilder,1218,0.053
org.joda.time.format.DateTimeFormatterBuilder,1219,0.053
org.joda.time.format.DateTimeFormatterBuilder,1475,0.053
org.joda.time.format.DateTimeFormatterBuilder,1476,0.053
org.joda.time.format.DateTimeFormatterBuilder,1479,0.053
org.joda.time.format.DateTimeFormatterBuilder,1480,0.053
org.joda.time.format.FormatUtils,68,0.053
org.joda.time.format.FormatUtils,74,0.053
org.joda.time.format.FormatUtils,75,0.053
org.joda.time.format.FormatUtils,77,0.053
org.joda.time.format.FormatUtils,78,0.053
org.joda.time.format.DateTimeFormatterBuilder,2660,0.053
org.joda.time.format.DateTimeFormatterBuilder,2661,0.053
org.joda.time.format.DateTimeFormatterBuilder,2665,0.053
org.joda.time.format.DateTimeFormatterBuilder,2670,0.053
org.joda.time.format.DateTimeFormatterBuilder,2671,0.053
org.joda.time.format.DateTimeFormatterBuilder,2672,0.053
org.joda.time.format.DateTimeFormatterBuilder,2674,0.053
org.joda.time.format.DateTimeFormatter,584,0.053
org.joda.time.format.DateTimeFormatter,585,0.053
org.joda.time.format.DateTimeFormatter,586,0.053
org.joda.time.format.DateTimeFormatter,461,0.053
org.joda.time.format.DateTimeFormatter,462,0.053
org.joda.time.format.DateTimeFormatter,463,0.053
org.joda.time.format.DateTimeFormatter,464,0.053
org.joda.time.chrono.BasicGJChronology,121,0.052
org.joda.time.chrono.AssembledChronology,228,0.052
org.joda.time.DateTimeUtils,282,0.052
org.joda.time.format.DateTimeFormatter,620,0.052
org.joda.time.format.DateTimeFormatter,621,0.052
org.joda.time.format.DateTimeFormatter,624,0.052
org.joda.time.format.DateTimeFormatter,625,0.052
org.joda.time.format.DateTimeFormatter,626,0.052
org.joda.time.format.DateTimeFormatter,627,0.052
org.joda.time.format.DateTimeFormatter,633,0.052
org.joda.time.format.DateTimeFormatter,634,0.052
org.joda.time.DateTimeFieldType,480,0.051
org.joda.time.DateTimeFieldType,482,0.051
org.joda.time.format.DateTimeFormatterBuilder,1169,0.051
org.joda.time.format.DateTimeFormatterBuilder,1179,0.051
org.joda.time.chrono.GJEraDateTimeField,127,0.051
org.joda.time.chrono.GJEraDateTimeField,131,0.051
org.joda.time.field.DecoratedDurationField,52,0.05
org.joda.time.field.DecoratedDurationField,53,0.05
org.joda.time.field.DecoratedDurationField,56,0.05
org.joda.time.field.DecoratedDurationField,59,0.05
org.joda.time.field.DecoratedDurationField,60,0.05
org.joda.time.field.RemainderDateTimeField,139,0.05
org.joda.time.format.DateTimeFormatterBuilder,1326,0.05
org.joda.time.field.DecoratedDateTimeField,90,0.05
org.joda.time.chrono.BasicChronology,457,0.049
org.joda.time.chrono.BasicChronology,458,0.049
org.joda.time.chrono.BasicChronology,459,0.049
org.joda.time.format.DateTimeFormatterBuilder,1212,0.049
org.joda.time.format.DateTimeFormatterBuilder,1236,0.049
org.joda.time.format.DateTimeFormatterBuilder,1468,0.049
org.joda.time.base.AbstractPartial,54,0.049
org.joda.time.base.AbstractPartial,55,0.049
org.joda.time.format.DateTimeFormatterBuilder,2626,0.049
org.joda.time.format.DateTimeFormatterBuilder,2627,0.049
org.joda.time.format.DateTimeFormatterBuilder,2628,0.049
org.joda.time.format.DateTimeFormatterBuilder,2629,0.049
org.joda.time.format.DateTimeFormatterBuilder,2630,0.049
org.joda.time.format.DateTimeFormatterBuilder,2631,0.049
org.joda.time.format.DateTimeFormatterBuilder,2632,0.049
org.joda.time.format.DateTimeFormatterBuilder,2634,0.049
org.joda.time.format.DateTimeFormatterBuilder,2641,0.049
org.joda.time.format.DateTimeFormatterBuilder,2642,0.049
org.joda.time.format.DateTimeFormatterBuilder,2643,0.049
org.joda.time.format.DateTimeFormatterBuilder,2644,0.049
org.joda.time.format.DateTimeFormatterBuilder,2645,0.049
org.joda.time.format.DateTimeFormatterBuilder,2646,0.049
org.joda.time.format.DateTimeFormatterBuilder,2647,0.049
org.joda.time.format.DateTimeFormatterBuilder,2649,0.049
org.joda.time.format.DateTimeFormatterBuilder,2761,0.049
org.joda.time.format.DateTimeFormatterBuilder,2762,0.049
org.joda.time.format.DateTimeFormatterBuilder,2765,0.049
org.joda.time.format.DateTimeFormatterBuilder,2768,0.049
org.joda.time.format.DateTimeFormatterBuilder,2769,0.049
org.joda.time.format.DateTimeFormatterBuilder,2772,0.049
org.joda.time.chrono.BasicDayOfMonthDateTimeField,47,0.049
org.joda.time.field.FieldUtils,222,0.049
org.joda.time.field.FieldUtils,217,0.049
org.joda.time.format.DateTimeFormatterBuilder,1142,0.049
org.joda.time.format.DateTimeFormatterBuilder,1143,0.049
org.joda.time.format.DateTimeFormatterBuilder,1145,0.049
org.joda.time.format.DateTimeFormatterBuilder,1146,0.049
org.joda.time.format.DateTimeFormatterBuilder,1147,0.049
org.joda.time.chrono.BasicChronology,477,0.048
org.joda.time.chrono.BasicChronology,478,0.048
org.joda.time.chrono.BasicChronology,479,0.048
org.joda.time.format.DateTimeFormatterBuilder,1167,0.048
org.joda.time.format.DateTimeFormatterBuilder,1177,0.048
org.joda.time.format.DateTimeFormatterBuilder,2747,0.048
org.joda.time.format.DateTimeFormatterBuilder,2751,0.048
org.joda.time.format.DateTimeFormatterBuilder,397,0.048
org.joda.time.format.DateTimeFormatterBuilder,1207,0.048
org.joda.time.format.DateTimeFormatterBuilder,1208,0.048
org.joda.time.format.DateTimeFormatterBuilder,1209,0.048
org.joda.time.format.DateTimeFormatterBuilder,1155,0.048
org.joda.time.format.DateTimeFormatterBuilder,2615,0.048
org.joda.time.format.DateTimeFormatterBuilder,2617,0.048
org.joda.time.format.DateTimeFormatterBuilder,2618,0.048
org.joda.time.format.DateTimeFormatterBuilder,2620,0.048
org.joda.time.format.DateTimeFormatterBuilder,2622,0.048
org.joda.time.format.DateTimeFormatterBuilder,2637,0.048
org.joda.time.format.DateTimeFormatterBuilder,2651,0.048
org.joda.time.format.DateTimeFormatterBuilder,2759,0.048
org.joda.time.format.DateTimeFormatterBuilder,2760,0.048
org.joda.time.format.DateTimeFormatterBuilder,2775,0.048
org.joda.time.chrono.BasicGJChronology,88,0.048
org.joda.time.chrono.BasicGJChronology,93,0.048
org.joda.time.chrono.BasicGJChronology,94,0.048
org.joda.time.chrono.AssembledChronology,164,0.046
org.joda.time.chrono.BasicChronology,146,0.046
org.joda.time.chrono.BasicChronology,561,0.046
org.joda.time.chrono.BasicWeekOfWeekyearDateTimeField,58,0.046
org.joda.time.field.DividedDateTimeField,182,0.046
org.joda.time.chrono.BasicWeekyearDateTimeField,208,0.046
org.joda.time.DateTimeUtils,197,0.045
org.joda.time.DateTimeUtils,198,0.045
org.joda.time.DateTimeUtils,201,0.045
org.joda.time.chrono.BasicChronology,143,0.045
org.joda.time.chrono.AssembledChronology,264,0.045
org.joda.time.DateTimeUtils,194,0.044
org.joda.time.format.DateTimeFormat,155,0.044
org.joda.time.format.DateTimeFormat,693,0.044
org.joda.time.format.DateTimeFormat,694,0.044
org.joda.time.format.DateTimeFormat,696,0.044
org.joda.time.chrono.AssembledChronology,260,0.043
org.joda.time.DateTimeUtils,179,0.043
org.joda.time.field.DecoratedDateTimeField,86,0.043
org.joda.time.format.DateTimeFormat,692,0.043
org.joda.time.DateTimeUtils,176,0.042
org.joda.time.chrono.GJChronology,195,0.042
org.joda.time.chrono.BasicDayOfYearDateTimeField,56,0.042
org.joda.time.chrono.GJChronology,190,0.042
org.joda.time.chrono.GJChronology,192,0.042
org.joda.time.chrono.GJChronology,199,0.042
org.joda.time.chrono.GJChronology,200,0.042
org.joda.time.chrono.GJChronology,201,0.042
org.joda.time.chrono.GJChronology,205,0.042
org.joda.time.chrono.GJChronology,206,0.042
org.joda.time.chrono.GJChronology,207,0.042
org.joda.time.chrono.GJChronology,208,0.042
org.joda.time.chrono.GJChronology,396,0.042
org.joda.time.chrono.GJChronology,405,0.042
org.joda.time.DateTimeFieldType,378,0.041
org.joda.time.base.BaseDateTime,284,0.041
org.joda.time.chrono.GJDayOfWeekDateTimeField,56,0.04
org.joda.time.format.DateTimeFormat,574,0.04
org.joda.time.format.DateTimeFormat,594,0.04
org.joda.time.format.DateTimeFormat,596,0.04
org.joda.time.chrono.BasicChronology,543,0.04
org.joda.time.chrono.GregorianChronology,111,0.04
org.joda.time.chrono.GregorianChronology,115,0.04
org.joda.time.chrono.GregorianChronology,116,0.04
org.joda.time.chrono.GregorianChronology,117,0.04
org.joda.time.chrono.GregorianChronology,122,0.04
org.joda.time.chrono.GregorianChronology,126,0.04
org.joda.time.chrono.GregorianChronology,127,0.04
org.joda.time.chrono.GregorianChronology,137,0.04
org.joda.time.chrono.GregorianChronology,138,0.04
org.joda.time.format.DateTimeFormat,411,0.04
org.joda.time.format.DateTimeFormat,412,0.04
org.joda.time.format.DateTimeFormat,414,0.04
org.joda.time.format.DateTimeFormat,415,0.04
org.joda.time.format.DateTimeFormat,416,0.04
org.joda.time.format.DateTimeFormat,417,0.04
org.joda.time.format.DateTimeFormat,419,0.04
org.joda.time.format.DateTimeFormat,420,0.04
org.joda.time.format.DateTimeFormat,423,0.04
org.joda.time.format.DateTimeFormat,425,0.04
org.joda.time.format.DateTimeFormat,585,0.04
org.joda.time.format.DateTimeFormat,587,0.04
org.joda.time.format.DateTimeFormat,588,0.04
org.joda.time.format.DateTimeFormat,590,0.04
org.joda.time.format.DateTimeFormat,591,0.04
org.joda.time.format.DateTimeFormat,632,0.04
org.joda.time.format.DateTimeFormat,633,0.04
org.joda.time.format.DateTimeFormatter,943,0.04
org.joda.time.format.DateTimeFormatter,944,0.04
org.joda.time.format.DateTimeFormatter,947,0.04
org.joda.time.format.DateTimeFormatter,950,0.04
org.joda.time.DateTimeFieldType,452,0.04
org.joda.time.chrono.AssembledChronology,99,0.039
org.joda.time.chrono.AssembledChronology,100,0.039
org.joda.time.chrono.AssembledChronology,101,0.039
org.joda.time.chrono.AssembledChronology,102,0.039
org.joda.time.chrono.AssembledChronology,103,0.039
org.joda.time.DateTimeFieldType,498,0.039
org.joda.time.base.BaseDateTime,270,0.039
org.joda.time.base.AbstractDateTime,51,0.038
org.joda.time.base.AbstractDateTime,52,0.038
org.joda.time.DateTimeFieldType,496,0.038
org.joda.time.chrono.AssembledChronology,224,0.038
org.joda.time.base.BaseDateTime,295,0.038
org.joda.time.base.AbstractInstant,61,0.037
org.joda.time.base.AbstractInstant,62,0.037
org.joda.time.chrono.ISOChronology,133,0.036
org.joda.time.chrono.AssembledChronology,319,0.036
org.joda.time.chrono.AssembledChronology,320,0.036
org.joda.time.chrono.AssembledChronology,323,0.036
org.joda.time.chrono.AssembledChronology,327,0.036
org.joda.time.chrono.AssembledChronology,328,0.036
org.joda.time.chrono.AssembledChronology,329,0.036
org.joda.time.chrono.AssembledChronology,330,0.036
org.joda.time.chrono.AssembledChronology,331,0.036
org.joda.time.chrono.AssembledChronology,332,0.036
org.joda.time.chrono.AssembledChronology,333,0.036
org.joda.time.chrono.AssembledChronology,334,0.036
org.joda.time.chrono.AssembledChronology,335,0.036
org.joda.time.chrono.AssembledChronology,336,0.036
org.joda.time.chrono.AssembledChronology,337,0.036
org.joda.time.chrono.AssembledChronology,338,0.036
org.joda.time.chrono.AssembledChronology,343,0.036
org.joda.time.chrono.AssembledChronology,344,0.036
org.joda.time.chrono.AssembledChronology,345,0.036
org.joda.time.chrono.AssembledChronology,346,0.036
org.joda.time.chrono.AssembledChronology,347,0.036
org.joda.time.chrono.AssembledChronology,348,0.036
org.joda.time.chrono.AssembledChronology,349,0.036
org.joda.time.chrono.AssembledChronology,350,0.036
org.joda.time.chrono.AssembledChronology,351,0.036
org.joda.time.chrono.AssembledChronology,352,0.036
org.joda.time.chrono.AssembledChronology,353,0.036
org.joda.time.chrono.AssembledChronology,354,0.036
org.joda.time.chrono.AssembledChronology,355,0.036
org.joda.time.chrono.AssembledChronology,356,0.036
org.joda.time.chrono.AssembledChronology,357,0.036
org.joda.time.chrono.AssembledChronology,358,0.036
org.joda.time.chrono.AssembledChronology,359,0.036
org.joda.time.chrono.AssembledChronology,360,0.036
org.joda.time.chrono.AssembledChronology,361,0.036
org.joda.time.chrono.AssembledChronology,362,0.036
org.joda.time.chrono.AssembledChronology,363,0.036
org.joda.time.chrono.AssembledChronology,364,0.036
org.joda.time.chrono.AssembledChronology,365,0.036
org.joda.time.chrono.AssembledChronology,369,0.036
org.joda.time.chrono.AssembledChronology,385,0.036
org.joda.time.chrono.AssembledChronology,386,0.036
org.joda.time.chrono.AssembledChronology,436,0.036
org.joda.time.chrono.AssembledChronology,437,0.036
org.joda.time.chrono.AssembledChronology,445,0.036
org.joda.time.chrono.AssembledChronology,446,0.036
org.joda.time.chrono.AssembledChronology,448,0.036
org.joda.time.chrono.AssembledChronology,449,0.036
org.joda.time.chrono.AssembledChronology,451,0.036
org.joda.time.chrono.AssembledChronology,452,0.036
org.joda.time.chrono.AssembledChronology,454,0.036
org.joda.time.chrono.AssembledChronology,455,0.036
org.joda.time.chrono.AssembledChronology,457,0.036
org.joda.time.chrono.AssembledChronology,458,0.036
org.joda.time.chrono.AssembledChronology,460,0.036
org.joda.time.chrono.AssembledChronology,461,0.036
org.joda.time.chrono.AssembledChronology,463,0.036
org.joda.time.chrono.AssembledChronology,464,0.036
org.joda.time.chrono.AssembledChronology,466,0.036
org.joda.time.chrono.AssembledChronology,467,0.036
org.joda.time.chrono.AssembledChronology,469,0.036
org.joda.time.chrono.AssembledChronology,470,0.036
org.joda.time.chrono.AssembledChronology,472,0.036
org.joda.time.chrono.AssembledChronology,473,0.036
org.joda.time.chrono.AssembledChronology,475,0.036
org.joda.time.chrono.AssembledChronology,476,0.036
org.joda.time.chrono.AssembledChronology,478,0.036
org.joda.time.chrono.AssembledChronology,485,0.036
org.joda.time.chrono.AssembledChronology,486,0.036
org.joda.time.chrono.AssembledChronology,488,0.036
org.joda.time.chrono.AssembledChronology,489,0.036
org.joda.time.chrono.AssembledChronology,491,0.036
org.joda.time.chrono.AssembledChronology,492,0.036
org.joda.time.chrono.AssembledChronology,494,0.036
org.joda.time.chrono.AssembledChronology,495,0.036
org.joda.time.chrono.AssembledChronology,497,0.036
org.joda.time.chrono.AssembledChronology,498,0.036
org.joda.time.chrono.AssembledChronology,500,0.036
org.joda.time.chrono.AssembledChronology,501,0.036
org.joda.time.chrono.AssembledChronology,503,0.036
org.joda.time.chrono.AssembledChronology,504,0.036
org.joda.time.chrono.AssembledChronology,506,0.036
org.joda.time.chrono.AssembledChronology,507,0.036
org.joda.time.chrono.AssembledChronology,509,0.036
org.joda.time.chrono.AssembledChronology,510,0.036
org.joda.time.chrono.AssembledChronology,512,0.036
org.joda.time.chrono.AssembledChronology,513,0.036
org.joda.time.chrono.AssembledChronology,515,0.036
org.joda.time.chrono.AssembledChronology,516,0.036
org.joda.time.chrono.AssembledChronology,518,0.036
org.joda.time.chrono.AssembledChronology,519,0.036
org.joda.time.chrono.AssembledChronology,521,0.036
org.joda.time.chrono.AssembledChronology,522,0.036
org.joda.time.chrono.AssembledChronology,524,0.036
org.joda.time.chrono.AssembledChronology,525,0.036
org.joda.time.chrono.AssembledChronology,527,0.036
org.joda.time.chrono.AssembledChronology,528,0.036
org.joda.time.chrono.AssembledChronology,530,0.036
org.joda.time.chrono.AssembledChronology,531,0.036
org.joda.time.chrono.AssembledChronology,533,0.036
org.joda.time.chrono.AssembledChronology,534,0.036
org.joda.time.chrono.AssembledChronology,536,0.036
org.joda.time.chrono.AssembledChronology,537,0.036
org.joda.time.chrono.AssembledChronology,539,0.036
org.joda.time.chrono.AssembledChronology,540,0.036
org.joda.time.chrono.AssembledChronology,542,0.036
org.joda.time.chrono.AssembledChronology,543,0.036
org.joda.time.chrono.AssembledChronology,545,0.036
org.joda.time.chrono.AssembledChronology,546,0.036
org.joda.time.chrono.AssembledChronology,548,0.036
org.joda.time.chrono.AssembledChronology,549,0.036
org.joda.time.chrono.AssembledChronology,551,0.036
org.joda.time.chrono.AssembledChronology,552,0.036
org.joda.time.chrono.AssembledChronology,555,0.036
org.joda.time.chrono.AssembledChronology,558,0.036
org.joda.time.chrono.AssembledChronology,562,0.036
org.joda.time.chrono.BaseChronology,660,0.036
org.joda.time.field.AbstractReadableInstantFieldProperty,55,0.036
org.joda.time.field.AbstractReadableInstantFieldProperty,56,0.036
org.joda.time.base.BaseDateTime,254,0.036
org.joda.time.base.BaseDateTime,256,0.036
org.joda.time.base.BaseDateTime,257,0.036
org.joda.time.field.PreciseDurationDateTimeField,78,0.035
org.joda.time.field.PreciseDurationDateTimeField,79,0.035
org.joda.time.field.PreciseDurationDateTimeField,80,0.035
org.joda.time.chrono.BaseChronology,54,0.035
org.joda.time.chrono.BaseChronology,55,0.035
org.joda.time.base.BaseDateTime,252,0.035
org.joda.time.base.BaseDateTime,253,0.035
org.joda.time.chrono.BasicChronology,749,0.035
org.joda.time.chrono.BasicChronology,750,0.035
org.joda.time.chrono.BasicChronology,779,0.035
org.joda.time.chrono.BasicChronology,780,0.035
org.joda.time.chrono.BasicChronology,781,0.035
org.joda.time.chrono.BasicChronology,782,0.035
org.joda.time.format.FormatUtils,83,0.035
org.joda.time.format.FormatUtils,82,0.035
org.joda.time.format.FormatUtils,80,0.035
org.joda.time.format.FormatUtils,87,0.035
org.joda.time.format.FormatUtils,90,0.035
org.joda.time.chrono.AssembledChronology,133,0.035
org.joda.time.DurationFieldType,205,0.035
org.joda.time.chrono.AssembledChronology,131,0.034
org.joda.time.chrono.AssembledChronology,252,0.034
org.joda.time.chrono.BasicChronology,177,0.034
org.joda.time.chrono.BasicChronology,167,0.034
org.joda.time.chrono.BasicChronology,172,0.034
org.joda.time.chrono.BasicChronology,173,0.034
org.joda.time.chrono.BasicChronology,174,0.034
org.joda.time.chrono.BasicChronology,175,0.034
org.joda.time.field.UnsupportedDurationField,92,0.034
org.joda.time.chrono.AssembledChronology,288,0.034
org.joda.time.field.UnsupportedDurationField,49,0.034
org.joda.time.field.UnsupportedDurationField,53,0.034
org.joda.time.field.UnsupportedDurationField,55,0.034
org.joda.time.field.UnsupportedDurationField,59,0.034
org.joda.time.chrono.AssembledChronology,204,0.034
org.joda.time.chrono.AssembledChronology,280,0.034
org.joda.time.field.DelegatedDateTimeField,172,0.033
org.joda.time.DateTimeUtils,302,0.033
org.joda.time.Chronology,63,0.033
org.joda.time.chrono.BasicChronology,185,0.033
org.joda.time.format.DateTimeFormatterBuilder,1988,0.033
org.joda.time.format.DateTimeFormatterBuilder,1989,0.033
org.joda.time.format.DateTimeFormatterBuilder,1993,0.033
org.joda.time.format.DateTimeFormatterBuilder,1994,0.033
org.joda.time.chrono.AssembledChronology,200,0.032
org.joda.time.chrono.AssembledChronology,208,0.032
org.joda.time.Instant,118,0.032
org.joda.time.Instant,119,0.032
org.joda.time.Instant,120,0.032
org.joda.time.field.MillisDurationField,62,0.032
org.joda.time.chrono.AssembledChronology,244,0.032
org.joda.time.format.DateTimeFormatterBuilder,446,0.032
org.joda.time.format.DateTimeFormatterBuilder,2154,0.032
org.joda.time.format.DateTimeFormatterBuilder,2155,0.032
org.joda.time.chrono.AssembledChronology,176,0.031
org.joda.time.DateTimeFieldType,164,0.031
org.joda.time.DateTimeUtils,299,0.031
org.joda.time.chrono.AssembledChronology,188,0.031
org.joda.time.DateTimeFieldType,200,0.031
org.joda.time.base.BaseDateTime,304,0.031
org.joda.time.DateTimeFieldType,218,0.031
org.joda.time.format.DateTimeFormatterBuilder,1999,0.031
org.joda.time.format.DateTimeFormatterBuilder,2000,0.031
org.joda.time.format.DateTimeFormatterBuilder,2003,0.031
org.joda.time.format.DateTimeFormatterBuilder,2004,0.031
org.joda.time.format.DateTimeFormatterBuilder,2006,0.031
org.joda.time.format.DateTimeFormatterBuilder,2007,0.031
org.joda.time.format.DateTimeFormatterBuilder,2008,0.031
org.joda.time.format.DateTimeFormatterBuilder,2009,0.031
org.joda.time.format.DateTimeFormatterBuilder,2016,0.031
org.joda.time.format.DateTimeFormatterBuilder,2042,0.031
org.joda.time.field.BaseDurationField,55,0.03
org.joda.time.chrono.AssembledChronology,120,0.03
org.joda.time.chrono.AssembledChronology,276,0.03
org.joda.time.format.DateTimeFormatterBuilder,1975,0.03
org.joda.time.format.DateTimeFormatterBuilder,1976,0.03
org.joda.time.format.DateTimeFormatterBuilder,1977,0.03
org.joda.time.format.DateTimeFormatterBuilder,1979,0.03
org.joda.time.format.DateTimeFormatterBuilder,1980,0.03
org.joda.time.format.DateTimeFormatterBuilder,1985,0.03
org.joda.time.format.DateTimeFormatterBuilder,1986,0.03
org.joda.time.format.DateTimeFormatterBuilder,1987,0.03
org.joda.time.format.DateTimeFormatterBuilder,1997,0.03
org.joda.time.format.DateTimeFormatterBuilder,2028,0.03
org.joda.time.format.DateTimeFormatterBuilder,2030,0.03
org.joda.time.format.DateTimeFormatterBuilder,2032,0.03
org.joda.time.format.DateTimeFormatterBuilder,2053,0.03
org.joda.time.format.DateTimeFormatterBuilder,2054,0.03
org.joda.time.format.DateTimeFormatterBuilder,2060,0.03
org.joda.time.chrono.AssembledChronology,118,0.03
org.joda.time.chrono.BasicGJChronology,102,0.03
org.joda.time.chrono.AssembledChronology,284,0.03
org.joda.time.DateTimeFieldType,182,0.03
org.joda.time.chrono.JulianChronology,125,0.029
org.joda.time.chrono.JulianChronology,129,0.029
org.joda.time.chrono.JulianChronology,130,0.029
org.joda.time.chrono.JulianChronology,131,0.029
org.joda.time.chrono.JulianChronology,136,0.029
org.joda.time.chrono.JulianChronology,140,0.029
org.joda.time.chrono.JulianChronology,141,0.029
org.joda.time.chrono.JulianChronology,151,0.029
org.joda.time.chrono.JulianChronology,152,0.029
org.joda.time.chrono.BasicChronology,563,0.029
org.joda.time.format.DateTimeFormatterBuilder,434,0.029
org.joda.time.format.DateTimeFormatterBuilder,437,0.029
org.joda.time.format.DateTimeFormatterBuilder,440,0.029
org.joda.time.format.DateTimeFormatterBuilder,443,0.029
org.joda.time.chrono.AssembledChronology,272,0.029
org.joda.time.chrono.AssembledChronology,107,0.028
org.joda.time.chrono.AssembledChronology,108,0.028
org.joda.time.DateTimeZone,1002,0.028
org.joda.time.DateTimeZone,1004,0.028
org.joda.time.DateTimeZone,1006,0.028
org.joda.time.DateTimeZone,1035,0.028
org.joda.time.DateTimeZone,1037,0.028
org.joda.time.DateTimeZone,1040,0.028
org.joda.time.chrono.BasicYearDateTimeField,63,0.028
org.joda.time.chrono.BasicYearDateTimeField,61,0.028
org.joda.time.chrono.BasicYearDateTimeField,62,0.028
org.joda.time.format.DateTimeFormat,181,0.028
org.joda.time.format.DateTimeFormat,698,0.028
org.joda.time.format.DateTimeFormat,699,0.028
org.joda.time.format.DateTimeFormat,685,0.028
