com.google.gson.DefaultDateTypeAdapter,49,0.686
com.google.gson.DefaultDateTypeAdapter,50,0.686
com.google.gson.DefaultDateTypeAdapter,51,0.686
com.google.gson.DefaultDateTypeAdapter,52,0.686
com.google.gson.internal.bind.DateTypeAdapter,41,0.588
com.google.gson.internal.bind.DateTypeAdapter,49,0.588
com.google.gson.internal.bind.DateTypeAdapter,50,0.588
com.google.gson.internal.bind.DateTypeAdapter,51,0.588
com.google.gson.internal.bind.DateTypeAdapter,52,0.588
com.google.gson.internal.bind.util.ISO8601Utils,268,0.555
com.google.gson.internal.bind.util.ISO8601Utils,264,0.555
com.google.gson.internal.bind.util.ISO8601Utils,265,0.555
com.google.gson.internal.bind.util.ISO8601Utils,269,0.555
com.google.gson.internal.bind.util.ISO8601Utils,270,0.555
com.google.gson.internal.bind.util.ISO8601Utils,271,0.555
com.google.gson.internal.bind.util.ISO8601Utils,274,0.555
com.google.gson.internal.bind.util.ISO8601Utils,275,0.555
com.google.gson.internal.bind.util.ISO8601Utils,276,0.555
com.google.gson.JsonParseException,52,0.555
com.google.gson.JsonParseException,53,0.555
com.google.gson.JsonSyntaxException,34,0.555
com.google.gson.JsonSyntaxException,35,0.555
com.google.gson.internal.bind.util.ISO8601Utils,30,0.496
com.google.gson.internal.bind.util.ISO8601Utils,124,0.496
com.google.gson.internal.bind.util.ISO8601Utils,126,0.496
com.google.gson.internal.bind.util.ISO8601Utils,129,0.496
com.google.gson.internal.bind.util.ISO8601Utils,301,0.496
com.google.gson.internal.bind.util.ISO8601Utils,305,0.496
com.google.gson.internal.bind.util.ISO8601Utils,306,0.496
com.google.gson.internal.bind.util.ISO8601Utils,308,0.496
com.google.gson.internal.bind.util.ISO8601Utils,309,0.496
com.google.gson.internal.bind.util.ISO8601Utils,310,0.496
com.google.gson.internal.bind.DateTypeAdapter,83,0.496
com.google.gson.internal.bind.DateTypeAdapter,84,0.496
com.google.gson.internal.bind.DateTypeAdapter,85,0.496
com.google.gson.DefaultDateTypeAdapter,74,0.485
com.google.gson.DefaultDateTypeAdapter,75,0.485
com.google.gson.DefaultDateTypeAdapter,78,0.485
com.google.gson.DefaultDateTypeAdapter,79,0.485
com.google.gson.DefaultDateTypeAdapter,80,0.485
com.google.gson.DefaultDateTypeAdapter,81,0.485
com.google.gson.internal.bind.util.ISO8601Utils,311,0.48
com.google.gson.internal.bind.DateTypeAdapter,79,0.453
com.google.gson.DefaultDateTypeAdapter,100,0.392
com.google.gson.DefaultDateTypeAdapter,125,0.392
com.google.gson.DefaultDateTypeAdapter,126,0.392
com.google.gson.DefaultDateTypeAdapter,128,0.392
com.google.gson.internal.bind.DateTypeAdapter,65,0.392
com.google.gson.internal.bind.DateTypeAdapter,68,0.392
com.google.gson.internal.bind.DateTypeAdapter,69,0.392
com.google.gson.internal.bind.DateTypeAdapter,72,0.392
com.google.gson.internal.bind.DateTypeAdapter,73,0.392
com.google.gson.internal.bind.DateTypeAdapter,74,0.392
com.google.gson.DefaultDateTypeAdapter,99,0.37
com.google.gson.DefaultDateTypeAdapter,119,0.32
com.google.gson.DefaultDateTypeAdapter,121,0.32
com.google.gson.DefaultDateTypeAdapter,122,0.32
com.google.gson.DefaultDateTypeAdapter,124,0.32
com.google.gson.internal.bind.TypeAdapters.26,578,0.32
com.google.gson.internal.bind.TypeAdapters.26,579,0.32
com.google.gson.internal.bind.DateTypeAdapter,59,0.32
com.google.gson.internal.bind.DateTypeAdapter,64,0.32
com.google.gson.TypeAdapter,259,0.296
com.google.gson.TypeAdapter,260,0.296
com.google.gson.TypeAdapter,273,0.296
com.google.gson.internal.bind.util.ISO8601Utils,318,0.277
com.google.gson.internal.bind.DateTypeAdapter,55,0.277
com.google.gson.DefaultDateTypeAdapter,87,0.251
com.google.gson.DefaultDateTypeAdapter,91,0.251
com.google.gson.DefaultDateTypeAdapter,92,0.251
com.google.gson.DefaultDateTypeAdapter,93,0.251
com.google.gson.DefaultDateTypeAdapter,94,0.251
com.google.gson.DefaultDateTypeAdapter,95,0.251
com.google.gson.DefaultDateTypeAdapter,102,0.21
com.google.gson.DefaultDateTypeAdapter,116,0.21
com.google.gson.DefaultDateTypeAdapter,118,0.21
com.google.gson.JsonParseException,42,0.21
com.google.gson.JsonParseException,43,0.21
com.google.gson.TypeAdapter,141,0.208
com.google.gson.TypeAdapter,142,0.208
com.google.gson.TypeAdapter,143,0.208
com.google.gson.TypeAdapter,215,0.208
com.google.gson.TypeAdapter,217,0.208
com.google.gson.TypeAdapter,220,0.208
com.google.gson.TypeAdapter,221,0.208
com.google.gson.internal.bind.util.ISO8601Utils,313,0.196
com.google.gson.internal.bind.util.ISO8601Utils,315,0.196
com.google.gson.internal.bind.util.ISO8601Utils,316,0.196
com.google.gson.internal.bind.util.ISO8601Utils,317,0.196
com.google.gson.internal.bind.TypeAdapters.26.1,581,0.196
com.google.gson.internal.bind.TypeAdapters.26.1,586,0.196
com.google.gson.internal.bind.TypeAdapters.26.1,587,0.196
com.google.gson.TypeAdapter,119,0.133
com.google.gson.stream.JsonWriter,419,0.13
com.google.gson.stream.JsonWriter,420,0.13
com.google.gson.stream.JsonWriter,418,0.13
com.google.gson.stream.JsonWriter,417,0.13
com.google.gson.stream.JsonWriter,414,0.127
com.google.gson.internal.Excluder,160,0.113
com.google.gson.stream.JsonWriter,591,0.112
com.google.gson.stream.JsonWriter,575,0.112
com.google.gson.stream.JsonWriter,573,0.112
com.google.gson.stream.JsonWriter,574,0.112
com.google.gson.stream.JsonWriter,570,0.111
com.google.gson.stream.JsonWriter,572,0.111
com.google.gson.stream.JsonWriter,565,0.111
com.google.gson.stream.JsonWriter,566,0.111
com.google.gson.stream.JsonWriter,567,0.111
com.google.gson.stream.JsonWriter,568,0.111
com.google.gson.stream.JsonWriter,569,0.111
com.google.gson.stream.JsonWriter,590,0.111
com.google.gson.stream.JsonWriter,593,0.111
com.google.gson.stream.JsonWriter,594,0.111
com.google.gson.stream.JsonWriter,405,0.095
com.google.gson.stream.JsonWriter,400,0.095
com.google.gson.stream.JsonWriter,376,0.094
com.google.gson.stream.JsonWriter,377,0.094
com.google.gson.stream.JsonWriter,629,0.094
com.google.gson.stream.JsonWriter,637,0.094
com.google.gson.stream.JsonWriter,638,0.094
com.google.gson.stream.JsonWriter,658,0.094
com.google.gson.stream.JsonWriter,366,0.094
com.google.gson.stream.JsonWriter,369,0.094
com.google.gson.stream.JsonWriter,197,0.09
com.google.gson.stream.JsonWriter,167,0.09
com.google.gson.stream.JsonWriter,168,0.09
com.google.gson.stream.JsonWriter,170,0.09
com.google.gson.stream.JsonWriter,182,0.09
com.google.gson.stream.JsonWriter,190,0.09
com.google.gson.stream.JsonWriter,198,0.09
com.google.gson.stream.JsonWriter,201,0.09
com.google.gson.stream.JsonWriter,202,0.09
com.google.gson.stream.JsonWriter,145,0.09
com.google.gson.stream.JsonWriter,146,0.09
com.google.gson.stream.JsonWriter,147,0.09
com.google.gson.stream.JsonWriter,149,0.09
com.google.gson.stream.JsonWriter,150,0.09
com.google.gson.stream.JsonWriter,151,0.09
com.google.gson.stream.JsonWriter,152,0.09
com.google.gson.stream.JsonWriter,153,0.09
com.google.gson.stream.JsonWriter,154,0.09
com.google.gson.stream.JsonWriter,155,0.09
com.google.gson.stream.JsonWriter,156,0.09
com.google.gson.stream.JsonWriter,157,0.09
com.google.gson.stream.JsonWriter,158,0.09
com.google.gson.stream.JsonWriter,159,0.09
com.google.gson.stream.JsonWriter,160,0.09
com.google.gson.stream.JsonWriter,161,0.09
com.google.gson.stream.JsonWriter,162,0.09
com.google.gson.stream.JsonWriter,354,0.09
com.google.gson.stream.JsonWriter,359,0.09
com.google.gson.stream.JsonWriter,360,0.09
com.google.gson.Gson,521,0.088
com.google.gson.stream.JsonReader,428,0.079
com.google.gson.stream.JsonToken,25,0.078
com.google.gson.stream.JsonToken,31,0.078
com.google.gson.stream.JsonToken,37,0.078
com.google.gson.stream.JsonToken,43,0.078
com.google.gson.stream.JsonToken,49,0.078
com.google.gson.stream.JsonToken,56,0.078
com.google.gson.stream.JsonToken,61,0.078
com.google.gson.stream.JsonToken,67,0.078
com.google.gson.stream.JsonToken,72,0.078
com.google.gson.stream.JsonToken,77,0.078
com.google.gson.stream.JsonToken,84,0.078
com.google.gson.stream.JsonToken,25,0.078
com.google.gson.internal.bind.DateTypeAdapter.1,45,0.078
com.google.gson.stream.JsonReader,425,0.078
com.google.gson.stream.JsonReader,423,0.077
com.google.gson.stream.JsonReader,424,0.077
com.google.gson.Gson,905,0.076
com.google.gson.Gson,174,0.074
com.google.gson.Gson,175,0.074
com.google.gson.Gson,178,0.074
com.google.gson.Gson,179,0.074
com.google.gson.stream.JsonReader,1384,0.074
com.google.gson.stream.JsonReader,1396,0.074
com.google.gson.stream.JsonReader,1397,0.074
com.google.gson.stream.JsonReader,550,0.073
com.google.gson.stream.JsonReader,1349,0.073
com.google.gson.stream.JsonReader,536,0.073
com.google.gson.stream.JsonReader,549,0.073
com.google.gson.stream.JsonReader,1296,0.073
com.google.gson.stream.JsonReader,1299,0.073
com.google.gson.stream.JsonReader,1305,0.073
com.google.gson.stream.JsonReader,1306,0.073
com.google.gson.stream.JsonReader,1336,0.073
com.google.gson.stream.JsonReader,1337,0.073
com.google.gson.stream.JsonReader,1340,0.073
com.google.gson.stream.JsonReader,1341,0.073
com.google.gson.stream.JsonReader,1345,0.073
com.google.gson.stream.JsonReader,533,0.073
com.google.gson.stream.JsonReader,1284,0.073
com.google.gson.stream.JsonReader,1285,0.073
com.google.gson.stream.JsonReader,1286,0.073
com.google.gson.stream.JsonReader,1290,0.073
com.google.gson.stream.JsonReader,1293,0.073
com.google.gson.stream.JsonReader,1295,0.073
com.google.gson.stream.JsonReader,1327,0.073
com.google.gson.stream.JsonReader,1328,0.073
com.google.gson.stream.JsonReader,1329,0.073
com.google.gson.stream.JsonReader,1331,0.073
com.google.gson.stream.JsonReader,1332,0.073
com.google.gson.stream.JsonReader,1333,0.073
com.google.gson.stream.JsonReader,462,0.073
com.google.gson.stream.JsonReader,463,0.073
com.google.gson.stream.JsonReader,465,0.073
com.google.gson.stream.JsonReader,516,0.073
com.google.gson.stream.JsonReader,293,0.073
com.google.gson.stream.JsonReader,294,0.073
com.google.gson.stream.JsonReader,289,0.072
com.google.gson.stream.JsonReader,230,0.072
com.google.gson.stream.JsonReader,238,0.072
com.google.gson.stream.JsonReader,239,0.072
com.google.gson.stream.JsonReader,240,0.072
com.google.gson.stream.JsonReader,242,0.072
com.google.gson.stream.JsonReader,243,0.072
com.google.gson.stream.JsonReader,245,0.072
com.google.gson.stream.JsonReader,269,0.072
com.google.gson.stream.JsonReader,270,0.072
com.google.gson.stream.JsonReader,272,0.072
com.google.gson.stream.JsonReader,283,0.072
com.google.gson.stream.JsonReader,284,0.072
com.google.gson.stream.JsonReader,290,0.072
com.google.gson.stream.JsonReader,192,0.072
com.google.gson.stream.JsonReader,1594,0.072
com.google.gson.stream.JsonReader,1616,0.072
com.google.gson.internal.JsonReaderInternalAccess,25,0.072
com.google.gson.stream.JsonReader,450,0.071
com.google.gson.internal.bind.TypeAdapters.33,849,0.069
com.google.gson.internal.bind.TypeAdapters.33,850,0.069
com.google.gson.stream.JsonReader,812,0.069
com.google.gson.internal.bind.TypeAdapters.32,836,0.067
com.google.gson.stream.JsonReader,1001,0.067
com.google.gson.stream.JsonReader,827,0.066
com.google.gson.stream.JsonReader,828,0.066
com.google.gson.stream.JsonReader,829,0.066
com.google.gson.Gson,580,0.066
com.google.gson.Gson,583,0.066
com.google.gson.internal.Excluder,117,0.066
com.google.gson.stream.JsonReader,1018,0.065
com.google.gson.stream.JsonReader,1022,0.065
com.google.gson.stream.JsonReader,998,0.065
com.google.gson.stream.JsonReader,999,0.065
com.google.gson.stream.JsonReader,1000,0.065
com.google.gson.internal.Excluder,205,0.065
com.google.gson.internal.Excluder,206,0.065
com.google.gson.internal.Excluder,212,0.065
com.google.gson.internal.Excluder,112,0.065
com.google.gson.internal.Excluder,113,0.065
com.google.gson.internal.Excluder,114,0.065
com.google.gson.internal.Excluder,116,0.065
com.google.gson.internal.bind.ObjectTypeAdapter.1,44,0.065
com.google.gson.internal.Excluder,201,0.065
com.google.gson.Gson,429,0.065
com.google.gson.internal.Excluder,197,0.065
com.google.gson.internal.bind.TypeAdapters.35,885,0.065
com.google.gson.internal.bind.ObjectTypeAdapter.1,41,0.065
com.google.gson.stream.JsonReader,1006,0.065
com.google.gson.internal.Excluder,216,0.065
com.google.gson.internal.Excluder,217,0.065
com.google.gson.internal.Excluder,192,0.065
com.google.gson.stream.JsonReader,810,0.065
com.google.gson.stream.JsonReader,987,0.065
com.google.gson.stream.JsonReader,988,0.065
com.google.gson.stream.JsonReader,990,0.065
com.google.gson.stream.JsonReader,991,0.065
com.google.gson.stream.JsonReader,993,0.065
com.google.gson.stream.JsonReader,994,0.065
com.google.gson.stream.JsonReader,995,0.065
com.google.gson.stream.JsonReader,997,0.065
com.google.gson.Gson,425,0.065
com.google.gson.Gson,426,0.065
com.google.gson.Gson,427,0.065
com.google.gson.Gson.FutureTypeAdapter,959,0.065
com.google.gson.Gson.FutureTypeAdapter,962,0.065
com.google.gson.Gson.FutureTypeAdapter,963,0.065
com.google.gson.Gson,399,0.065
com.google.gson.Gson,400,0.065
com.google.gson.Gson,404,0.065
com.google.gson.Gson,405,0.065
com.google.gson.Gson,406,0.065
com.google.gson.Gson,407,0.065
com.google.gson.Gson,408,0.065
com.google.gson.Gson,409,0.065
com.google.gson.Gson,413,0.065
com.google.gson.Gson,414,0.065
com.google.gson.Gson,419,0.065
com.google.gson.Gson,420,0.065
com.google.gson.Gson,422,0.065
com.google.gson.Gson,423,0.065
com.google.gson.Gson,424,0.065
com.google.gson.Gson,432,0.065
com.google.gson.Gson,434,0.065
com.google.gson.Gson,435,0.065
com.google.gson.reflect.TypeToken,94,0.065
com.google.gson.reflect.TypeToken,280,0.065
com.google.gson.internal.bind.TypeAdapters.35,883,0.065
com.google.gson.internal.bind.TypeAdapters.35,884,0.065
com.google.gson.Gson.FutureTypeAdapter,955,0.065
com.google.gson.reflect.TypeToken,296,0.065
com.google.gson.stream.JsonReader,805,0.064
com.google.gson.stream.JsonReader,806,0.064
com.google.gson.Gson,332,0.064
com.google.gson.Gson,186,0.064
com.google.gson.Gson,122,0.064
com.google.gson.Gson,125,0.064
com.google.gson.Gson,187,0.064
com.google.gson.Gson,188,0.064
com.google.gson.Gson,189,0.064
com.google.gson.Gson,190,0.064
com.google.gson.Gson,191,0.064
com.google.gson.Gson,192,0.064
com.google.gson.Gson,193,0.064
com.google.gson.Gson,194,0.064
com.google.gson.Gson,196,0.064
com.google.gson.Gson,199,0.064
com.google.gson.Gson,200,0.064
com.google.gson.Gson,203,0.064
com.google.gson.Gson,206,0.064
com.google.gson.Gson,209,0.064
com.google.gson.Gson,210,0.064
com.google.gson.Gson,211,0.064
com.google.gson.Gson,212,0.064
com.google.gson.Gson,213,0.064
com.google.gson.Gson,214,0.064
com.google.gson.Gson,215,0.064
com.google.gson.Gson,216,0.064
com.google.gson.Gson,217,0.064
com.google.gson.Gson,218,0.064
com.google.gson.Gson,219,0.064
com.google.gson.Gson,220,0.064
com.google.gson.Gson,221,0.064
com.google.gson.Gson,222,0.064
com.google.gson.Gson,223,0.064
com.google.gson.Gson,224,0.064
com.google.gson.Gson,225,0.064
com.google.gson.Gson,226,0.064
com.google.gson.Gson,227,0.064
com.google.gson.Gson,228,0.064
com.google.gson.Gson,229,0.064
com.google.gson.Gson,230,0.064
com.google.gson.Gson,231,0.064
com.google.gson.Gson,232,0.064
com.google.gson.Gson,233,0.064
com.google.gson.Gson,234,0.064
com.google.gson.Gson,235,0.064
com.google.gson.Gson,236,0.064
com.google.gson.Gson,237,0.064
com.google.gson.Gson,238,0.064
com.google.gson.Gson,239,0.064
com.google.gson.Gson,240,0.064
com.google.gson.Gson,241,0.064
com.google.gson.Gson,242,0.064
com.google.gson.Gson,243,0.064
com.google.gson.Gson,244,0.064
com.google.gson.Gson,247,0.064
com.google.gson.Gson,248,0.064
com.google.gson.Gson,249,0.064
com.google.gson.Gson,250,0.064
com.google.gson.Gson,251,0.064
com.google.gson.Gson,252,0.064
com.google.gson.Gson,255,0.064
com.google.gson.Gson,256,0.064
com.google.gson.Gson,112,0.064
com.google.gson.Gson,275,0.064
com.google.gson.Gson,278,0.064
com.google.gson.Gson,299,0.064
com.google.gson.Gson,302,0.064
com.google.gson.Gson,331,0.064
com.google.gson.Gson,353,0.064
com.google.gson.Gson,361,0.064
com.google.gson.Gson,365,0.064
com.google.gson.Gson,388,0.064
com.google.gson.FieldNamingPolicy,31,0.064
com.google.gson.FieldNamingPolicy,37,0.064
com.google.gson.FieldNamingPolicy,53,0.064
com.google.gson.FieldNamingPolicy,72,0.064
com.google.gson.FieldNamingPolicy,90,0.064
com.google.gson.FieldNamingPolicy,113,0.064
com.google.gson.FieldNamingPolicy,31,0.064
com.google.gson.internal.ConstructorConstructor,51,0.064
com.google.gson.internal.ConstructorConstructor,52,0.064
com.google.gson.internal.ConstructorConstructor,53,0.064
com.google.gson.internal.bind.ObjectTypeAdapter,38,0.064
com.google.gson.internal.bind.DateTypeAdapter,42,0.064
com.google.gson.internal.bind.TimeTypeAdapter,41,0.064
com.google.gson.internal.bind.SqlDateTypeAdapter,39,0.064
com.google.gson.internal.bind.ArrayTypeAdapter,39,0.064
com.google.gson.internal.bind.CollectionTypeAdapterFactory,39,0.064
com.google.gson.internal.bind.CollectionTypeAdapterFactory,40,0.064
com.google.gson.internal.bind.CollectionTypeAdapterFactory,41,0.064
com.google.gson.internal.bind.MapTypeAdapterFactory,110,0.064
com.google.gson.internal.bind.MapTypeAdapterFactory,111,0.064
com.google.gson.internal.bind.MapTypeAdapterFactory,112,0.064
com.google.gson.internal.bind.MapTypeAdapterFactory,113,0.064
com.google.gson.internal.bind.JsonAdapterAnnotationTypeAdapterFactory,37,0.064
com.google.gson.internal.bind.JsonAdapterAnnotationTypeAdapterFactory,38,0.064
com.google.gson.internal.bind.JsonAdapterAnnotationTypeAdapterFactory,39,0.064
com.google.gson.internal.bind.ReflectiveTypeAdapterFactory,55,0.064
com.google.gson.internal.bind.ReflectiveTypeAdapterFactory,56,0.064
com.google.gson.internal.bind.ReflectiveTypeAdapterFactory,57,0.064
com.google.gson.internal.bind.ReflectiveTypeAdapterFactory,58,0.064
com.google.gson.internal.bind.ReflectiveTypeAdapterFactory,59,0.064
com.google.gson.internal.bind.ReflectiveTypeAdapterFactory,60,0.064
com.google.gson.reflect.TypeToken,303,0.064
com.google.gson.internal..Gson.Types,130,0.064
com.google.gson.LongSerializationPolicy,27,0.064
com.google.gson.LongSerializationPolicy,34,0.064
com.google.gson.LongSerializationPolicy,45,0.064
com.google.gson.LongSerializationPolicy,27,0.064
com.google.gson.reflect.TypeToken,71,0.064
com.google.gson.reflect.TypeToken,72,0.064
com.google.gson.reflect.TypeToken,73,0.064
com.google.gson.reflect.TypeToken,74,0.064
com.google.gson.reflect.TypeToken,75,0.064
com.google.gson.internal..Gson.Types,128,0.063
com.google.gson.internal.Excluder,50,0.063
com.google.gson.internal.Excluder,54,0.063
com.google.gson.internal.Excluder,55,0.063
com.google.gson.internal.Excluder,56,0.063
com.google.gson.internal.Excluder,58,0.063
com.google.gson.internal.Excluder,59,0.063
com.google.gson.internal.Excluder,52,0.063
com.google.gson.internal..Gson.Types,40,0.063
com.google.gson.internal..Gson.Types,104,0.063
com.google.gson.internal..Gson.Types,105,0.063
com.google.gson.internal..Gson.Types,106,0.063
com.google.gson.internal..Gson.Preconditions,38,0.063
com.google.gson.internal..Gson.Preconditions,41,0.063
com.google.gson.TypeAdapter,186,0.062
com.google.gson.internal.bind.TypeAdapters,69,0.062
com.google.gson.internal.bind.TypeAdapters,80,0.062
com.google.gson.internal.bind.TypeAdapters,82,0.062
com.google.gson.internal.bind.TypeAdapters,84,0.062
com.google.gson.internal.bind.TypeAdapters,129,0.062
com.google.gson.internal.bind.TypeAdapters,131,0.062
com.google.gson.internal.bind.TypeAdapters,133,0.062
com.google.gson.internal.bind.TypeAdapters,155,0.062
com.google.gson.internal.bind.TypeAdapters,169,0.062
com.google.gson.internal.bind.TypeAdapters,170,0.062
com.google.gson.internal.bind.TypeAdapters,172,0.062
com.google.gson.internal.bind.TypeAdapters,192,0.062
com.google.gson.internal.bind.TypeAdapters,193,0.062
com.google.gson.internal.bind.TypeAdapters,195,0.062
com.google.gson.internal.bind.TypeAdapters,214,0.062
com.google.gson.internal.bind.TypeAdapters,215,0.062
com.google.gson.internal.bind.TypeAdapters,217,0.062
com.google.gson.internal.bind.TypeAdapters,235,0.062
com.google.gson.internal.bind.TypeAdapters,236,0.062
com.google.gson.internal.bind.TypeAdapters,238,0.062
com.google.gson.internal.bind.TypeAdapters,249,0.062
com.google.gson.internal.bind.TypeAdapters,250,0.062
com.google.gson.internal.bind.TypeAdapters,251,0.062
com.google.gson.internal.bind.TypeAdapters,253,0.062
com.google.gson.internal.bind.TypeAdapters,260,0.062
com.google.gson.internal.bind.TypeAdapters,261,0.062
com.google.gson.internal.bind.TypeAdapters,262,0.062
com.google.gson.internal.bind.TypeAdapters,264,0.062
com.google.gson.internal.bind.TypeAdapters,291,0.062
com.google.gson.internal.bind.TypeAdapters,292,0.062
com.google.gson.internal.bind.TypeAdapters,293,0.062
com.google.gson.internal.bind.TypeAdapters,295,0.062
com.google.gson.internal.bind.TypeAdapters,314,0.062
com.google.gson.internal.bind.TypeAdapters,329,0.062
com.google.gson.internal.bind.TypeAdapters,344,0.062
com.google.gson.internal.bind.TypeAdapters,365,0.062
com.google.gson.internal.bind.TypeAdapters,367,0.062
com.google.gson.internal.bind.TypeAdapters,386,0.062
com.google.gson.internal.bind.TypeAdapters,387,0.062
com.google.gson.internal.bind.TypeAdapters,389,0.062
com.google.gson.internal.bind.TypeAdapters,409,0.062
com.google.gson.internal.bind.TypeAdapters,427,0.062
com.google.gson.internal.bind.TypeAdapters,445,0.062
com.google.gson.internal.bind.TypeAdapters,447,0.062
com.google.gson.internal.bind.TypeAdapters,462,0.062
com.google.gson.internal.bind.TypeAdapters,463,0.062
com.google.gson.internal.bind.TypeAdapters,465,0.062
com.google.gson.internal.bind.TypeAdapters,480,0.062
com.google.gson.internal.bind.TypeAdapters,481,0.062
com.google.gson.internal.bind.TypeAdapters,483,0.062
com.google.gson.internal.bind.TypeAdapters,499,0.062
com.google.gson.internal.bind.TypeAdapters,501,0.062
com.google.gson.internal.bind.TypeAdapters,521,0.062
com.google.gson.internal.bind.TypeAdapters,523,0.062
com.google.gson.internal.bind.TypeAdapters,539,0.062
com.google.gson.internal.bind.TypeAdapters,540,0.062
com.google.gson.internal.bind.TypeAdapters,542,0.062
com.google.gson.internal.bind.TypeAdapters,557,0.062
com.google.gson.internal.bind.TypeAdapters,559,0.062
com.google.gson.internal.bind.TypeAdapters,568,0.062
com.google.gson.internal.bind.TypeAdapters,569,0.062
com.google.gson.internal.bind.TypeAdapters,571,0.062
com.google.gson.internal.bind.TypeAdapters,592,0.062
com.google.gson.internal.bind.TypeAdapters,657,0.062
com.google.gson.internal.bind.TypeAdapters,658,0.062
com.google.gson.internal.bind.TypeAdapters,660,0.062
com.google.gson.internal.bind.TypeAdapters,695,0.062
com.google.gson.internal.bind.TypeAdapters,697,0.062
com.google.gson.internal.bind.TypeAdapters,769,0.062
com.google.gson.internal.bind.TypeAdapters,770,0.062
com.google.gson.internal.bind.TypeAdapters,807,0.062
com.google.gson.internal.bind.TypeAdapters,833,0.062
com.google.gson.internal.bind.TypeAdapters,846,0.062
com.google.gson.internal.bind.TypeAdapters,861,0.062
com.google.gson.internal.bind.TypeAdapters,880,0.062
com.google.gson.stream.JsonReader,813,0.062
com.google.gson.stream.JsonReader,568,0.061
com.google.gson.stream.JsonReader,567,0.061
com.google.gson.Gson,604,0.06
com.google.gson.Gson,651,0.06
com.google.gson.Gson,652,0.06
com.google.gson.Gson,602,0.059
com.google.gson.Gson,603,0.059
com.google.gson.Gson,647,0.059
com.google.gson.Gson,648,0.059
com.google.gson.Gson,713,0.058
com.google.gson.Gson,716,0.058
com.google.gson.Gson,717,0.058
com.google.gson.Gson,720,0.058
com.google.gson.Gson,721,0.058
com.google.gson.internal.Streams,76,0.058
com.google.gson.Gson,677,0.058
com.google.gson.Gson,662,0.057
com.google.gson.Gson,663,0.057
com.google.gson.Gson,664,0.057
com.google.gson.Gson,665,0.057
com.google.gson.Gson,666,0.057
com.google.gson.Gson,667,0.057
com.google.gson.Gson,669,0.057
com.google.gson.Gson,673,0.057
com.google.gson.Gson,674,0.057
com.google.gson.Gson,675,0.057
com.google.gson.Gson,676,0.057
com.google.gson.Gson,661,0.057
com.google.gson.stream.JsonWriter,253,0.056
com.google.gson.stream.JsonWriter,254,0.056
com.google.gson.stream.JsonWriter,261,0.056
com.google.gson.stream.JsonWriter,277,0.056
com.google.gson.stream.JsonWriter,242,0.056
com.google.gson.stream.JsonWriter,269,0.056
com.google.gson.stream.JsonWriter,270,0.056
com.google.gson.stream.JsonWriter,235,0.055
com.google.gson.stream.JsonWriter,236,0.055
com.google.gson.stream.JsonReader,445,0.05
com.google.gson.stream.JsonReader,815,0.046
com.google.gson.internal.bind.MapTypeAdapterFactory.Adapter,207,0.046
com.google.gson.internal.bind.MapTypeAdapterFactory.Adapter,208,0.046
com.google.gson.internal.bind.MapTypeAdapterFactory.Adapter,209,0.046
com.google.gson.stream.JsonReader,570,0.045
com.google.gson.stream.JsonReader,612,0.044
com.google.gson.stream.JsonReader,613,0.044
com.google.gson.stream.JsonReader,614,0.044
com.google.gson.internal.bind.MapTypeAdapterFactory.Adapter,205,0.043
com.google.gson.internal.bind.MapTypeAdapterFactory.Adapter,206,0.043
com.google.gson.internal.bind.MapTypeAdapterFactory.Adapter,210,0.043
com.google.gson.internal.bind.MapTypeAdapterFactory.Adapter,211,0.043
com.google.gson.stream.JsonReader,1411,0.043
com.google.gson.internal.bind.MapTypeAdapterFactory.Adapter,204,0.042
com.google.gson.internal.bind.MapTypeAdapterFactory.Adapter,199,0.04
com.google.gson.stream.JsonReader,814,0.04
com.google.gson.stream.JsonReader,1408,0.04
com.google.gson.internal.bind.TypeAdapters.26,574,0.04
com.google.gson.internal.bind.SqlDateTypeAdapter.1,42,0.039
com.google.gson.internal.bind.SqlDateTypeAdapter.1,43,0.039
com.google.gson.internal.bind.TimeTypeAdapter.1,44,0.039
com.google.gson.internal.bind.TypeAdapters.34,864,0.039
com.google.gson.internal.bind.TypeAdapters.34,865,0.039
com.google.gson.internal.ConstructorConstructor,205,0.036
com.google.gson.Gson,773,0.034
com.google.gson.internal.ConstructorConstructor,197,0.033
com.google.gson.internal.ConstructorConstructor,198,0.033
com.google.gson.internal.bind.ObjectTypeAdapter,50,0.033
com.google.gson.internal.bind.ObjectTypeAdapter,51,0.033
com.google.gson.internal.bind.ObjectTypeAdapter,52,0.033
com.google.gson.internal.bind.ObjectTypeAdapter.1,42,0.033
com.google.gson.internal.ConstructorConstructor,191,0.033
com.google.gson.internal.ConstructorConstructor,185,0.032
com.google.gson.internal.ConstructorConstructor,179,0.032
com.google.gson.Gson,800,0.03
com.google.gson.Gson,801,0.03
com.google.gson.Gson,797,0.03
com.google.gson.Gson,851,0.03
com.google.gson.Gson,852,0.03
com.google.gson.Gson,728,0.03
com.google.gson.Gson,729,0.03
com.google.gson.Gson,730,0.03
com.google.gson.Gson,886,0.029
com.google.gson.Gson,887,0.029
com.google.gson.internal..Gson.Types,323,0.029
com.google.gson.internal..Gson.Types,325,0.029
com.google.gson.internal..Gson.Types,326,0.029
com.google.gson.internal..Gson.Types,327,0.029
com.google.gson.Gson,884,0.029
com.google.gson.Gson,885,0.029
com.google.gson.Gson,879,0.029
com.google.gson.Gson,880,0.029
com.google.gson.Gson,881,0.029
com.google.gson.Gson,883,0.029
com.google.gson.Gson,904,0.029
com.google.gson.stream.JsonReader,581,0.029
com.google.gson.stream.JsonReader,637,0.029
com.google.gson.stream.JsonReader,638,0.029
com.google.gson.stream.JsonReader,1585,0.029
com.google.gson.stream.JsonReader,1583,0.029
com.google.gson.stream.JsonReader,1584,0.029
com.google.gson.internal.bind.MapTypeAdapterFactory,142,0.029
com.google.gson.internal..Gson.Types,319,0.029
com.google.gson.internal.bind.MapTypeAdapterFactory,123,0.029
com.google.gson.internal.bind.MapTypeAdapterFactory,124,0.029
com.google.gson.internal.bind.MapTypeAdapterFactory,125,0.029
com.google.gson.internal.bind.MapTypeAdapterFactory,126,0.029
com.google.gson.internal.bind.MapTypeAdapterFactory,127,0.029
com.google.gson.internal.bind.MapTypeAdapterFactory,131,0.029
com.google.gson.internal.bind.MapTypeAdapterFactory,133,0.029
com.google.gson.internal.bind.MapTypeAdapterFactory,140,0.029
com.google.gson.internal.bind.MapTypeAdapterFactory.Adapter,152,0.029
com.google.gson.internal.bind.MapTypeAdapterFactory.Adapter,153,0.029
com.google.gson.internal.bind.MapTypeAdapterFactory.Adapter,155,0.029
com.google.gson.internal.bind.MapTypeAdapterFactory.Adapter,157,0.029
com.google.gson.internal.bind.MapTypeAdapterFactory.Adapter,158,0.029
com.google.gson.stream.JsonReader,631,0.028
com.google.gson.stream.JsonReader,333,0.028
com.google.gson.stream.JsonReader,1287,0.027
com.google.gson.stream.JsonReader,1288,0.027
com.google.gson.internal.ConstructorConstructor,94,0.027
com.google.gson.internal.ConstructorConstructor,213,0.027
com.google.gson.internal.ConstructorConstructor,218,0.027
com.google.gson.stream.JsonReader,1577,0.027
com.google.gson.stream.JsonReader,1579,0.027
com.google.gson.stream.JsonReader,534,0.027
com.google.gson.stream.JsonReader,1576,0.027
com.google.gson.internal.UnsafeAllocator,31,0.027
com.google.gson.internal.UnsafeAllocator,40,0.027
com.google.gson.internal.UnsafeAllocator,41,0.027
com.google.gson.internal.UnsafeAllocator,42,0.027
com.google.gson.internal.UnsafeAllocator,43,0.027
com.google.gson.internal.UnsafeAllocator,44,0.027
com.google.gson.internal.UnsafeAllocator,45,0.027
com.google.gson.stream.JsonReader,326,0.026
com.google.gson.stream.JsonReader,327,0.026
com.google.gson.internal.bind.ReflectiveTypeAdapterFactory,155,0.026
com.google.gson.stream.JsonReader,620,0.026
com.google.gson.stream.JsonReader,621,0.026
com.google.gson.stream.JsonReader,622,0.026
com.google.gson.stream.JsonReader,625,0.026
com.google.gson.stream.JsonReader,626,0.026
com.google.gson.internal..Gson.Types,389,0.025
com.google.gson.internal.bind.TypeAdapterRuntimeTypeWrapper,59,0.024
com.google.gson.internal.bind.TypeAdapterRuntimeTypeWrapper,56,0.023
com.google.gson.internal.bind.TypeAdapterRuntimeTypeWrapper,57,0.023
com.google.gson.internal.ConstructorConstructor,90,0.023
com.google.gson.internal.ConstructorConstructor,178,0.022
com.google.gson.internal.bind.ReflectiveTypeAdapterFactory.1,126,0.021
com.google.gson.internal.bind.ReflectiveTypeAdapterFactory.Adapter,245,0.021
com.google.gson.internal.bind.ReflectiveTypeAdapterFactory.Adapter,242,0.021
com.google.gson.internal.bind.ReflectiveTypeAdapterFactory.Adapter,243,0.021
com.google.gson.internal.bind.ReflectiveTypeAdapterFactory.1,122,0.021
com.google.gson.internal.bind.ReflectiveTypeAdapterFactory.1,123,0.021
com.google.gson.internal.bind.ReflectiveTypeAdapterFactory.1,124,0.021
com.google.gson.internal.bind.ReflectiveTypeAdapterFactory.1,125,0.021
com.google.gson.internal.bind.ReflectiveTypeAdapterFactory.Adapter,241,0.021
com.google.gson.internal.bind.ReflectiveTypeAdapterFactory.1,135,0.021
com.google.gson.internal.bind.ReflectiveTypeAdapterFactory.1,136,0.021
com.google.gson.internal.bind.ReflectiveTypeAdapterFactory.1,137,0.021
com.google.gson.internal.bind.ReflectiveTypeAdapterFactory.Adapter,248,0.021
com.google.gson.internal.bind.ReflectiveTypeAdapterFactory.Adapter,249,0.021
com.google.gson.internal.bind.ReflectiveTypeAdapterFactory.Adapter,250,0.021
com.google.gson.internal..Gson.Types.ParameterizedTypeImpl,489,0.021
com.google.gson.internal.bind.ReflectiveTypeAdapterFactory.Adapter,240,0.021
com.google.gson.internal.bind.ReflectiveTypeAdapterFactory.Adapter,238,0.021
com.google.gson.internal..Gson.Types,278,0.021
com.google.gson.internal..Gson.Types,279,0.021
com.google.gson.internal..Gson.Types,280,0.021
com.google.gson.internal.bind.ReflectiveTypeAdapterFactory.Adapter,233,0.021
com.google.gson.internal..Gson.Types,109,0.02
com.google.gson.internal..Gson.Types,110,0.02
com.google.gson.internal..Gson.Types,111,0.02
com.google.gson.internal..Gson.Types,133,0.02
com.google.gson.internal..Gson.Types,138,0.02
com.google.gson.internal..Gson.Types,139,0.02
com.google.gson.internal..Gson.Types,140,0.02
com.google.gson.internal..Gson.Types,224,0.02
com.google.gson.internal..Gson.Types.ParameterizedTypeImpl,485,0.02
com.google.gson.internal..Gson.Types.ParameterizedTypeImpl,498,0.02
com.google.gson.internal..Gson.Types.ParameterizedTypeImpl,499,0.02
com.google.gson.internal..Gson.Types.ParameterizedTypeImpl,500,0.02
com.google.gson.internal..Gson.Types,370,0.02
com.google.gson.internal..Gson.Types,371,0.02
com.google.gson.internal..Gson.Types,372,0.02
com.google.gson.internal..Gson.Types,373,0.02
com.google.gson.internal..Gson.Types,375,0.02
com.google.gson.internal..Gson.Types,376,0.02
com.google.gson.internal..Gson.Types,377,0.02
com.google.gson.internal..Gson.Types,378,0.02
com.google.gson.internal..Gson.Types,387,0.02
com.google.gson.stream.JsonReader,430,0.02
com.google.gson.internal..Gson.Types,238,0.02
com.google.gson.internal..Gson.Types,237,0.02
com.google.gson.internal..Gson.Types.ParameterizedTypeImpl,481,0.02
com.google.gson.stream.JsonWriter,402,0.02
com.google.gson.stream.JsonWriter,403,0.02
com.google.gson.stream.JsonWriter,618,0.02
com.google.gson.stream.JsonWriter,619,0.02
com.google.gson.stream.JsonWriter,620,0.02
com.google.gson.stream.JsonWriter,651,0.02
com.google.gson.stream.JsonWriter,652,0.02
com.google.gson.stream.JsonWriter,653,0.02
com.google.gson.stream.JsonWriter,401,0.019
com.google.gson.stream.JsonWriter,612,0.019
com.google.gson.stream.JsonWriter,613,0.019
com.google.gson.stream.JsonWriter,615,0.019
com.google.gson.internal..Gson.Types.ParameterizedTypeImpl,461,0.019
com.google.gson.internal..Gson.Types.ParameterizedTypeImpl,463,0.019
com.google.gson.internal..Gson.Types.ParameterizedTypeImpl,464,0.019
com.google.gson.internal..Gson.Types.ParameterizedTypeImpl,465,0.019
com.google.gson.internal..Gson.Types.ParameterizedTypeImpl,466,0.019
com.google.gson.internal..Gson.Types.ParameterizedTypeImpl,467,0.019
com.google.gson.internal..Gson.Types.ParameterizedTypeImpl,470,0.019
com.google.gson.internal..Gson.Types.ParameterizedTypeImpl,471,0.019
com.google.gson.internal..Gson.Types.ParameterizedTypeImpl,472,0.019
com.google.gson.internal..Gson.Types.ParameterizedTypeImpl,473,0.019
com.google.gson.internal..Gson.Types.ParameterizedTypeImpl,474,0.019
com.google.gson.internal..Gson.Types.ParameterizedTypeImpl,475,0.019
com.google.gson.internal..Gson.Types.ParameterizedTypeImpl,476,0.019
com.google.gson.internal..Gson.Types.ParameterizedTypeImpl,478,0.019
com.google.gson.internal..Gson.Types,453,0.019
com.google.gson.internal..Gson.Types,454,0.019
com.google.gson.stream.JsonWriter,395,0.019
com.google.gson.stream.JsonWriter,396,0.019
com.google.gson.stream.JsonWriter,389,0.019
com.google.gson.stream.JsonWriter,392,0.019
com.google.gson.stream.JsonWriter,386,0.019
com.google.gson.internal..Gson.Types,108,0.019
com.google.gson.stream.JsonWriter,317,0.019
com.google.gson.GsonBuilder,588,0.019
com.google.gson.GsonBuilder,593,0.019
com.google.gson.internal.ConstructorConstructor,88,0.019
com.google.gson.internal.ConstructorConstructor,89,0.019
com.google.gson.internal.ConstructorConstructor,122,0.019
com.google.gson.internal.ConstructorConstructor,123,0.019
com.google.gson.internal.ConstructorConstructor,134,0.019
com.google.gson.stream.JsonWriter,307,0.019
com.google.gson.stream.JsonWriter,308,0.019
com.google.gson.GsonBuilder,562,0.019
com.google.gson.GsonBuilder,563,0.019
com.google.gson.GsonBuilder,564,0.019
com.google.gson.GsonBuilder,566,0.019
com.google.gson.GsonBuilder,567,0.019
com.google.gson.GsonBuilder,568,0.019
com.google.gson.GsonBuilder,570,0.019
com.google.gson.GsonBuilder,572,0.019
com.google.gson.GsonBuilder,584,0.019
com.google.gson.stream.JsonReader,574,0.018
com.google.gson.GsonBuilder,104,0.018
com.google.gson.GsonBuilder,79,0.018
com.google.gson.GsonBuilder,80,0.018
com.google.gson.GsonBuilder,81,0.018
com.google.gson.GsonBuilder,82,0.018
com.google.gson.GsonBuilder,84,0.018
com.google.gson.GsonBuilder,86,0.018
com.google.gson.GsonBuilder,87,0.018
com.google.gson.GsonBuilder,89,0.018
com.google.gson.GsonBuilder,90,0.018
com.google.gson.GsonBuilder,91,0.018
com.google.gson.GsonBuilder,92,0.018
com.google.gson.GsonBuilder,93,0.018
com.google.gson.GsonBuilder,94,0.018
com.google.gson.GsonBuilder,95,0.018
com.google.gson.GsonBuilder,96,0.018
com.google.gson.GsonBuilder,105,0.018
com.google.gson.internal.bind.TypeAdapterRuntimeTypeWrapper,78,0.018
com.google.gson.internal.bind.TypeAdapterRuntimeTypeWrapper,70,0.018
com.google.gson.internal.bind.TypeAdapterRuntimeTypeWrapper,53,0.018
com.google.gson.internal.bind.TypeAdapterRuntimeTypeWrapper,54,0.018
com.google.gson.internal.bind.TypeAdapterRuntimeTypeWrapper,55,0.018
com.google.gson.internal.bind.TypeAdapterRuntimeTypeWrapper,69,0.018
com.google.gson.internal.bind.TypeAdapterRuntimeTypeWrapper,76,0.018
com.google.gson.internal.bind.TypeAdapterRuntimeTypeWrapper,80,0.018
com.google.gson.stream.JsonReader,611,0.017
com.google.gson.FieldNamingPolicy.1,39,0.017
com.google.gson.stream.JsonReader,607,0.017
com.google.gson.internal.bind.ReflectiveTypeAdapterFactory,74,0.017
com.google.gson.internal.bind.ReflectiveTypeAdapterFactory,75,0.017
com.google.gson.internal..Gson.Types,132,0.017
com.google.gson.stream.JsonWriter,598,0.017
com.google.gson.internal.bind.ReflectiveTypeAdapterFactory,72,0.017
com.google.gson.internal.bind.ReflectiveTypeAdapterFactory,73,0.017
com.google.gson.internal.bind.ReflectiveTypeAdapterFactory,106,0.017
com.google.gson.internal.bind.ReflectiveTypeAdapterFactory,108,0.017
com.google.gson.internal.bind.ReflectiveTypeAdapterFactory,109,0.017
com.google.gson.internal.bind.ReflectiveTypeAdapterFactory,110,0.017
com.google.gson.internal.bind.ReflectiveTypeAdapterFactory,114,0.017
com.google.gson.internal.bind.ReflectiveTypeAdapterFactory,115,0.017
com.google.gson.internal.bind.ReflectiveTypeAdapterFactory,117,0.017
com.google.gson.internal.bind.ReflectiveTypeAdapterFactory,118,0.017
com.google.gson.internal.bind.ReflectiveTypeAdapterFactory,157,0.017
com.google.gson.internal.bind.ReflectiveTypeAdapterFactory,158,0.017
com.google.gson.internal.bind.ReflectiveTypeAdapterFactory,159,0.017
com.google.gson.internal.bind.ReflectiveTypeAdapterFactory,160,0.017
com.google.gson.internal.bind.ReflectiveTypeAdapterFactory,161,0.017
com.google.gson.internal.bind.ReflectiveTypeAdapterFactory,162,0.017
com.google.gson.internal.bind.ReflectiveTypeAdapterFactory,163,0.017
com.google.gson.internal.bind.ReflectiveTypeAdapterFactory,164,0.017
com.google.gson.internal.bind.ReflectiveTypeAdapterFactory,165,0.017
com.google.gson.internal.bind.ReflectiveTypeAdapterFactory,166,0.017
com.google.gson.internal.bind.ReflectiveTypeAdapterFactory,167,0.017
com.google.gson.internal.bind.ReflectiveTypeAdapterFactory,169,0.017
com.google.gson.internal.bind.ReflectiveTypeAdapterFactory.BoundField,185,0.017
com.google.gson.internal.bind.ReflectiveTypeAdapterFactory.BoundField,186,0.017
com.google.gson.internal.bind.ReflectiveTypeAdapterFactory.BoundField,187,0.017
com.google.gson.internal.bind.ReflectiveTypeAdapterFactory.BoundField,188,0.017
com.google.gson.internal.bind.ReflectiveTypeAdapterFactory.BoundField,189,0.017
com.google.gson.internal.Primitives,72,0.017
com.google.gson.internal.bind.ReflectiveTypeAdapterFactory,63,0.017
com.google.gson.internal.bind.ReflectiveTypeAdapterFactory,67,0.017
com.google.gson.internal.bind.ReflectiveTypeAdapterFactory,152,0.017
com.google.gson.internal.bind.ReflectiveTypeAdapterFactory,153,0.017
com.google.gson.internal.bind.ReflectiveTypeAdapterFactory,154,0.017
com.google.gson.internal.bind.ReflectiveTypeAdapterFactory,174,0.017
com.google.gson.internal.bind.ReflectiveTypeAdapterFactory,175,0.017
com.google.gson.internal.bind.ReflectiveTypeAdapterFactory,176,0.017
com.google.gson.internal.bind.ReflectiveTypeAdapterFactory,177,0.017
com.google.gson.internal.bind.ReflectiveTypeAdapterFactory,148,0.017
com.google.gson.internal.bind.ReflectiveTypeAdapterFactory,149,0.017
com.google.gson.internal.bind.ReflectiveTypeAdapterFactory,150,0.017
com.google.gson.internal.bind.ReflectiveTypeAdapterFactory,151,0.017
com.google.gson.internal.bind.ReflectiveTypeAdapterFactory.Adapter,199,0.017
com.google.gson.internal.bind.ReflectiveTypeAdapterFactory.Adapter,200,0.017
com.google.gson.internal.bind.ReflectiveTypeAdapterFactory.Adapter,201,0.017
com.google.gson.internal.bind.ReflectiveTypeAdapterFactory.Adapter,202,0.017
com.google.gson.internal.bind.TypeAdapters.30,812,0.016
com.google.gson.internal.bind.ReflectiveTypeAdapterFactory,93,0.016
com.google.gson.internal.bind.ReflectiveTypeAdapterFactory,95,0.016
com.google.gson.internal.bind.ReflectiveTypeAdapterFactory,99,0.016
com.google.gson.internal.bind.ReflectiveTypeAdapterFactory,100,0.016
com.google.gson.internal.bind.ReflectiveTypeAdapterFactory,143,0.016
com.google.gson.internal.bind.ReflectiveTypeAdapterFactory,144,0.016
com.google.gson.internal.Excluder,174,0.016
com.google.gson.internal.Excluder,178,0.016
com.google.gson.internal.Excluder,179,0.016
com.google.gson.internal.Excluder,188,0.016
com.google.gson.internal.Excluder,170,0.016
com.google.gson.stream.JsonWriter,347,0.016
com.google.gson.internal.Excluder,159,0.016
com.google.gson.internal.Excluder,163,0.016
com.google.gson.internal.bind.JsonAdapterAnnotationTypeAdapterFactory,47,0.016
com.google.gson.stream.JsonWriter,597,0.016
com.google.gson.internal.Excluder,150,0.016
com.google.gson.internal.Excluder,154,0.016
com.google.gson.internal.bind.TypeAdapters.30,810,0.016
com.google.gson.internal.bind.TypeAdapters.30,811,0.016
com.google.gson.stream.JsonReader,580,0.016
com.google.gson.stream.JsonReader,576,0.016
com.google.gson.stream.JsonReader,579,0.016
com.google.gson.stream.JsonReader,599,0.016
com.google.gson.stream.JsonReader,603,0.016
com.google.gson.internal.bind.MapTypeAdapterFactory,120,0.016
com.google.gson.internal.bind.JsonAdapterAnnotationTypeAdapterFactory,44,0.016
com.google.gson.internal.bind.JsonAdapterAnnotationTypeAdapterFactory,45,0.016
com.google.gson.internal.bind.JsonAdapterAnnotationTypeAdapterFactory,46,0.016
com.google.gson.stream.JsonWriter,345,0.016
com.google.gson.stream.JsonWriter,346,0.016
com.google.gson.stream.JsonWriter,349,0.016
com.google.gson.stream.JsonWriter,350,0.016
com.google.gson.stream.JsonWriter,341,0.016
com.google.gson.stream.JsonWriter,337,0.016
com.google.gson.stream.JsonWriter,338,0.016
com.google.gson.stream.JsonWriter,325,0.015
com.google.gson.stream.JsonWriter,326,0.015
com.google.gson.stream.JsonWriter,327,0.015
com.google.gson.stream.JsonWriter,328,0.015
com.google.gson.internal.bind.TypeAdapterRuntimeTypeWrapper,33,0.015
com.google.gson.internal.bind.TypeAdapterRuntimeTypeWrapper,34,0.015
com.google.gson.internal.bind.TypeAdapterRuntimeTypeWrapper,35,0.015
com.google.gson.internal.bind.TypeAdapterRuntimeTypeWrapper,36,0.015
com.google.gson.internal.bind.TypeAdapterRuntimeTypeWrapper,37,0.015
com.google.gson.internal.bind.CollectionTypeAdapterFactory,49,0.015
com.google.gson.internal.bind.MapTypeAdapterFactory,116,0.015
com.google.gson.internal.bind.MapTypeAdapterFactory,118,0.015
com.google.gson.internal.bind.MapTypeAdapterFactory,119,0.015
com.google.gson.stream.JsonReader,1309,0.014
com.google.gson.internal..Gson.Types,333,0.014
com.google.gson.internal..Gson.Types,340,0.014
com.google.gson.internal..Gson.Types,353,0.014
com.google.gson.internal..Gson.Types,361,0.014
com.google.gson.internal..Gson.Types,369,0.014
com.google.gson.internal..Gson.Types,391,0.014
com.google.gson.internal..Gson.Types,410,0.014
com.google.gson.internal.ConstructorConstructor,83,0.014
com.google.gson.internal.ConstructorConstructor,84,0.014
com.google.gson.internal.ConstructorConstructor,99,0.014
com.google.gson.internal.ConstructorConstructor,73,0.014
com.google.gson.internal.ConstructorConstructor,74,0.014
com.google.gson.internal.ConstructorConstructor,75,0.014
com.google.gson.internal.ConstructorConstructor,56,0.014
com.google.gson.internal.ConstructorConstructor,57,0.014
com.google.gson.internal.ConstructorConstructor,62,0.014
com.google.gson.internal.ConstructorConstructor,63,0.014
com.google.gson.internal.bind.CollectionTypeAdapterFactory,45,0.014
com.google.gson.internal.bind.CollectionTypeAdapterFactory,47,0.014
com.google.gson.internal.bind.CollectionTypeAdapterFactory,48,0.014
com.google.gson.internal.bind.ArrayTypeAdapter.1,44,0.014
com.google.gson.internal..Gson.Preconditions,45,0.014
com.google.gson.internal..Gson.Preconditions,48,0.014
com.google.gson.internal.Primitives,45,0.014
com.google.gson.internal.Primitives,46,0.014
com.google.gson.internal.Primitives,48,0.014
com.google.gson.internal.Primitives,49,0.014
com.google.gson.internal.Primitives,50,0.014
com.google.gson.internal.Primitives,51,0.014
com.google.gson.internal.Primitives,52,0.014
com.google.gson.internal.Primitives,53,0.014
com.google.gson.internal.Primitives,54,0.014
com.google.gson.internal.Primitives,55,0.014
com.google.gson.internal.Primitives,56,0.014
com.google.gson.internal.Primitives,58,0.014
com.google.gson.internal.Primitives,59,0.014
com.google.gson.internal.Primitives,60,0.014
com.google.gson.internal.Primitives,64,0.014
com.google.gson.internal.Primitives,65,0.014
com.google.gson.internal.Primitives,66,0.014
com.google.gson.internal.bind.TypeAdapters.26,575,0.013
com.google.gson.internal.bind.ArrayTypeAdapter.1,42,0.013
com.google.gson.internal.bind.ArrayTypeAdapter.1,43,0.013
com.google.gson.reflect.TypeToken,101,0.013
