com.fasterxml.jackson.core.base.GeneratorBase,298,1
com.fasterxml.jackson.core.base.GeneratorBase,299,1
com.fasterxml.jackson.core.json.UTF8JsonGenerator,1887,1
com.fasterxml.jackson.core.JsonProcessingException,127,0.707
com.fasterxml.jackson.core.json.UTF8JsonGenerator,572,0.707
com.fasterxml.jackson.core.json.UTF8JsonGenerator,573,0.707
com.fasterxml.jackson.core.json.UTF8JsonGenerator,629,0.707
com.fasterxml.jackson.core.json.UTF8JsonGenerator,630,0.707
com.fasterxml.jackson.core.json.UTF8JsonGenerator,631,0.707
com.fasterxml.jackson.core.json.UTF8JsonGenerator,634,0.707
com.fasterxml.jackson.core.json.UTF8JsonGenerator,637,0.707
com.fasterxml.jackson.core.json.UTF8JsonGenerator,638,0.707
com.fasterxml.jackson.core.json.UTF8JsonGenerator,639,0.707
com.fasterxml.jackson.core.json.UTF8JsonGenerator,642,0.707
com.fasterxml.jackson.core.json.UTF8JsonGenerator,645,0.707
com.fasterxml.jackson.core.json.UTF8JsonGenerator,646,0.707
com.fasterxml.jackson.core.json.UTF8JsonGenerator,649,0.707
com.fasterxml.jackson.core.json.UTF8JsonGenerator,650,0.707
com.fasterxml.jackson.core.json.UTF8JsonGenerator,653,0.707
com.fasterxml.jackson.core.json.UTF8JsonGenerator,654,0.707
com.fasterxml.jackson.core.json.UTF8JsonGenerator,658,0.707
com.fasterxml.jackson.core.json.UTF8JsonGenerator,660,0.707
com.fasterxml.jackson.core.base.GeneratorBase,429,0.577
com.fasterxml.jackson.core.base.GeneratorBase,433,0.577
com.fasterxml.jackson.core.base.GeneratorBase,434,0.577
com.fasterxml.jackson.core.json.UTF8JsonGenerator,1883,0.577
com.fasterxml.jackson.core.json.UTF8JsonGenerator,1884,0.577
com.fasterxml.jackson.core.json.UTF8JsonGenerator,1886,0.577
com.fasterxml.jackson.core.json.UTF8JsonGenerator,1889,0.577
com.fasterxml.jackson.core.json.UTF8JsonGenerator,1890,0.577
com.fasterxml.jackson.core.json.UTF8JsonGenerator,1902,0.577
com.fasterxml.jackson.core.json.UTF8JsonGenerator,1903,0.577
com.fasterxml.jackson.core.json.UTF8JsonGenerator,1906,0.577
com.fasterxml.jackson.core.json.UTF8JsonGenerator,1907,0.577
com.fasterxml.jackson.core.json.UTF8JsonGenerator,1908,0.577
com.fasterxml.jackson.core.json.UTF8JsonGenerator,1909,0.577
com.fasterxml.jackson.core.json.UTF8JsonGenerator,1910,0.577
com.fasterxml.jackson.core.json.UTF8JsonGenerator,1911,0.577
com.fasterxml.jackson.core.JsonGenerator,1723,0.378
com.fasterxml.jackson.core.json.UTF8JsonGenerator,525,0.302
com.fasterxml.jackson.core.json.UTF8JsonGenerator,533,0.302
com.fasterxml.jackson.core.json.UTF8JsonGenerator,534,0.302
com.fasterxml.jackson.core.json.UTF8JsonGenerator,535,0.302
com.fasterxml.jackson.core.json.UTF8JsonGenerator,536,0.302
com.fasterxml.jackson.core.json.UTF8JsonGenerator,569,0.289
com.fasterxml.jackson.core.json.UTF8JsonGenerator,570,0.289
com.fasterxml.jackson.core.JsonGenerationException,48,0.289
com.fasterxml.jackson.core.JsonGenerationException,49,0.289
com.fasterxml.jackson.core.JsonGenerationException,50,0.289
com.fasterxml.jackson.core.JsonFactory,1099,0.204
com.fasterxml.jackson.core.json.UTF8JsonGenerator,932,0.171
com.fasterxml.jackson.core.json.UTF8JsonGenerator,949,0.171
com.fasterxml.jackson.core.JsonFactory,1395,0.152
com.fasterxml.jackson.core.json.UTF8JsonGenerator,926,0.152
com.fasterxml.jackson.core.json.UTF8JsonGenerator,927,0.152
com.fasterxml.jackson.core.json.UTF8JsonGenerator,930,0.152
com.fasterxml.jackson.core.JsonFactory,1081,0.151
com.fasterxml.jackson.core.JsonFactory,1082,0.151
com.fasterxml.jackson.core.JsonFactory,1083,0.151
com.fasterxml.jackson.core.JsonFactory,1084,0.151
com.fasterxml.jackson.core.JsonFactory,1331,0.151
com.fasterxml.jackson.core.JsonFactory,1333,0.151
com.fasterxml.jackson.core.JsonFactory,1336,0.151
com.fasterxml.jackson.core.JsonFactory,1337,0.151
com.fasterxml.jackson.core.JsonFactory,1340,0.151
com.fasterxml.jackson.core.JsonFactory,1389,0.151
com.fasterxml.jackson.core.json.UTF8JsonGenerator,103,0.149
com.fasterxml.jackson.core.json.UTF8JsonGenerator,104,0.149
com.fasterxml.jackson.core.json.UTF8JsonGenerator,105,0.149
com.fasterxml.jackson.core.json.UTF8JsonGenerator,106,0.149
com.fasterxml.jackson.core.json.UTF8JsonGenerator,107,0.149
com.fasterxml.jackson.core.json.UTF8JsonGenerator,113,0.149
com.fasterxml.jackson.core.json.UTF8JsonGenerator,114,0.149
com.fasterxml.jackson.core.json.UTF8JsonGenerator,115,0.149
com.fasterxml.jackson.core.json.UTF8JsonGenerator,118,0.149
com.fasterxml.jackson.core.json.UTF8JsonGenerator,121,0.149
com.fasterxml.jackson.core.json.UTF8JsonGenerator,30,0.149
com.fasterxml.jackson.core.json.UTF8JsonGenerator,32,0.149
com.fasterxml.jackson.core.json.UTF8JsonGenerator,33,0.149
com.fasterxml.jackson.core.json.UTF8JsonGenerator,34,0.149
com.fasterxml.jackson.core.JsonProcessingException,92,0.146
com.fasterxml.jackson.core.JsonProcessingException,104,0.146
com.fasterxml.jackson.core.JsonProcessingException,105,0.146
com.fasterxml.jackson.core.JsonProcessingException,108,0.146
com.fasterxml.jackson.core.JsonProcessingException,109,0.146
com.fasterxml.jackson.core.JsonProcessingException,111,0.146
com.fasterxml.jackson.core.JsonProcessingException,124,0.146
com.fasterxml.jackson.core.JsonProcessingException,54,0.144
com.fasterxml.jackson.core.io.IOContext,159,0.143
com.fasterxml.jackson.core.io.IOContext,160,0.143
com.fasterxml.jackson.core.JsonProcessingException,25,0.141
com.fasterxml.jackson.core.JsonProcessingException,26,0.141
com.fasterxml.jackson.core.JsonProcessingException,29,0.141
com.fasterxml.jackson.core.JsonProcessingException,30,0.141
com.fasterxml.jackson.core.JsonProcessingException,37,0.141
com.fasterxml.jackson.core.JsonProcessingException,38,0.141
com.fasterxml.jackson.core.io.CharTypes,256,0.128
com.fasterxml.jackson.core.json.JsonWriteContext,184,0.09
com.fasterxml.jackson.core.json.JsonWriteContext,194,0.09
com.fasterxml.jackson.core.json.JsonWriteContext,202,0.09
com.fasterxml.jackson.core.json.JsonWriteContext,203,0.09
com.fasterxml.jackson.core.base.GeneratorBase,136,0.089
com.fasterxml.jackson.core.JsonGenerator.Feature,243,0.088
com.fasterxml.jackson.core.JsonGenerator,267,0.088
com.fasterxml.jackson.core.base.GeneratorBase,92,0.088
com.fasterxml.jackson.core.base.GeneratorBase,93,0.088
com.fasterxml.jackson.core.base.GeneratorBase,94,0.088
com.fasterxml.jackson.core.base.GeneratorBase,95,0.088
com.fasterxml.jackson.core.base.GeneratorBase,97,0.088
com.fasterxml.jackson.core.base.GeneratorBase,98,0.088
com.fasterxml.jackson.core.base.GeneratorBase,99,0.088
com.fasterxml.jackson.core.base.GeneratorBase,29,0.088
com.fasterxml.jackson.core.json.JsonGeneratorImpl,103,0.088
com.fasterxml.jackson.core.json.JsonGeneratorImpl,53,0.088
com.fasterxml.jackson.core.json.JsonGeneratorImpl,84,0.088
com.fasterxml.jackson.core.json.JsonGeneratorImpl,104,0.088
com.fasterxml.jackson.core.json.JsonGeneratorImpl,105,0.088
com.fasterxml.jackson.core.json.JsonGeneratorImpl,109,0.088
com.fasterxml.jackson.core.json.JsonGeneratorImpl,110,0.088
com.fasterxml.jackson.core.json.JsonGeneratorImpl,31,0.088
com.fasterxml.jackson.core.json.JsonWriteContext,70,0.088
com.fasterxml.jackson.core.json.JsonWriteContext,71,0.088
com.fasterxml.jackson.core.json.JsonWriteContext,72,0.088
com.fasterxml.jackson.core.json.JsonWriteContext,73,0.088
com.fasterxml.jackson.core.json.JsonWriteContext,74,0.088
com.fasterxml.jackson.core.json.JsonWriteContext,75,0.088
com.fasterxml.jackson.core.json.JsonWriteContext,115,0.088
com.fasterxml.jackson.core.io.IOContext,193,0.088
com.fasterxml.jackson.core.io.IOContext,194,0.088
com.fasterxml.jackson.core.util.BufferRecycler,86,0.087
com.fasterxml.jackson.core.util.BufferRecycler,90,0.087
com.fasterxml.jackson.core.util.BufferRecycler,91,0.087
com.fasterxml.jackson.core.util.BufferRecycler,92,0.087
com.fasterxml.jackson.core.util.BufferRecycler,94,0.087
com.fasterxml.jackson.core.util.BufferRecycler,95,0.087
com.fasterxml.jackson.core.util.BufferRecycler,96,0.087
com.fasterxml.jackson.core.util.BufferRecycler,100,0.087
com.fasterxml.jackson.core.util.BufferRecycler,142,0.087
com.fasterxml.jackson.core.util.BufferRecycler,155,0.087
com.fasterxml.jackson.core.io.CharTypes,211,0.083
com.fasterxml.jackson.core.io.IOContext,109,0.079
com.fasterxml.jackson.core.io.IOContext,110,0.079
com.fasterxml.jackson.core.JsonEncoding,33,0.079
com.fasterxml.jackson.core.JsonEncoding,34,0.079
com.fasterxml.jackson.core.JsonEncoding,35,0.079
com.fasterxml.jackson.core.JsonEncoding,36,0.079
com.fasterxml.jackson.core.JsonEncoding,37,0.079
com.fasterxml.jackson.core.JsonEncoding,19,0.079
com.fasterxml.jackson.core.JsonEncoding,20,0.079
com.fasterxml.jackson.core.JsonEncoding,21,0.079
com.fasterxml.jackson.core.JsonEncoding,22,0.079
com.fasterxml.jackson.core.JsonEncoding,23,0.079
com.fasterxml.jackson.core.JsonEncoding,18,0.079
com.fasterxml.jackson.core.util.BufferRecycler,114,0.071
com.fasterxml.jackson.core.io.IOContext,269,0.061
com.fasterxml.jackson.core.io.IOContext,270,0.061
com.fasterxml.jackson.core.util.BufferRecycler,120,0.06
com.fasterxml.jackson.core.JsonFactory,1432,0.06
com.fasterxml.jackson.core.JsonFactory,1433,0.06
com.fasterxml.jackson.core.JsonFactory,1435,0.06
com.fasterxml.jackson.core.JsonFactory,1436,0.06
com.fasterxml.jackson.core.JsonFactory,1437,0.06
com.fasterxml.jackson.core.JsonFactory,1439,0.06
com.fasterxml.jackson.core.util.BufferRecycler,118,0.06
com.fasterxml.jackson.core.util.BufferRecycler,119,0.06
com.fasterxml.jackson.core.util.BufferRecycler,122,0.06
com.fasterxml.jackson.core.util.BufferRecycler,123,0.06
com.fasterxml.jackson.core.util.BufferRecycler,124,0.06
com.fasterxml.jackson.core.util.BufferRecycler,128,0.06
com.fasterxml.jackson.core.util.BufferRecycler,146,0.06
com.fasterxml.jackson.core.util.BufferRecycler,156,0.06
com.fasterxml.jackson.core.JsonFactory,1431,0.06
com.fasterxml.jackson.core.JsonFactory,1442,0.06
com.fasterxml.jackson.core.JsonFactory,1450,0.06
com.fasterxml.jackson.core.JsonStreamContext,43,0.059
com.fasterxml.jackson.core.JsonFactory,554,0.059
com.fasterxml.jackson.core.io.IOContext,102,0.059
com.fasterxml.jackson.core.io.IOContext,103,0.059
com.fasterxml.jackson.core.io.IOContext,104,0.059
com.fasterxml.jackson.core.io.IOContext,105,0.059
com.fasterxml.jackson.core.io.IOContext,106,0.059
com.fasterxml.jackson.core.JsonFactory,282,0.059
com.fasterxml.jackson.core.JsonFactory,284,0.059
com.fasterxml.jackson.core.JsonFactory,195,0.059
com.fasterxml.jackson.core.JsonFactory,206,0.059
com.fasterxml.jackson.core.JsonFactory,226,0.059
com.fasterxml.jackson.core.JsonFactory,231,0.059
com.fasterxml.jackson.core.JsonFactory,236,0.059
com.fasterxml.jackson.core.JsonFactory,264,0.059
com.fasterxml.jackson.core.JsonFactory,160,0.059
com.fasterxml.jackson.core.JsonFactory,166,0.059
com.fasterxml.jackson.core.JsonFactory,172,0.059
com.fasterxml.jackson.core.JsonFactory,174,0.059
com.fasterxml.jackson.core.JsonFactory,187,0.059
com.fasterxml.jackson.core.JsonParser.Feature,236,0.059
com.fasterxml.jackson.core.JsonParser.Feature,237,0.059
com.fasterxml.jackson.core.JsonParser.Feature,238,0.059
com.fasterxml.jackson.core.JsonParser.Feature,239,0.059
com.fasterxml.jackson.core.JsonParser.Feature,59,0.059
com.fasterxml.jackson.core.JsonParser.Feature,75,0.059
com.fasterxml.jackson.core.JsonParser.Feature,89,0.059
com.fasterxml.jackson.core.JsonParser.Feature,100,0.059
com.fasterxml.jackson.core.JsonParser.Feature,113,0.059
com.fasterxml.jackson.core.JsonParser.Feature,126,0.059
com.fasterxml.jackson.core.JsonParser.Feature,137,0.059
com.fasterxml.jackson.core.JsonParser.Feature,149,0.059
com.fasterxml.jackson.core.JsonParser.Feature,169,0.059
com.fasterxml.jackson.core.JsonParser.Feature,187,0.059
com.fasterxml.jackson.core.JsonParser.Feature,211,0.059
com.fasterxml.jackson.core.JsonParser.Feature,43,0.059
com.fasterxml.jackson.core.JsonParser.Feature,227,0.059
com.fasterxml.jackson.core.JsonParser.Feature,228,0.059
com.fasterxml.jackson.core.JsonParser.Feature,229,0.059
com.fasterxml.jackson.core.JsonParser.Feature,230,0.059
com.fasterxml.jackson.core.JsonParser.Feature,233,0.059
com.fasterxml.jackson.core.JsonParser.Feature,241,0.059
com.fasterxml.jackson.core.JsonParser.Feature,248,0.059
com.fasterxml.jackson.core.JsonGenerator.Feature,233,0.059
com.fasterxml.jackson.core.JsonGenerator.Feature,234,0.059
com.fasterxml.jackson.core.JsonGenerator.Feature,235,0.059
com.fasterxml.jackson.core.JsonGenerator.Feature,236,0.059
com.fasterxml.jackson.core.JsonGenerator.Feature,49,0.059
com.fasterxml.jackson.core.JsonGenerator.Feature,61,0.059
com.fasterxml.jackson.core.JsonGenerator.Feature,74,0.059
com.fasterxml.jackson.core.JsonGenerator.Feature,87,0.059
com.fasterxml.jackson.core.JsonGenerator.Feature,101,0.059
com.fasterxml.jackson.core.JsonGenerator.Feature,118,0.059
com.fasterxml.jackson.core.JsonGenerator.Feature,130,0.059
com.fasterxml.jackson.core.JsonGenerator.Feature,147,0.059
com.fasterxml.jackson.core.JsonGenerator.Feature,190,0.059
com.fasterxml.jackson.core.JsonGenerator.Feature,212,0.059
com.fasterxml.jackson.core.JsonGenerator.Feature,33,0.059
com.fasterxml.jackson.core.JsonGenerator.Feature,224,0.059
com.fasterxml.jackson.core.JsonGenerator.Feature,225,0.059
com.fasterxml.jackson.core.JsonGenerator.Feature,226,0.059
com.fasterxml.jackson.core.JsonGenerator.Feature,227,0.059
com.fasterxml.jackson.core.JsonGenerator.Feature,230,0.059
com.fasterxml.jackson.core.JsonGenerator.Feature,238,0.059
com.fasterxml.jackson.core.JsonGenerator.Feature,245,0.059
com.fasterxml.jackson.core.sym.CharsToNameCanonicalizer,223,0.059
com.fasterxml.jackson.core.sym.CharsToNameCanonicalizer,225,0.059
com.fasterxml.jackson.core.sym.CharsToNameCanonicalizer,226,0.059
com.fasterxml.jackson.core.util.DefaultPrettyPrinter,28,0.059
com.fasterxml.jackson.core.sym.ByteQuadsCanonicalizer,288,0.059
com.fasterxml.jackson.core.sym.ByteQuadsCanonicalizer,290,0.059
com.fasterxml.jackson.core.sym.ByteQuadsCanonicalizer,291,0.059
com.fasterxml.jackson.core.io.CharTypes,7,0.059
com.fasterxml.jackson.core.io.CharTypes,10,0.059
com.fasterxml.jackson.core.io.CharTypes,11,0.059
com.fasterxml.jackson.core.io.CharTypes,12,0.059
com.fasterxml.jackson.core.io.CharTypes,13,0.059
com.fasterxml.jackson.core.io.CharTypes,28,0.059
com.fasterxml.jackson.core.io.CharTypes,30,0.059
com.fasterxml.jackson.core.io.CharTypes,31,0.059
com.fasterxml.jackson.core.io.CharTypes,34,0.059
com.fasterxml.jackson.core.io.CharTypes,35,0.059
com.fasterxml.jackson.core.io.CharTypes,36,0.059
com.fasterxml.jackson.core.io.CharTypes,45,0.059
com.fasterxml.jackson.core.io.CharTypes,46,0.059
com.fasterxml.jackson.core.io.CharTypes,47,0.059
com.fasterxml.jackson.core.io.CharTypes,51,0.059
com.fasterxml.jackson.core.io.CharTypes,52,0.059
com.fasterxml.jackson.core.io.CharTypes,53,0.059
com.fasterxml.jackson.core.io.CharTypes,54,0.059
com.fasterxml.jackson.core.io.CharTypes,55,0.059
com.fasterxml.jackson.core.io.CharTypes,57,0.059
com.fasterxml.jackson.core.io.CharTypes,60,0.059
com.fasterxml.jackson.core.io.CharTypes,62,0.059
com.fasterxml.jackson.core.io.CharTypes,64,0.059
com.fasterxml.jackson.core.io.CharTypes,75,0.059
com.fasterxml.jackson.core.io.CharTypes,77,0.059
com.fasterxml.jackson.core.io.CharTypes,79,0.059
com.fasterxml.jackson.core.io.CharTypes,80,0.059
com.fasterxml.jackson.core.io.CharTypes,81,0.059
com.fasterxml.jackson.core.io.CharTypes,87,0.059
com.fasterxml.jackson.core.io.CharTypes,88,0.059
com.fasterxml.jackson.core.io.CharTypes,89,0.059
com.fasterxml.jackson.core.io.CharTypes,90,0.059
com.fasterxml.jackson.core.io.CharTypes,91,0.059
com.fasterxml.jackson.core.io.CharTypes,92,0.059
com.fasterxml.jackson.core.io.CharTypes,102,0.059
com.fasterxml.jackson.core.io.CharTypes,104,0.059
com.fasterxml.jackson.core.io.CharTypes,105,0.059
com.fasterxml.jackson.core.io.CharTypes,106,0.059
com.fasterxml.jackson.core.io.CharTypes,115,0.059
com.fasterxml.jackson.core.io.CharTypes,117,0.059
com.fasterxml.jackson.core.io.CharTypes,120,0.059
com.fasterxml.jackson.core.io.CharTypes,121,0.059
com.fasterxml.jackson.core.io.CharTypes,122,0.059
com.fasterxml.jackson.core.io.CharTypes,123,0.059
com.fasterxml.jackson.core.io.CharTypes,124,0.059
com.fasterxml.jackson.core.io.CharTypes,125,0.059
com.fasterxml.jackson.core.io.CharTypes,136,0.059
com.fasterxml.jackson.core.io.CharTypes,137,0.059
com.fasterxml.jackson.core.io.CharTypes,142,0.059
com.fasterxml.jackson.core.io.CharTypes,143,0.059
com.fasterxml.jackson.core.io.CharTypes,144,0.059
com.fasterxml.jackson.core.io.CharTypes,145,0.059
com.fasterxml.jackson.core.io.CharTypes,146,0.059
com.fasterxml.jackson.core.io.CharTypes,147,0.059
com.fasterxml.jackson.core.io.CharTypes,148,0.059
com.fasterxml.jackson.core.io.CharTypes,149,0.059
com.fasterxml.jackson.core.io.CharTypes,158,0.059
com.fasterxml.jackson.core.io.CharTypes,160,0.059
com.fasterxml.jackson.core.io.CharTypes,162,0.059
com.fasterxml.jackson.core.io.CharTypes,167,0.059
com.fasterxml.jackson.core.io.CharTypes,168,0.059
com.fasterxml.jackson.core.io.CharTypes,170,0.059
com.fasterxml.jackson.core.io.CharTypes,171,0.059
com.fasterxml.jackson.core.io.CharTypes,172,0.059
com.fasterxml.jackson.core.io.CharTypes,173,0.059
com.fasterxml.jackson.core.io.CharTypes,174,0.059
com.fasterxml.jackson.core.io.CharTypes,175,0.059
com.fasterxml.jackson.core.io.CharTypes,183,0.059
com.fasterxml.jackson.core.io.CharTypes,185,0.059
com.fasterxml.jackson.core.io.CharTypes,186,0.059
com.fasterxml.jackson.core.io.CharTypes,187,0.059
com.fasterxml.jackson.core.io.CharTypes,189,0.059
com.fasterxml.jackson.core.io.CharTypes,190,0.059
com.fasterxml.jackson.core.io.CharTypes,191,0.059
com.fasterxml.jackson.core.io.CharTypes,193,0.059
com.fasterxml.jackson.core.io.SerializedString,49,0.059
com.fasterxml.jackson.core.io.SerializedString,50,0.059
com.fasterxml.jackson.core.io.SerializedString,53,0.059
com.fasterxml.jackson.core.io.SerializedString,54,0.059
com.fasterxml.jackson.core.util.BufferRecycler,62,0.058
com.fasterxml.jackson.core.util.BufferRecycler,63,0.058
com.fasterxml.jackson.core.util.BufferRecycler,71,0.058
com.fasterxml.jackson.core.util.BufferRecycler,72,0.058
com.fasterxml.jackson.core.util.BufferRecycler,73,0.058
com.fasterxml.jackson.core.util.BufferRecycler,74,0.058
com.fasterxml.jackson.core.util.BufferRecycler,45,0.058
com.fasterxml.jackson.core.util.BufferRecycler,46,0.058
com.fasterxml.jackson.core.sym.CharsToNameCanonicalizer,236,0.058
com.fasterxml.jackson.core.sym.CharsToNameCanonicalizer,238,0.058
com.fasterxml.jackson.core.sym.CharsToNameCanonicalizer,239,0.058
com.fasterxml.jackson.core.sym.CharsToNameCanonicalizer,241,0.058
com.fasterxml.jackson.core.sym.CharsToNameCanonicalizer,242,0.058
com.fasterxml.jackson.core.sym.CharsToNameCanonicalizer,243,0.058
com.fasterxml.jackson.core.sym.CharsToNameCanonicalizer,244,0.058
com.fasterxml.jackson.core.sym.CharsToNameCanonicalizer,245,0.058
com.fasterxml.jackson.core.sym.CharsToNameCanonicalizer,265,0.058
com.fasterxml.jackson.core.sym.CharsToNameCanonicalizer,266,0.058
com.fasterxml.jackson.core.sym.CharsToNameCanonicalizer,268,0.058
com.fasterxml.jackson.core.sym.CharsToNameCanonicalizer,269,0.058
com.fasterxml.jackson.core.sym.CharsToNameCanonicalizer,271,0.058
com.fasterxml.jackson.core.sym.CharsToNameCanonicalizer,272,0.058
com.fasterxml.jackson.core.sym.CharsToNameCanonicalizer,273,0.058
com.fasterxml.jackson.core.sym.CharsToNameCanonicalizer,274,0.058
com.fasterxml.jackson.core.sym.CharsToNameCanonicalizer,276,0.058
com.fasterxml.jackson.core.sym.CharsToNameCanonicalizer,277,0.058
com.fasterxml.jackson.core.sym.CharsToNameCanonicalizer,278,0.058
com.fasterxml.jackson.core.sym.CharsToNameCanonicalizer,279,0.058
com.fasterxml.jackson.core.sym.CharsToNameCanonicalizer,282,0.058
com.fasterxml.jackson.core.sym.CharsToNameCanonicalizer,283,0.058
com.fasterxml.jackson.core.sym.CharsToNameCanonicalizer,93,0.058
com.fasterxml.jackson.core.sym.CharsToNameCanonicalizer,230,0.058
com.fasterxml.jackson.core.sym.CharsToNameCanonicalizer,249,0.058
com.fasterxml.jackson.core.sym.CharsToNameCanonicalizer,250,0.058
com.fasterxml.jackson.core.sym.CharsToNameCanonicalizer,252,0.058
com.fasterxml.jackson.core.sym.CharsToNameCanonicalizer,253,0.058
com.fasterxml.jackson.core.sym.CharsToNameCanonicalizer,254,0.058
com.fasterxml.jackson.core.sym.CharsToNameCanonicalizer,256,0.058
com.fasterxml.jackson.core.sym.CharsToNameCanonicalizer,257,0.058
com.fasterxml.jackson.core.sym.CharsToNameCanonicalizer,259,0.058
com.fasterxml.jackson.core.sym.CharsToNameCanonicalizer,320,0.058
com.fasterxml.jackson.core.sym.ByteQuadsCanonicalizer,222,0.058
com.fasterxml.jackson.core.sym.ByteQuadsCanonicalizer,223,0.058
com.fasterxml.jackson.core.sym.ByteQuadsCanonicalizer,224,0.058
com.fasterxml.jackson.core.sym.ByteQuadsCanonicalizer,225,0.058
com.fasterxml.jackson.core.sym.ByteQuadsCanonicalizer,226,0.058
com.fasterxml.jackson.core.sym.ByteQuadsCanonicalizer,228,0.058
com.fasterxml.jackson.core.sym.ByteQuadsCanonicalizer,233,0.058
com.fasterxml.jackson.core.sym.ByteQuadsCanonicalizer,241,0.058
com.fasterxml.jackson.core.sym.ByteQuadsCanonicalizer,242,0.058
com.fasterxml.jackson.core.sym.ByteQuadsCanonicalizer,299,0.058
com.fasterxml.jackson.core.sym.ByteQuadsCanonicalizer,1193,0.058
com.fasterxml.jackson.core.sym.ByteQuadsCanonicalizer,1196,0.058
com.fasterxml.jackson.core.sym.ByteQuadsCanonicalizer,1197,0.058
com.fasterxml.jackson.core.sym.ByteQuadsCanonicalizer.TableInfo,1234,0.058
com.fasterxml.jackson.core.sym.ByteQuadsCanonicalizer.TableInfo,1235,0.058
com.fasterxml.jackson.core.sym.ByteQuadsCanonicalizer.TableInfo,1236,0.058
com.fasterxml.jackson.core.sym.ByteQuadsCanonicalizer.TableInfo,1237,0.058
com.fasterxml.jackson.core.sym.ByteQuadsCanonicalizer.TableInfo,1238,0.058
com.fasterxml.jackson.core.sym.ByteQuadsCanonicalizer.TableInfo,1239,0.058
com.fasterxml.jackson.core.sym.ByteQuadsCanonicalizer.TableInfo,1240,0.058
com.fasterxml.jackson.core.sym.ByteQuadsCanonicalizer.TableInfo,1241,0.058
com.fasterxml.jackson.core.sym.ByteQuadsCanonicalizer.TableInfo,1242,0.058
com.fasterxml.jackson.core.sym.ByteQuadsCanonicalizer.TableInfo,1256,0.058
com.fasterxml.jackson.core.sym.ByteQuadsCanonicalizer.TableInfo,1257,0.058
com.fasterxml.jackson.core.sym.ByteQuadsCanonicalizer.TableInfo,1259,0.058
com.fasterxml.jackson.core.JsonFactory.Feature,131,0.058
com.fasterxml.jackson.core.JsonFactory.Feature,132,0.058
com.fasterxml.jackson.core.JsonFactory.Feature,133,0.058
com.fasterxml.jackson.core.JsonFactory.Feature,135,0.058
com.fasterxml.jackson.core.JsonFactory.Feature,140,0.058
com.fasterxml.jackson.core.JsonFactory.Feature,138,0.057
com.fasterxml.jackson.core.JsonFactory.Feature,76,0.057
com.fasterxml.jackson.core.JsonFactory.Feature,86,0.057
com.fasterxml.jackson.core.JsonFactory.Feature,102,0.057
com.fasterxml.jackson.core.JsonFactory.Feature,117,0.057
com.fasterxml.jackson.core.JsonFactory.Feature,57,0.057
com.fasterxml.jackson.core.JsonFactory.Feature,141,0.057
com.fasterxml.jackson.core.JsonFactory.Feature,142,0.057
